drug_id,drug_name,generic_name,brand_name,category,dosage_form,strength,manufacturer,therapeutic_class,pack_size,prescription_status,storage_condition,shelf_life_months,ABC_class,VEN_class,unit_cost,selling_price,reorder_level,maximum_stock,minimum_stock
DRG0001,Diazepam Junior 5mg Suppository,Diazepam,Diazepam Junior,Prescription CNS,Suppository,5mg,Swiss Pharma Nigeria,Antidepressants/CNS,50,Prescription Only,Protect from light,36,C,E,106.9,134.41,165,559,84
DRG0002,RanitidineMax 20mg/ml Ointment,Ranitidine,RanitidineMax,OTC Gastro,Ointment,20mg/ml,Sanofi Nigeria,Antacids/Antiulcerants,60,OTC,Protect from light,36,B,N,399.27,591.92,237,728,122
DRG0003,LisinoprilForte 250mg Cream,Lisinopril,LisinoprilForte,Chronic Disease Management,Cream,250mg,Chi Pharmaceuticals,Antihypertensives,5,OTC,"Store below 30°C, away from moisture",12,A,E,105.15,147.11,106,311,61
DRG0004,ArtemetherForte 1g Tablet,Artemether/Lumefantrine,ArtemetherForte,OTC/Prescription Antimalarial,Tablet,1g,Chi Pharmaceuticals,Antimalarials,20,Prescription Only,Refrigerate 2-8°C,60,B,E,96.24,146.42,300,991,178
DRG0005,MetoclopramideExtra 50mg Inhaler,Metoclopramide,MetoclopramideExtra,OTC Gastro,Inhaler,50mg,Codix Pharma,Antiemetics,1,OTC,Store in a cool dry place,36,C,N,299.39,393.26,433,1155,231
DRG0006,Omeprazole DS 100mg/5ml Cream,Omeprazole,Omeprazole DS,OTC Gastro,Cream,100mg/5ml,GlaxoSmithKline Nigeria,Antacids/Antiulcerants,100,OTC,Store below 25°C,60,C,E,129.59,206.7,456,1177,314
DRG0007,Amlodipine-D 10mg Capsule,Amlodipine,Amlodipine-D,Chronic Disease Management,Capsule,10mg,Sun Pharmaceuticals Nigeria,Antihypertensives,30,OTC,Store in a cool dry place,18,B,N,58.67,69.94,199,798,84
DRG0008,Betamethasone Junior 500mg Suspension,Betamethasone Cream,Betamethasone Junior,OTC Skincare,Suspension,500mg,Bond Chemical Industries,Dermatologicals,1,Prescription Only,Protect from light,12,C,N,241.87,375.77,211,854,106
DRG0009,AmoxicillinGold 100mg/5ml Syrup,Amoxicillin,AmoxicillinGold,Prescription Antimicrobials,Syrup,100mg/5ml,May & Baker Nigeria,Antibiotics,1,OTC,Store in a cool dry place,12,B,V,56.06,88.61,169,646,88
DRG0010,Promethazine DS 0.5% Injection,Promethazine,Promethazine DS,OTC Allergy,Injection,0.50%,Emzor Pharmaceuticals,Antihistamines,1,OTC,Protect from light,60,C,E,58.52,91.21,119,524,48
DRG0011,MetoclopramideMax 250mg Suspension,Metoclopramide,MetoclopramideMax,OTC Gastro,Suspension,250mg,Juhel Nigeria Limited,Antiemetics,5,OTC,Refrigerate 2-8°C,12,C,E,53.37,75.06,461,1197,234
DRG0012,Cefuroxime 250mg Syrup,Cefuroxime,Cefuroxime,Prescription Antimicrobials,Syrup,250mg,SKG Pharma,Antibiotics,5,OTC,"Store below 30°C, away from moisture",12,B,E,51.41,70.39,400,1935,192
DRG0013,ChloramphenicolGold 500mg Ointment,Chloramphenicol Eye Drops,ChloramphenicolGold,OTC Eye Care,Ointment,500mg,Novartis Nigeria,Ophthalmics,30,Prescription Only,Store below 25°C,48,B,E,106.19,175.02,148,405,81
DRG0014,Sulphadoxine 20mg Cream,Sulphadoxine/Pyrimethamine,Sulphadoxine,OTC/Prescription Antimalarial,Cream,20mg,Novartis Nigeria,Antimalarials,30,Prescription Only,Refrigerate 2-8°C,18,C,N,72.19,91.29,216,903,108
DRG0015,ClotrimazoleMax 1g Eye Drops,Clotrimazole,ClotrimazoleMax,Prescription Antimicrobials,Eye Drops,1g,Swiss Pharma Nigeria,Antifungals,20,OTC,Protect from light,48,C,N,31.69,45.11,347,983,214
DRG0016,AmlodipineGold 20mg Suppository,Amlodipine,AmlodipineGold,Chronic Disease Management,Suppository,20mg,Codix Pharma,Antihypertensives,24,Controlled,Store below 25°C,18,C,V,71.75,106.57,200,939,110
DRG0017,Bromhexine Junior 1% Suppository,Bromhexine,Bromhexine Junior,OTC Respiratory,Suppository,1%,Neimeth International,Respiratory/Antitussives,50,Prescription Only,Protect from light,12,C,V,62.53,93.82,375,1416,164
DRG0018,FluoxetineForte 20mg Syrup,Fluoxetine,FluoxetineForte,Prescription CNS,Syrup,20mg,Novartis Nigeria,Antidepressants/CNS,20,Prescription Only,Protect from light,18,B,E,163.33,204.49,51,137,31
DRG0019,GriseofulvinGold 10mg Cream,Griseofulvin,GriseofulvinGold,Prescription Antimicrobials,Cream,10mg,Marbis Pharmaceuticals,Antifungals,50,Prescription Only,Refrigerate 2-8°C,12,C,V,61.09,90.23,201,812,86
DRG0020,SulphadoxinePlus 1g Tablet,Sulphadoxine/Pyrimethamine,SulphadoxinePlus,OTC/Prescription Antimalarial,Tablet,1g,Bond Chemical Industries,Antimalarials,24,Prescription Only,Refrigerate 2-8°C,18,C,N,721.77,1125.37,450,1135,293
DRG0021,MefenamicPlus 500mg Capsule,Mefenamic Acid,MefenamicPlus,OTC Pain Relief,Capsule,500mg,Codix Pharma,NSAIDs,24,Prescription Only,Refrigerate 2-8°C,48,C,E,250.7,294.57,414,1838,281
DRG0022,DiazepamExtra 20mg Tablet,Diazepam,DiazepamExtra,Prescription CNS,Tablet,20mg,Cipla Nigeria,Antidepressants/CNS,60,Prescription Only,Store below 25°C,24,B,E,66.97,107.54,114,470,56
DRG0023,RanitidineForte 0.5% Cream,Ranitidine,RanitidineForte,OTC Gastro,Cream,0.50%,Novartis Nigeria,Antacids/Antiulcerants,5,Prescription Only,Store in a cool dry place,48,B,V,202.37,235.71,375,1136,254
DRG0024,GlibenclamideExtra 250mg Ointment,Glibenclamide,GlibenclamideExtra,Chronic Disease Management,Ointment,250mg,Neimeth International,Antidiabetics,24,Prescription Only,Refrigerate 2-8°C,36,B,N,122.32,162.44,118,405,75
DRG0025,FolicForte 250mg Ointment,Folic Acid,FolicForte,Wellness/Supplements,Ointment,250mg,Neimeth International,Vitamins & Supplements,1,OTC,Store in a cool dry place,24,A,V,98.96,114.59,170,428,115
DRG0026,AcyclovirPlus 10mg Sachet/Powder,Acyclovir,AcyclovirPlus,Prescription Antimicrobials,Sachet/Powder,10mg,Chi Pharmaceuticals,Antivirals,100,OTC,Store below 25°C,24,A,N,151.83,180.46,158,669,94
DRG0027,Guaifenesin 250mg Cream,Guaifenesin,Guaifenesin,OTC Respiratory,Cream,250mg,Novartis Nigeria,Respiratory/Antitussives,20,Prescription Only,Refrigerate 2-8°C,18,B,E,87.63,140.7,365,1206,171
DRG0028,AspirinForte 100mg/5ml Inhaler,Aspirin (Low Dose),AspirinForte,Chronic Disease Management,Inhaler,100mg/5ml,Fidson Healthcare,Anticoagulants,60,Prescription Only,Refrigerate 2-8°C,36,A,N,99.43,131.99,296,1162,197
DRG0029,Tetracycline DS 10mg Inhaler,Tetracycline Eye Ointment,Tetracycline DS,OTC Eye Care,Inhaler,10mg,GlaxoSmithKline Nigeria,Ophthalmics,50,OTC,Store in a cool dry place,12,A,E,154.38,210.33,483,2362,219
DRG0030,MedroxyprogesteroneGold 100mg/5ml Cream,Medroxyprogesterone,MedroxyprogesteroneGold,Family Planning,Cream,100mg/5ml,Novartis Nigeria,Contraceptives,20,Controlled,Refrigerate 2-8°C,48,C,V,455.15,572.43,142,461,65
DRG0031,AtorvastatinMax 20mg Suppository,Atorvastatin,AtorvastatinMax,Chronic Disease Management,Suppository,20mg,Reckitt Benckiser Nigeria,Cardiovascular,100,OTC,Refrigerate 2-8°C,48,A,N,100.19,145.13,317,1577,152
DRG0032,Glibenclamide DS 1% Sachet/Powder,Glibenclamide,Glibenclamide DS,Chronic Disease Management,Sachet/Powder,1%,Cipla Nigeria,Antidiabetics,24,Prescription Only,Refrigerate 2-8°C,36,A,V,64.68,93.62,152,620,74
DRG0033,AmitriptylineMax 100mg/5ml Suspension,Amitriptyline,AmitriptylineMax,Prescription CNS,Suspension,100mg/5ml,Pharma-Deko Plc,Antidepressants/CNS,60,OTC,Store in a cool dry place,60,B,E,37.18,49.68,480,1490,266
DRG0034,EsomeprazoleExtra 500mg Sachet/Powder,Esomeprazole,EsomeprazoleExtra,OTC Gastro,Sachet/Powder,500mg,Reckitt Benckiser Nigeria,Antacids/Antiulcerants,50,Prescription Only,Protect from light,24,B,V,418.12,550.46,161,578,98
DRG0035,ArtesunateMax 0.5% Suspension,Artesunate,ArtesunateMax,OTC/Prescription Antimalarial,Suspension,0.50%,Novartis Nigeria,Antimalarials,30,OTC,Store below 25°C,18,C,N,71.96,114.6,370,1609,250
DRG0036,Ondansetron Junior 20mg/ml Ointment,Ondansetron,Ondansetron Junior,OTC Gastro,Ointment,20mg/ml,May & Baker Nigeria,Antiemetics,30,Prescription Only,Store in a cool dry place,36,A,N,123.21,165.3,460,1663,196
DRG0037,MebendazolePlus 0.5% Capsule,Mebendazole,MebendazolePlus,OTC/Prescription Antiparasitic,Capsule,0.50%,Swiss Pharma Nigeria,Antiparasitics,100,OTC,Protect from light,36,C,E,397.2,554.79,353,942,242
DRG0038,Azithromycin Junior 0.5% Syrup,Azithromycin,Azithromycin Junior,Prescription Antimicrobials,Syrup,0.50%,GlaxoSmithKline Nigeria,Antibiotics,1,Prescription Only,Protect from light,48,C,E,98.55,127.29,393,1148,265
DRG0039,Furosemide 2.5mg Ointment,Furosemide,Furosemide,Chronic Disease Management,Ointment,2.5mg,Marbis Pharmaceuticals,Cardiovascular,1,Prescription Only,Store in a cool dry place,36,C,N,74.94,115.66,111,497,46
DRG0040,KetoconazoleMax 5mg/ml Suppository,Ketoconazole,KetoconazoleMax,Prescription Antimicrobials,Suppository,5mg/ml,Pfizer Nigeria,Antifungals,30,OTC,Store below 25°C,60,C,V,255.81,345.02,349,1438,177
DRG0041,Acyclovir-D 2.5mg Cream,Acyclovir,Acyclovir-D,Prescription Antimicrobials,Cream,2.5mg,Bond Chemical Industries,Antivirals,20,OTC,"Store below 30°C, away from moisture",36,C,N,116.55,163.96,452,1773,291
DRG0042,Glibenclamide DS 1g Ointment,Glibenclamide,Glibenclamide DS,Chronic Disease Management,Ointment,1g,May & Baker Nigeria,Antidiabetics,5,OTC,Store below 25°C,18,C,V,128.11,163.56,492,1436,287
DRG0043,BenzylPlus 100mg/5ml Inhaler,Benzyl Benzoate,BenzylPlus,OTC Skincare,Inhaler,100mg/5ml,Nemel Pharmaceuticals,Dermatologicals,1,OTC,Refrigerate 2-8°C,24,A,N,41.9,68.88,185,849,117
DRG0044,Praziquantel 10mg Inhaler,Praziquantel,Praziquantel,OTC/Prescription Antiparasitic,Inhaler,10mg,Codix Pharma,Antiparasitics,1,OTC,Store in a cool dry place,36,B,N,212.35,275.15,104,509,64
DRG0045,Diclofenac DS 5mg/ml Syrup,Diclofenac,Diclofenac DS,OTC Pain Relief,Syrup,5mg/ml,Ranbaxy Nigeria,Analgesics,24,Controlled,Protect from light,12,C,N,109.49,168.11,157,408,86
DRG0046,Albendazole DS 5mg/ml Syrup,Albendazole,Albendazole DS,OTC/Prescription Antiparasitic,Syrup,5mg/ml,May & Baker Nigeria,Antiparasitics,24,OTC,Store in a cool dry place,24,B,E,43.85,59.8,352,948,145
DRG0047,Esomeprazole-D 20mg Ointment,Esomeprazole,Esomeprazole-D,OTC Gastro,Ointment,20mg,Ranbaxy Nigeria,Antacids/Antiulcerants,100,OTC,Store below 25°C,36,A,E,118.69,148.73,307,1446,176
DRG0048,Tramadol-D 20mg/ml Suspension,Tramadol,Tramadol-D,OTC Pain Relief,Suspension,20mg/ml,Fidson Healthcare,Analgesics,20,Prescription Only,Store below 25°C,12,C,E,36.94,57.25,302,1370,125
DRG0049,MultivitaminExtra 5mg Suspension,Multivitamin,MultivitaminExtra,Wellness/Supplements,Suspension,5mg,Emzor Pharmaceuticals,Vitamins & Supplements,1,Prescription Only,Protect from light,18,C,V,597.92,787.34,271,1096,157
DRG0050,DiclofenacExtra 50mg Inhaler,Diclofenac Gel,DiclofenacExtra,OTC Pain Relief,Inhaler,50mg,Evans Medical Plc,NSAIDs,20,Prescription Only,"Store below 30°C, away from moisture",24,A,E,48.14,76.19,418,2032,267
DRG0051,AtenololMax 20mg/ml Inhaler,Atenolol,AtenololMax,Chronic Disease Management,Inhaler,20mg/ml,Emzor Pharmaceuticals,Antihypertensives,100,OTC,"Store below 30°C, away from moisture",12,C,E,303.63,488.12,216,889,124
DRG0052,ClopidogrelGold 1% Capsule,Clopidogrel,ClopidogrelGold,Chronic Disease Management,Capsule,1%,Pfizer Nigeria,Anticoagulants,50,Prescription Only,Protect from light,12,A,N,54.22,85.66,478,1453,334
DRG0053,Warfarin 20mg/ml Ointment,Warfarin,Warfarin,Chronic Disease Management,Ointment,20mg/ml,Evans Medical Plc,Anticoagulants,60,OTC,Refrigerate 2-8°C,12,C,E,125.61,146.65,209,903,112
DRG0054,Benzyl DS 20mg/ml Cream,Benzyl Benzoate,Benzyl DS,OTC Skincare,Cream,20mg/ml,GlaxoSmithKline Nigeria,Dermatologicals,1,Prescription Only,Store in a cool dry place,18,B,V,51.93,80.16,498,2048,311
DRG0055,Medroxyprogesterone 5mg/ml Eye Drops,Medroxyprogesterone,Medroxyprogesterone,Family Planning,Eye Drops,5mg/ml,Bond Chemical Industries,Contraceptives,100,Prescription Only,Protect from light,24,B,E,177.99,241.3,215,1067,129
DRG0056,SimvastatinMax 10mg Eye Drops,Simvastatin,SimvastatinMax,Chronic Disease Management,Eye Drops,10mg,May & Baker Nigeria,Cardiovascular,1,Prescription Only,Store in a cool dry place,24,C,E,73.15,116.08,254,770,177
DRG0057,DiclofenacExtra 10mg Eye Drops,Diclofenac,DiclofenacExtra,OTC Pain Relief,Eye Drops,10mg,Ranbaxy Nigeria,Analgesics,60,Prescription Only,Refrigerate 2-8°C,24,B,V,117.16,172.11,316,1262,194
DRG0058,Tetracycline 2.5mg Tablet,Tetracycline Eye Ointment,Tetracycline,OTC Eye Care,Tablet,2.5mg,Bond Chemical Industries,Ophthalmics,30,OTC,Store in a cool dry place,36,C,E,85.43,133.85,187,832,84
DRG0059,Diazepam Junior 1% Sachet/Powder,Diazepam,Diazepam Junior,Prescription CNS,Sachet/Powder,1%,Sanofi Nigeria,Antidepressants/CNS,1,OTC,Store below 25°C,12,B,N,43.93,61.49,417,1395,286
DRG0060,AcyclovirGold 20mg/ml Injection,Acyclovir,AcyclovirGold,Prescription Antimicrobials,Injection,20mg/ml,Sun Pharmaceuticals Nigeria,Antivirals,60,OTC,Protect from light,24,B,E,120.39,170.65,492,1697,295
DRG0061,Whitfield's Junior 20mg Injection,Whitfield's Ointment,Whitfield's Junior,OTC Skincare,Injection,20mg,Evans Medical Plc,Dermatologicals,50,OTC,"Store below 30°C, away from moisture",24,C,E,63.01,77.01,395,1864,165
DRG0062,AtenololExtra 10mg Suspension,Atenolol,AtenololExtra,Chronic Disease Management,Suspension,10mg,Sanofi Nigeria,Antihypertensives,1,OTC,Protect from light,48,A,E,185.29,285.72,297,1042,177
DRG0063,GentamicinGold 10mg Injection,Gentamicin Eye Drops,GentamicinGold,OTC Eye Care,Injection,10mg,GlaxoSmithKline Nigeria,Ophthalmics,60,OTC,Store below 25°C,60,B,N,73.13,99.43,104,422,69
DRG0064,DiazepamPlus 2.5mg Tablet,Diazepam,DiazepamPlus,Prescription CNS,Tablet,2.5mg,Bond Chemical Industries,Antidepressants/CNS,50,Prescription Only,"Store below 30°C, away from moisture",60,B,E,80.56,112.79,453,2139,259
DRG0065,MetoclopramideMax 5mg/ml Eye Drops,Metoclopramide,MetoclopramideMax,OTC Gastro,Eye Drops,5mg/ml,Emzor Pharmaceuticals,Antiemetics,1,OTC,Store below 25°C,24,C,N,323.81,499.49,258,780,130
DRG0066,Metoclopramide DS 500mg Eye Drops,Metoclopramide,Metoclopramide DS,OTC Gastro,Eye Drops,500mg,May & Baker Nigeria,Antiemetics,10,OTC,Protect from light,24,C,V,620.89,899.93,66,327,42
DRG0067,Artesunate 50mg Ointment,Artesunate,Artesunate,OTC/Prescription Antimalarial,Ointment,50mg,GlaxoSmithKline Nigeria,Antimalarials,30,Prescription Only,Store in a cool dry place,36,C,N,149.83,187.37,117,497,74
DRG0068,Diclofenac DS 50mg Injection,Diclofenac Gel,Diclofenac DS,OTC Pain Relief,Injection,50mg,Nemel Pharmaceuticals,NSAIDs,10,Prescription Only,Store below 25°C,18,B,E,70.97,102.56,182,680,102
DRG0069,MagnesiumForte 10mg Syrup,Magnesium Trisilicate,MagnesiumForte,OTC Gastro,Syrup,10mg,Novartis Nigeria,Antacids/Antiulcerants,24,Prescription Only,"Store below 30°C, away from moisture",12,B,E,67.54,91.44,237,847,105
DRG0070,Benzyl Junior 250mg Injection,Benzyl Benzoate,Benzyl Junior,OTC Skincare,Injection,250mg,Sanofi Nigeria,Dermatologicals,30,OTC,Refrigerate 2-8°C,60,B,E,54.08,74.89,456,2227,216
DRG0071,NaproxenGold 0.5% Injection,Naproxen,NaproxenGold,OTC Pain Relief,Injection,0.50%,Novartis Nigeria,NSAIDs,30,OTC,Protect from light,18,C,E,59.22,68.94,479,1443,297
DRG0072,InsulinForte 5mg Tablet,Insulin Glargine,InsulinForte,Chronic Disease Management,Tablet,5mg,Swiss Pharma Nigeria,Antidiabetics,50,Prescription Only,Protect from light,24,B,V,71.53,89.77,357,1170,229
DRG0073,NaproxenMax 20mg Ointment,Naproxen,NaproxenMax,OTC Pain Relief,Ointment,20mg,Bioraj Pharmaceuticals,NSAIDs,5,Prescription Only,Store in a cool dry place,12,C,N,419.26,541.06,187,611,90
DRG0074,Chloramphenicol-D 20mg Inhaler,Chloramphenicol Eye Drops,Chloramphenicol-D,OTC Eye Care,Inhaler,20mg,Cipla Nigeria,Ophthalmics,10,OTC,Protect from light,48,B,E,74.83,112.73,223,718,113
DRG0075,AspirinPlus 5mg/ml Syrup,Aspirin,AspirinPlus,OTC Pain Relief,Syrup,5mg/ml,Nemel Pharmaceuticals,Analgesics,5,Prescription Only,Refrigerate 2-8°C,18,C,N,46.02,53.19,461,1692,195
DRG0076,Aspirin Junior 5mg/ml Capsule,Aspirin (Low Dose),Aspirin Junior,Chronic Disease Management,Capsule,5mg/ml,Pfizer Nigeria,Anticoagulants,60,OTC,Refrigerate 2-8°C,60,C,N,86.92,117.72,146,726,89
DRG0077,Lisinopril DS 20mg Eye Drops,Lisinopril,Lisinopril DS,Chronic Disease Management,Eye Drops,20mg,Ranbaxy Nigeria,Antihypertensives,100,Prescription Only,Protect from light,12,C,E,95.24,153.53,220,1038,88
DRG0078,NaproxenMax 500mg Cream,Naproxen,NaproxenMax,OTC Pain Relief,Cream,500mg,Ranbaxy Nigeria,NSAIDs,100,Prescription Only,Store below 25°C,60,B,N,86.58,104.41,203,673,84
DRG0079,CarbamazepinePlus 2.5mg Suspension,Carbamazepine,CarbamazepinePlus,Prescription CNS,Suspension,2.5mg,Cipla Nigeria,Antidepressants/CNS,60,Prescription Only,Store in a cool dry place,60,A,E,151.47,213.3,232,825,93
DRG0080,NaproxenMax 5mg Suppository,Naproxen,NaproxenMax,OTC Pain Relief,Suppository,5mg,Juhel Nigeria Limited,NSAIDs,50,OTC,Store in a cool dry place,12,B,V,88.5,136.58,291,1214,172
DRG0081,TramadolExtra 2.5mg Injection,Tramadol,TramadolExtra,OTC Pain Relief,Injection,2.5mg,Chi Pharmaceuticals,Analgesics,10,Prescription Only,Store below 25°C,18,B,N,147.77,239.57,353,897,185
DRG0082,NifedipineExtra 1% Eye Drops,Nifedipine,NifedipineExtra,Chronic Disease Management,Eye Drops,1%,GlaxoSmithKline Nigeria,Antihypertensives,50,Prescription Only,Refrigerate 2-8°C,36,A,E,55.02,83.82,334,1519,163
DRG0083,Promethazine Junior 5mg Suppository,Promethazine Injection,Promethazine Junior,OTC Gastro,Suppository,5mg,Chi Pharmaceuticals,Antiemetics,100,OTC,Protect from light,48,C,E,354,534.64,76,357,51
DRG0084,Metformin DS 0.5% Cream,Metformin,Metformin DS,Chronic Disease Management,Cream,0.50%,Bond Chemical Industries,Antidiabetics,5,OTC,Store below 25°C,24,B,E,100.28,156.76,451,2093,206
DRG0085,Oseltamivir Junior 5mg/ml Syrup,Oseltamivir,Oseltamivir Junior,Prescription Antimicrobials,Syrup,5mg/ml,Nemel Pharmaceuticals,Antivirals,5,OTC,Refrigerate 2-8°C,48,C,E,111.47,153.06,409,1405,211
DRG0086,Carbamazepine-D 1% Suspension,Carbamazepine,Carbamazepine-D,Prescription CNS,Suspension,1%,Bioraj Pharmaceuticals,Antidepressants/CNS,30,Prescription Only,"Store below 30°C, away from moisture",36,C,N,54.92,85.29,109,398,74
DRG0087,Erythromycin Junior 100mg/5ml Ointment,Erythromycin,Erythromycin Junior,Prescription Antimicrobials,Ointment,100mg/5ml,Reckitt Benckiser Nigeria,Antibiotics,24,OTC,Store below 25°C,18,A,V,117.52,135.62,251,635,132
DRG0088,MedroxyprogesteroneForte 500mg Eye Drops,Medroxyprogesterone,MedroxyprogesteroneForte,Family Planning,Eye Drops,500mg,Ranbaxy Nigeria,Contraceptives,5,Prescription Only,Store below 25°C,60,C,E,134.7,217.17,299,1046,169
DRG0089,GliclazideExtra 5mg/ml Capsule,Gliclazide,GliclazideExtra,Chronic Disease Management,Capsule,5mg/ml,Pfizer Nigeria,Antidiabetics,50,OTC,Store in a cool dry place,60,A,E,46.95,64.4,411,1500,174
DRG0090,Amodiaquine 1g Ointment,Amodiaquine,Amodiaquine,OTC/Prescription Antimalarial,Ointment,1g,Novartis Nigeria,Antimalarials,1,Prescription Only,Store below 25°C,48,B,E,40.39,57.62,118,562,75
DRG0091,ArtesunateMax 1% Suspension,Artesunate,ArtesunateMax,OTC/Prescription Antimalarial,Suspension,1%,Pfizer Nigeria,Antimalarials,20,OTC,Store below 25°C,60,B,E,103.23,131.87,419,1983,220
DRG0092,NifedipineMax 250mg Tablet,Nifedipine,NifedipineMax,Chronic Disease Management,Tablet,250mg,Neimeth International,Antihypertensives,60,Prescription Only,Refrigerate 2-8°C,24,C,V,63.49,96.59,70,344,44
DRG0093,GuaifenesinGold 100mg/5ml Suppository,Guaifenesin,GuaifenesinGold,OTC Respiratory,Suppository,100mg/5ml,Swiss Pharma Nigeria,Respiratory/Antitussives,24,OTC,Store below 25°C,48,A,V,100.8,119.78,201,947,95
DRG0094,MebendazoleExtra 5mg/ml Suspension,Mebendazole,MebendazoleExtra,OTC/Prescription Antiparasitic,Suspension,5mg/ml,Drugfield Pharmaceuticals,Antiparasitics,50,OTC,Store below 25°C,36,B,E,45.01,71.4,151,380,79
DRG0095,OseltamivirExtra 5mg/ml Capsule,Oseltamivir,OseltamivirExtra,Prescription Antimicrobials,Capsule,5mg/ml,Codix Pharma,Antivirals,60,Controlled,Refrigerate 2-8°C,60,C,N,41.47,64.86,436,1789,277
DRG0096,Whitfield'sMax 100mg/5ml Suspension,Whitfield's Ointment,Whitfield'sMax,OTC Skincare,Suspension,100mg/5ml,Bioraj Pharmaceuticals,Dermatologicals,1,OTC,Store in a cool dry place,48,B,V,97.13,122.19,144,384,99
DRG0097,BromhexineMax 20mg/ml Tablet,Bromhexine,BromhexineMax,OTC Respiratory,Tablet,20mg/ml,Sanofi Nigeria,Respiratory/Antitussives,100,OTC,Protect from light,60,C,N,68.48,106.46,495,1574,206
DRG0098,CefuroximeGold 0.5% Inhaler,Cefuroxime,CefuroximeGold,Prescription Antimicrobials,Inhaler,0.50%,Pharma-Deko Plc,Antibiotics,60,OTC,"Store below 30°C, away from moisture",48,C,N,36.61,56.5,410,1617,263
DRG0099,KetoconazoleForte 20mg/ml Sachet/Powder,Ketoconazole,KetoconazoleForte,Prescription Antimicrobials,Sachet/Powder,20mg/ml,Pfizer Nigeria,Antifungals,10,OTC,Store in a cool dry place,12,C,N,239.16,350.63,278,1181,136
DRG0100,AspirinExtra 20mg Capsule,Aspirin (Low Dose),AspirinExtra,Chronic Disease Management,Capsule,20mg,Reckitt Benckiser Nigeria,Anticoagulants,60,Prescription Only,"Store below 30°C, away from moisture",18,A,N,44.77,59.85,174,719,98
DRG0101,Insulin 5mg Injection,Insulin Glargine,Insulin,Chronic Disease Management,Injection,5mg,SKG Pharma,Antidiabetics,50,Prescription Only,Store in a cool dry place,24,B,E,745.75,958.85,307,805,149
DRG0102,AtorvastatinForte 0.5% Syrup,Atorvastatin,AtorvastatinForte,Chronic Disease Management,Syrup,0.50%,Bioraj Pharmaceuticals,Cardiovascular,30,Prescription Only,Store in a cool dry place,48,B,V,59.25,75,371,1023,216
DRG0103,SalbutamolPlus 2.5mg Injection,Salbutamol,SalbutamolPlus,OTC Respiratory,Injection,2.5mg,Sun Pharmaceuticals Nigeria,Respiratory/Antitussives,20,OTC,Refrigerate 2-8°C,48,B,E,111.58,146.09,418,1179,211
DRG0104,IvermectinGold 250mg Eye Drops,Ivermectin,IvermectinGold,OTC/Prescription Antiparasitic,Eye Drops,250mg,GlaxoSmithKline Nigeria,Antiparasitics,5,OTC,Protect from light,18,B,E,313.43,502.05,475,1296,237
DRG0105,SulphadoxineMax 100mg/5ml Sachet/Powder,Sulphadoxine/Pyrimethamine,SulphadoxineMax,OTC/Prescription Antimalarial,Sachet/Powder,100mg/5ml,Sanofi Nigeria,Antimalarials,20,OTC,Store below 25°C,24,B,N,269.71,320.64,285,839,117
DRG0106,MetoclopramideGold 5mg Suppository,Metoclopramide,MetoclopramideGold,OTC Gastro,Suppository,5mg,GlaxoSmithKline Nigeria,Antiemetics,100,OTC,Protect from light,36,C,E,427.87,669.38,211,890,93
DRG0107,ClopidogrelExtra 20mg/ml Ointment,Clopidogrel,ClopidogrelExtra,Chronic Disease Management,Ointment,20mg/ml,Reckitt Benckiser Nigeria,Anticoagulants,20,Prescription Only,Protect from light,36,C,N,41.9,55.49,91,416,61
DRG0108,Fluconazole-D 5mg/ml Suspension,Fluconazole,Fluconazole-D,Prescription Antimicrobials,Suspension,5mg/ml,Sanofi Nigeria,Antifungals,1,Controlled,Refrigerate 2-8°C,12,A,V,47.53,67.06,325,1144,227
DRG0109,Bromhexine DS 10mg Injection,Bromhexine,Bromhexine DS,OTC Respiratory,Injection,10mg,Fidson Healthcare,Respiratory/Antitussives,20,Controlled,Store in a cool dry place,12,B,N,98.44,152.31,402,1701,254
DRG0110,Omeprazole-D 5mg Suspension,Omeprazole,Omeprazole-D,OTC Gastro,Suspension,5mg,Fidson Healthcare,Antacids/Antiulcerants,30,OTC,Protect from light,18,B,E,156.44,249.08,117,351,56
DRG0111,Warfarin-D 0.5% Syrup,Warfarin,Warfarin-D,Chronic Disease Management,Syrup,0.50%,Chi Pharmaceuticals,Anticoagulants,10,OTC,"Store below 30°C, away from moisture",18,B,E,83.99,111.07,222,1095,115
DRG0112,FluoxetineForte 250mg Sachet/Powder,Fluoxetine,FluoxetineForte,Prescription CNS,Sachet/Powder,250mg,Neimeth International,Antidepressants/CNS,24,OTC,"Store below 30°C, away from moisture",48,C,E,40.61,56.08,380,1282,236
DRG0113,AtorvastatinMax 5mg Tablet,Atorvastatin,AtorvastatinMax,Chronic Disease Management,Tablet,5mg,Neimeth International,Cardiovascular,100,Prescription Only,Store below 25°C,36,C,N,119.71,162.48,174,802,120
DRG0114,DiclofenacForte 2.5mg Eye Drops,Diclofenac Gel,DiclofenacForte,OTC Pain Relief,Eye Drops,2.5mg,SKG Pharma,NSAIDs,30,Controlled,Store below 25°C,60,C,E,74.96,86.7,219,1065,117
DRG0115,CombinedPlus 5mg/ml Tablet,Combined Oral Contraceptive Pill,CombinedPlus,Family Planning,Tablet,5mg/ml,Bioraj Pharmaceuticals,Contraceptives,100,OTC,Store below 25°C,36,C,N,74.42,96.6,96,447,62
DRG0116,Naproxen-D 5mg Inhaler,Naproxen,Naproxen-D,OTC Pain Relief,Inhaler,5mg,May & Baker Nigeria,NSAIDs,20,OTC,Protect from light,60,C,N,35.6,49.11,310,826,214
DRG0117,Clopidogrel-D 50mg Ointment,Clopidogrel,Clopidogrel-D,Chronic Disease Management,Ointment,50mg,Sanofi Nigeria,Anticoagulants,5,OTC,Protect from light,48,C,N,151.21,204.97,266,1097,176
DRG0118,HydrocortisoneForte 20mg/ml Sachet/Powder,Hydrocortisone Cream,HydrocortisoneForte,OTC Skincare,Sachet/Powder,20mg/ml,Sanofi Nigeria,Dermatologicals,5,Prescription Only,"Store below 30°C, away from moisture",36,B,V,93.13,140.72,354,991,165
DRG0119,Piroxicam-D 100mg/5ml Eye Drops,Piroxicam,Piroxicam-D,OTC Pain Relief,Eye Drops,100mg/5ml,Cipla Nigeria,NSAIDs,100,Prescription Only,Refrigerate 2-8°C,36,C,N,358.71,481.53,173,434,69
DRG0120,DigoxinExtra 5mg/ml Sachet/Powder,Digoxin,DigoxinExtra,Chronic Disease Management,Sachet/Powder,5mg/ml,Evans Medical Plc,Cardiovascular,20,OTC,Store below 25°C,12,B,N,80.68,112.52,342,899,187
DRG0121,Hydrocortisone-D 2.5mg Syrup,Hydrocortisone Cream,Hydrocortisone-D,OTC Skincare,Syrup,2.5mg,Reckitt Benckiser Nigeria,Dermatologicals,10,Prescription Only,Protect from light,48,A,V,126.19,172.22,211,1010,118
DRG0122,Atorvastatin-D 0.5% Sachet/Powder,Atorvastatin,Atorvastatin-D,Chronic Disease Management,Sachet/Powder,0.50%,Cipla Nigeria,Cardiovascular,100,Prescription Only,Store below 25°C,24,B,V,155.44,236.32,250,1192,115
DRG0123,GentamicinForte 2.5mg Inhaler,Gentamicin Eye Drops,GentamicinForte,OTC Eye Care,Inhaler,2.5mg,Evans Medical Plc,Ophthalmics,30,OTC,Store in a cool dry place,18,B,V,39.52,62.5,451,1382,218
DRG0124,Losartan-D 0.5% Capsule,Losartan,Losartan-D,Chronic Disease Management,Capsule,0.50%,Codix Pharma,Antihypertensives,50,Prescription Only,Store in a cool dry place,48,C,V,777.47,1100.85,324,1253,203
DRG0125,Tetracycline 50mg Tablet,Tetracycline Eye Ointment,Tetracycline,OTC Eye Care,Tablet,50mg,Novartis Nigeria,Ophthalmics,50,OTC,Refrigerate 2-8°C,60,B,E,65.49,101.16,255,1246,137
DRG0126,LamivudinePlus 5mg Syrup,Lamivudine/Tenofovir/Dolutegravir,LamivudinePlus,Prescription Antimicrobials,Syrup,5mg,Evans Medical Plc,Antivirals,100,OTC,Store below 25°C,12,B,N,119.53,155.2,89,333,44
DRG0127,Levonorgestrel DS 1g Eye Drops,Levonorgestrel,Levonorgestrel DS,Family Planning,Eye Drops,1g,Sun Pharmaceuticals Nigeria,Contraceptives,24,OTC,Refrigerate 2-8°C,48,B,E,133.6,189.8,322,1121,188
DRG0128,ChloramphenicolExtra 0.5% Syrup,Chloramphenicol Eye Drops,ChloramphenicolExtra,OTC Eye Care,Syrup,0.50%,Fidson Healthcare,Ophthalmics,10,Prescription Only,Refrigerate 2-8°C,36,C,E,54.17,71.65,237,878,141
DRG0129,Benzyl Junior 20mg Ointment,Benzyl Benzoate,Benzyl Junior,OTC Skincare,Ointment,20mg,Marbis Pharmaceuticals,Dermatologicals,30,Prescription Only,Store below 25°C,24,A,N,376.19,510.53,404,1808,254
DRG0130,Hydrocortisone Junior 20mg/ml Suppository,Hydrocortisone Cream,Hydrocortisone Junior,OTC Skincare,Suppository,20mg/ml,Pharma-Deko Plc,Dermatologicals,50,OTC,Store in a cool dry place,48,C,E,101.23,153.49,142,524,63
DRG0131,AmoxicillinMax 0.5% Suspension,Amoxicillin,AmoxicillinMax,Prescription Antimicrobials,Suspension,0.50%,Juhel Nigeria Limited,Antibiotics,24,Prescription Only,Refrigerate 2-8°C,24,C,N,74.1,117.88,91,405,56
DRG0132,Amlodipine DS 5mg Syrup,Amlodipine,Amlodipine DS,Chronic Disease Management,Syrup,5mg,Drugfield Pharmaceuticals,Antihypertensives,100,Prescription Only,"Store below 30°C, away from moisture",48,C,E,92.71,112.25,428,1531,248
DRG0133,Fluoxetine DS 100mg/5ml Tablet,Fluoxetine,Fluoxetine DS,Prescription CNS,Tablet,100mg/5ml,May & Baker Nigeria,Antidepressants/CNS,10,OTC,Store below 25°C,24,C,E,147.24,216.05,156,488,65
DRG0134,Aspirin DS 100mg/5ml Sachet/Powder,Aspirin (Low Dose),Aspirin DS,Chronic Disease Management,Sachet/Powder,100mg/5ml,Nemel Pharmaceuticals,Anticoagulants,50,OTC,Store below 25°C,24,A,E,85.19,122.76,377,1250,238
DRG0135,Promethazine-D 100mg/5ml Capsule,Promethazine,Promethazine-D,OTC Allergy,Capsule,100mg/5ml,Sanofi Nigeria,Antihistamines,20,OTC,Protect from light,36,B,E,161.88,195.75,114,307,58
DRG0136,LevonorgestrelMax 10mg Cream,Levonorgestrel,LevonorgestrelMax,Family Planning,Cream,10mg,Sun Pharmaceuticals Nigeria,Contraceptives,60,Prescription Only,Store below 25°C,48,C,V,40.13,50.4,414,1549,206
DRG0137,AtenololGold 1g Cream,Atenolol,AtenololGold,Chronic Disease Management,Cream,1g,SKG Pharma,Antihypertensives,24,OTC,"Store below 30°C, away from moisture",24,A,N,55.84,72.9,358,1027,191
DRG0138,RanitidineExtra 500mg Sachet/Powder,Ranitidine,RanitidineExtra,OTC Gastro,Sachet/Powder,500mg,Marbis Pharmaceuticals,Antacids/Antiulcerants,24,Controlled,Store in a cool dry place,36,B,E,36.43,44.94,184,833,92
DRG0139,Clopidogrel-D 1g Sachet/Powder,Clopidogrel,Clopidogrel-D,Chronic Disease Management,Sachet/Powder,1g,Bioraj Pharmaceuticals,Anticoagulants,24,OTC,Store in a cool dry place,36,C,N,432.22,549.73,438,1555,219
DRG0140,LamivudinePlus 2.5mg Cream,Lamivudine/Tenofovir/Dolutegravir,LamivudinePlus,Prescription Antimicrobials,Cream,2.5mg,Nemel Pharmaceuticals,Antivirals,20,OTC,Store in a cool dry place,12,B,E,427.02,548.21,73,322,46
DRG0141,ErythromycinForte 500mg Sachet/Powder,Erythromycin,ErythromycinForte,Prescription Antimicrobials,Sachet/Powder,500mg,Pharma-Deko Plc,Antibiotics,5,OTC,Protect from light,48,C,V,132.17,174.18,77,376,33
DRG0142,CefuroximeGold 50mg Cream,Cefuroxime,CefuroximeGold,Prescription Antimicrobials,Cream,50mg,Nemel Pharmaceuticals,Antibiotics,1,Prescription Only,Store below 25°C,36,A,E,49.83,75.98,111,513,76
DRG0143,LosartanForte 20mg/ml Suppository,Losartan,LosartanForte,Chronic Disease Management,Suppository,20mg/ml,Sanofi Nigeria,Antihypertensives,24,OTC,Store in a cool dry place,36,C,V,625.78,898.59,322,1570,182
DRG0144,MedroxyprogesteroneExtra 1g Cream,Medroxyprogesterone,MedroxyprogesteroneExtra,Family Planning,Cream,1g,Marbis Pharmaceuticals,Contraceptives,50,OTC,Refrigerate 2-8°C,60,C,N,59.83,98.31,278,1089,126
DRG0145,Chloramphenicol-D 1g Capsule,Chloramphenicol Eye Drops,Chloramphenicol-D,OTC Eye Care,Capsule,1g,Pfizer Nigeria,Ophthalmics,20,Prescription Only,Store in a cool dry place,24,C,N,74.11,100.59,69,201,30
DRG0146,KetoconazoleForte 20mg/ml Inhaler,Ketoconazole,KetoconazoleForte,Prescription Antimicrobials,Inhaler,20mg/ml,Ranbaxy Nigeria,Antifungals,24,Prescription Only,Refrigerate 2-8°C,60,B,N,94.04,143.59,52,251,30
DRG0147,MebendazoleForte 2.5mg Injection,Mebendazole,MebendazoleForte,OTC/Prescription Antiparasitic,Injection,2.5mg,Marbis Pharmaceuticals,Antiparasitics,100,Prescription Only,Refrigerate 2-8°C,18,C,V,115.76,183.56,470,2195,277
DRG0148,Levonorgestrel DS 1g Suppository,Levonorgestrel,Levonorgestrel DS,Family Planning,Suppository,1g,Pfizer Nigeria,Contraceptives,10,OTC,"Store below 30°C, away from moisture",18,C,E,133.94,199.5,267,1244,111
DRG0149,FurosemideGold 5mg Syrup,Furosemide,FurosemideGold,Chronic Disease Management,Syrup,5mg,Juhel Nigeria Limited,Cardiovascular,20,OTC,Store below 25°C,48,B,E,138.2,187.39,448,1896,211
DRG0150,Amitriptyline-D 5mg Inhaler,Amitriptyline,Amitriptyline-D,Prescription CNS,Inhaler,5mg,Novartis Nigeria,Antidepressants/CNS,100,OTC,"Store below 30°C, away from moisture",60,B,N,77.25,117.95,356,1446,227
DRG0151,Chloramphenicol Junior 100mg/5ml Tablet,Chloramphenicol Eye Drops,Chloramphenicol Junior,OTC Eye Care,Tablet,100mg/5ml,Reckitt Benckiser Nigeria,Ophthalmics,60,Prescription Only,"Store below 30°C, away from moisture",36,C,V,136.5,170.88,481,1220,199
DRG0152,Gentamicin Junior 2.5mg Suspension,Gentamicin Eye Drops,Gentamicin Junior,OTC Eye Care,Suspension,2.5mg,Reckitt Benckiser Nigeria,Ophthalmics,30,OTC,Store in a cool dry place,18,C,E,75.19,98.78,185,808,121
DRG0153,GuaifenesinMax 2.5mg Ointment,Guaifenesin,GuaifenesinMax,OTC Respiratory,Ointment,2.5mg,Bioraj Pharmaceuticals,Respiratory/Antitussives,5,OTC,"Store below 30°C, away from moisture",18,B,E,127.45,181.41,446,1217,266
DRG0154,ChloramphenicolPlus 5mg/ml Sachet/Powder,Chloramphenicol Eye Drops,ChloramphenicolPlus,OTC Eye Care,Sachet/Powder,5mg/ml,Bond Chemical Industries,Ophthalmics,60,Prescription Only,Store below 25°C,60,C,V,119.77,172.19,481,1514,255
DRG0155,LevonorgestrelForte 20mg Syrup,Levonorgestrel,LevonorgestrelForte,Family Planning,Syrup,20mg,Pharma-Deko Plc,Contraceptives,1,Prescription Only,"Store below 30°C, away from moisture",36,B,E,147.08,170.77,52,201,26
DRG0156,Artesunate-D 100mg/5ml Tablet,Artesunate,Artesunate-D,OTC/Prescription Antimalarial,Tablet,100mg/5ml,Bioraj Pharmaceuticals,Antimalarials,10,OTC,Refrigerate 2-8°C,18,B,E,133.33,216.34,242,878,98
DRG0157,AlbendazoleGold 1g Tablet,Albendazole,AlbendazoleGold,OTC/Prescription Antiparasitic,Tablet,1g,Evans Medical Plc,Antiparasitics,20,Prescription Only,Refrigerate 2-8°C,18,C,N,65.08,97.51,122,309,79
DRG0158,Metformin Junior 0.5% Syrup,Metformin,Metformin Junior,Chronic Disease Management,Syrup,0.50%,Pharma-Deko Plc,Antidiabetics,1,OTC,Store below 25°C,12,C,N,116.38,162.68,464,2115,205
DRG0159,AspirinExtra 1% Suppository,Aspirin,AspirinExtra,OTC Pain Relief,Suppository,1%,Juhel Nigeria Limited,Analgesics,5,OTC,Refrigerate 2-8°C,18,C,E,134.94,218.14,410,1925,202
DRG0160,AcyclovirGold 20mg/ml Ointment,Acyclovir,AcyclovirGold,Prescription Antimicrobials,Ointment,20mg/ml,Fidson Healthcare,Antivirals,1,OTC,Store in a cool dry place,48,C,E,45.01,61.64,167,702,95
DRG0161,Amitriptyline 10mg Inhaler,Amitriptyline,Amitriptyline,Prescription CNS,Inhaler,10mg,Pfizer Nigeria,Antidepressants/CNS,24,OTC,Store below 25°C,48,B,E,71.51,117.29,203,782,96
DRG0162,Dextromethorphan DS 20mg/ml Syrup,Dextromethorphan,Dextromethorphan DS,OTC Respiratory,Syrup,20mg/ml,Nemel Pharmaceuticals,Respiratory/Antitussives,20,Prescription Only,Refrigerate 2-8°C,12,A,N,130.29,183.21,258,1264,141
DRG0163,Medroxyprogesterone 250mg Suppository,Medroxyprogesterone,Medroxyprogesterone,Family Planning,Suppository,250mg,SKG Pharma,Contraceptives,100,Prescription Only,Store below 25°C,60,A,N,331.66,400.36,489,1369,314
DRG0164,IvermectinPlus 0.5% Cream,Ivermectin,IvermectinPlus,OTC/Prescription Antiparasitic,Cream,0.50%,Bond Chemical Industries,Antiparasitics,20,OTC,Store below 25°C,48,C,N,154.57,236.86,83,360,44
DRG0165,Simvastatin-D 1g Suppository,Simvastatin,Simvastatin-D,Chronic Disease Management,Suppository,1g,Fidson Healthcare,Cardiovascular,24,Prescription Only,Store in a cool dry place,60,C,N,351.3,523.24,186,524,127
DRG0166,OndansetronExtra 1% Capsule,Ondansetron,OndansetronExtra,OTC Gastro,Capsule,1%,Neimeth International,Antiemetics,1,OTC,"Store below 30°C, away from moisture",12,B,E,66.66,102.42,367,1267,240
DRG0167,OmeprazoleMax 100mg/5ml Suppository,Omeprazole,OmeprazoleMax,OTC Gastro,Suppository,100mg/5ml,Ranbaxy Nigeria,Antacids/Antiulcerants,5,OTC,Store below 25°C,60,A,N,100.12,162.77,169,669,84
DRG0168,MagnesiumPlus 1g Sachet/Powder,Magnesium Trisilicate,MagnesiumPlus,OTC Gastro,Sachet/Powder,1g,Evans Medical Plc,Antacids/Antiulcerants,50,OTC,Refrigerate 2-8°C,36,A,E,152.21,234.14,164,712,85
DRG0169,Praziquantel-D 5mg/ml Syrup,Praziquantel,Praziquantel-D,OTC/Prescription Antiparasitic,Syrup,5mg/ml,Sun Pharmaceuticals Nigeria,Antiparasitics,1,OTC,Protect from light,24,C,E,35.33,51.43,62,155,32
DRG0170,Sulphadoxine DS 5mg Inhaler,Sulphadoxine/Pyrimethamine,Sulphadoxine DS,OTC/Prescription Antimalarial,Inhaler,5mg,May & Baker Nigeria,Antimalarials,5,OTC,Store below 25°C,12,B,N,277.35,437.84,118,371,69
DRG0171,Digoxin Junior 1% Inhaler,Digoxin,Digoxin Junior,Chronic Disease Management,Inhaler,1%,Pharma-Deko Plc,Cardiovascular,100,OTC,Store in a cool dry place,24,B,V,38.49,57.22,474,1822,230
DRG0172,Naproxen-D 100mg/5ml Inhaler,Naproxen,Naproxen-D,OTC Pain Relief,Inhaler,100mg/5ml,Reckitt Benckiser Nigeria,NSAIDs,50,Prescription Only,Store below 25°C,12,C,V,177.96,240.97,382,1463,263
DRG0173,IvermectinExtra 5mg Tablet,Ivermectin,IvermectinExtra,OTC/Prescription Antiparasitic,Tablet,5mg,SKG Pharma,Antiparasitics,1,OTC,Store below 25°C,18,C,E,138.51,220.62,306,1252,178
DRG0174,BromhexinePlus 5mg Inhaler,Bromhexine,BromhexinePlus,OTC Respiratory,Inhaler,5mg,Sun Pharmaceuticals Nigeria,Respiratory/Antitussives,1,Controlled,Refrigerate 2-8°C,36,C,E,35.26,44.46,138,449,71
DRG0175,Quinine 100mg/5ml Cream,Quinine,Quinine,OTC/Prescription Antimalarial,Cream,100mg/5ml,Swiss Pharma Nigeria,Antimalarials,60,Prescription Only,"Store below 30°C, away from moisture",12,C,N,35.53,53.56,96,369,56
DRG0176,Ibuprofen 2.5mg Ointment,Ibuprofen,Ibuprofen,OTC Pain Relief,Ointment,2.5mg,Drugfield Pharmaceuticals,Analgesics,20,OTC,Refrigerate 2-8°C,60,A,V,258.72,411.57,309,919,160
DRG0177,PiroxicamMax 10mg Eye Drops,Piroxicam,PiroxicamMax,OTC Pain Relief,Eye Drops,10mg,Marbis Pharmaceuticals,NSAIDs,20,OTC,Store below 25°C,36,C,V,213.96,324.29,277,821,178
DRG0178,Promethazine-D 1g Sachet/Powder,Promethazine,Promethazine-D,OTC Allergy,Sachet/Powder,1g,May & Baker Nigeria,Antihistamines,20,Prescription Only,Refrigerate 2-8°C,24,C,V,52.63,78.87,496,1954,282
DRG0179,Loratadine 500mg Suspension,Loratadine,Loratadine,OTC Allergy,Suspension,500mg,Evans Medical Plc,Antihistamines,30,Prescription Only,"Store below 30°C, away from moisture",36,C,V,52.6,80.28,229,964,94
DRG0180,Aspirin-D 0.5% Eye Drops,Aspirin,Aspirin-D,OTC Pain Relief,Eye Drops,0.50%,Codix Pharma,Analgesics,5,OTC,Store below 25°C,12,B,V,121.16,167.51,59,165,26
DRG0181,Lamivudine Junior 100mg/5ml Suppository,Lamivudine/Tenofovir/Dolutegravir,Lamivudine Junior,Prescription Antimicrobials,Suppository,100mg/5ml,Sanofi Nigeria,Antivirals,100,Prescription Only,Store below 25°C,18,A,E,83.91,133.17,333,934,219
DRG0182,Atorvastatin Junior 2.5mg Sachet/Powder,Atorvastatin,Atorvastatin Junior,Chronic Disease Management,Sachet/Powder,2.5mg,Bioraj Pharmaceuticals,Cardiovascular,60,OTC,Protect from light,60,A,E,186.71,233.71,426,1667,242
DRG0183,Warfarin DS 250mg Suppository,Warfarin,Warfarin DS,Chronic Disease Management,Suppository,250mg,Swiss Pharma Nigeria,Anticoagulants,20,Prescription Only,Refrigerate 2-8°C,18,B,N,118.2,143.46,175,555,119
DRG0184,ChlorpheniramineGold 2.5mg Cream,Chlorpheniramine,ChlorpheniramineGold,OTC Allergy,Cream,2.5mg,Sanofi Nigeria,Antihistamines,50,Prescription Only,Refrigerate 2-8°C,18,C,N,295.88,382.5,183,637,77
DRG0185,FluoxetineMax 2.5mg Inhaler,Fluoxetine,FluoxetineMax,Prescription CNS,Inhaler,2.5mg,Swiss Pharma Nigeria,Antidepressants/CNS,20,Prescription Only,"Store below 30°C, away from moisture",48,A,E,174.04,246.4,204,714,99
DRG0186,Warfarin-D 250mg Inhaler,Warfarin,Warfarin-D,Chronic Disease Management,Inhaler,250mg,Neimeth International,Anticoagulants,10,OTC,Protect from light,24,B,V,142.25,199.9,297,875,136
DRG0187,EsomeprazolePlus 20mg/ml Eye Drops,Esomeprazole,EsomeprazolePlus,OTC Gastro,Eye Drops,20mg/ml,Marbis Pharmaceuticals,Antacids/Antiulcerants,5,OTC,Refrigerate 2-8°C,36,B,V,68.39,106.71,189,473,107
DRG0188,ZincMax 500mg Eye Drops,Zinc Sulphate,ZincMax,Wellness/Supplements,Eye Drops,500mg,Sun Pharmaceuticals Nigeria,Vitamins & Supplements,10,OTC,Store in a cool dry place,36,A,N,65.68,88.82,367,1700,188
DRG0189,PiroxicamExtra 1% Cream,Piroxicam,PiroxicamExtra,OTC Pain Relief,Cream,1%,Ranbaxy Nigeria,NSAIDs,60,Prescription Only,Refrigerate 2-8°C,36,B,E,81.84,113.94,485,2079,216
DRG0190,Insulin 1g Capsule,Insulin Glargine,Insulin,Chronic Disease Management,Capsule,1g,SKG Pharma,Antidiabetics,30,OTC,Refrigerate 2-8°C,36,B,N,374.1,432.72,225,950,133
DRG0191,MultivitaminPlus 100mg/5ml Injection,Multivitamin,MultivitaminPlus,Wellness/Supplements,Injection,100mg/5ml,GlaxoSmithKline Nigeria,Vitamins & Supplements,100,OTC,"Store below 30°C, away from moisture",24,B,N,66.37,89.92,372,1438,208
DRG0192,ClopidogrelGold 5mg/ml Syrup,Clopidogrel,ClopidogrelGold,Chronic Disease Management,Syrup,5mg/ml,Ranbaxy Nigeria,Anticoagulants,5,OTC,Refrigerate 2-8°C,36,C,N,100.85,148.64,223,948,107
DRG0193,Paracetamol 10mg Eye Drops,Paracetamol,Paracetamol,OTC Pain Relief,Eye Drops,10mg,Sun Pharmaceuticals Nigeria,Analgesics,30,Prescription Only,Store below 25°C,12,C,N,35.78,41.42,123,595,66
DRG0194,Lamivudine Junior 2.5mg Injection,Lamivudine/Tenofovir/Dolutegravir,Lamivudine Junior,Prescription Antimicrobials,Injection,2.5mg,Marbis Pharmaceuticals,Antivirals,10,Prescription Only,Store in a cool dry place,18,A,E,137.32,177.2,400,1665,249
DRG0195,Griseofulvin-D 100mg/5ml Tablet,Griseofulvin,Griseofulvin-D,Prescription Antimicrobials,Tablet,100mg/5ml,Sun Pharmaceuticals Nigeria,Antifungals,10,Prescription Only,"Store below 30°C, away from moisture",24,C,E,551.76,691.9,192,607,88
DRG0196,Fluoxetine DS 5mg/ml Suppository,Fluoxetine,Fluoxetine DS,Prescription CNS,Suppository,5mg/ml,May & Baker Nigeria,Antidepressants/CNS,5,OTC,Protect from light,60,C,N,51.46,60.26,341,1338,166
DRG0197,ChloramphenicolForte 1g Ointment,Chloramphenicol Eye Drops,ChloramphenicolForte,OTC Eye Care,Ointment,1g,Swiss Pharma Nigeria,Ophthalmics,60,Prescription Only,Refrigerate 2-8°C,18,C,E,1335.63,1856.03,447,1611,225
DRG0198,EsomeprazolePlus 250mg Tablet,Esomeprazole,EsomeprazolePlus,OTC Gastro,Tablet,250mg,SKG Pharma,Antacids/Antiulcerants,24,Prescription Only,Store in a cool dry place,48,A,V,95.51,118.51,161,626,100
DRG0199,Piroxicam 1g Syrup,Piroxicam,Piroxicam,OTC Pain Relief,Syrup,1g,Marbis Pharmaceuticals,NSAIDs,60,OTC,Protect from light,60,A,E,34.17,51.99,255,967,166
DRG0200,Oseltamivir 2.5mg Suppository,Oseltamivir,Oseltamivir,Prescription Antimicrobials,Suppository,2.5mg,Ranbaxy Nigeria,Antivirals,1,Prescription Only,Refrigerate 2-8°C,36,A,E,67.13,105.66,180,836,92
DRG0201,AspirinForte 50mg Ointment,Aspirin,AspirinForte,OTC Pain Relief,Ointment,50mg,Ranbaxy Nigeria,Analgesics,50,Prescription Only,Store below 25°C,48,A,N,236.53,336.53,418,1726,204
DRG0202,PromethazineGold 50mg Tablet,Promethazine Injection,PromethazineGold,OTC Gastro,Tablet,50mg,Pfizer Nigeria,Antiemetics,1,OTC,Protect from light,36,B,E,433.15,710.74,159,472,106
DRG0203,GlibenclamideForte 250mg Suspension,Glibenclamide,GlibenclamideForte,Chronic Disease Management,Suspension,250mg,Fidson Healthcare,Antidiabetics,1,OTC,"Store below 30°C, away from moisture",36,C,E,141.96,195.23,419,1113,293
DRG0204,Esomeprazole Junior 1% Tablet,Esomeprazole,Esomeprazole Junior,OTC Gastro,Tablet,1%,SKG Pharma,Antacids/Antiulcerants,24,Prescription Only,Protect from light,24,B,N,291.8,410.47,116,413,69
DRG0205,Ondansetron-D 5mg/ml Syrup,Ondansetron,Ondansetron-D,OTC Gastro,Syrup,5mg/ml,Sun Pharmaceuticals Nigeria,Antiemetics,5,OTC,Refrigerate 2-8°C,60,B,N,46.81,76.98,431,1094,300
DRG0206,ClotrimazoleGold 2.5mg Injection,Clotrimazole,ClotrimazoleGold,Prescription Antimicrobials,Injection,2.5mg,Juhel Nigeria Limited,Antifungals,50,OTC,Refrigerate 2-8°C,24,C,E,57.65,72.97,135,444,80
DRG0207,Esomeprazole Junior 2.5mg Cream,Esomeprazole,Esomeprazole Junior,OTC Gastro,Cream,2.5mg,Ranbaxy Nigeria,Antacids/Antiulcerants,50,OTC,Protect from light,60,A,E,40.18,65.14,324,1108,200
DRG0208,Carbamazepine-D 20mg Syrup,Carbamazepine,Carbamazepine-D,Prescription CNS,Syrup,20mg,Sun Pharmaceuticals Nigeria,Antidepressants/CNS,10,OTC,Store below 25°C,24,C,E,59.81,70.06,276,949,142
DRG0209,Diclofenac Junior 10mg Suspension,Diclofenac Gel,Diclofenac Junior,OTC Pain Relief,Suspension,10mg,Reckitt Benckiser Nigeria,NSAIDs,5,OTC,Protect from light,60,C,E,146.97,201.82,487,2409,258
DRG0210,KetoconazoleGold 250mg Suspension,Ketoconazole,KetoconazoleGold,Prescription Antimicrobials,Suspension,250mg,GlaxoSmithKline Nigeria,Antifungals,5,OTC,"Store below 30°C, away from moisture",12,C,V,97.54,115.59,374,1219,165
DRG0211,Nifedipine Junior 20mg/ml Capsule,Nifedipine,Nifedipine Junior,Chronic Disease Management,Capsule,20mg/ml,Ranbaxy Nigeria,Antihypertensives,24,OTC,Protect from light,18,C,E,160.04,242.4,59,186,38
DRG0212,BenzylGold 1g Injection,Benzyl Benzoate,BenzylGold,OTC Skincare,Injection,1g,Drugfield Pharmaceuticals,Dermatologicals,50,Prescription Only,Store below 25°C,60,B,N,51.4,74.75,466,1315,316
DRG0213,WarfarinPlus 100mg/5ml Syrup,Warfarin,WarfarinPlus,Chronic Disease Management,Syrup,100mg/5ml,Codix Pharma,Anticoagulants,24,Controlled,Store below 25°C,36,C,E,52.75,79.3,446,1684,261
DRG0214,MetoclopramideMax 250mg Tablet,Metoclopramide,MetoclopramideMax,OTC Gastro,Tablet,250mg,Reckitt Benckiser Nigeria,Antiemetics,50,Prescription Only,Store below 25°C,24,C,E,96.99,129.7,433,1248,217
DRG0215,Lamivudine 5mg/ml Suppository,Lamivudine/Tenofovir/Dolutegravir,Lamivudine,Prescription Antimicrobials,Suppository,5mg/ml,Pfizer Nigeria,Antivirals,24,Prescription Only,Store in a cool dry place,24,C,V,59.88,79.92,404,1632,180
DRG0216,OmeprazoleExtra 20mg/ml Eye Drops,Omeprazole,OmeprazoleExtra,OTC Gastro,Eye Drops,20mg/ml,Ranbaxy Nigeria,Antacids/Antiulcerants,50,Prescription Only,Store below 25°C,60,B,E,230.71,270.54,484,1397,232
DRG0217,DigoxinGold 50mg Syrup,Digoxin,DigoxinGold,Chronic Disease Management,Syrup,50mg,Nemel Pharmaceuticals,Cardiovascular,100,Prescription Only,Protect from light,24,C,N,59.15,78.37,337,1328,160
DRG0218,SulphadoxineForte 5mg Syrup,Sulphadoxine/Pyrimethamine,SulphadoxineForte,OTC/Prescription Antimalarial,Syrup,5mg,Novartis Nigeria,Antimalarials,1,OTC,"Store below 30°C, away from moisture",12,A,E,63.27,102.16,161,735,94
DRG0219,Clotrimazole Junior 1g Injection,Clotrimazole,Clotrimazole Junior,Prescription Antimicrobials,Injection,1g,Chi Pharmaceuticals,Antifungals,50,Prescription Only,Protect from light,12,C,V,113,151.38,73,190,49
DRG0220,GriseofulvinGold 20mg/ml Tablet,Griseofulvin,GriseofulvinGold,Prescription Antimicrobials,Tablet,20mg/ml,Sanofi Nigeria,Antifungals,20,OTC,"Store below 30°C, away from moisture",36,A,E,66.99,104.89,340,1206,140
DRG0221,MedroxyprogesteroneForte 20mg Sachet/Powder,Medroxyprogesterone,MedroxyprogesteroneForte,Family Planning,Sachet/Powder,20mg,Pharma-Deko Plc,Contraceptives,60,Prescription Only,"Store below 30°C, away from moisture",18,C,N,45.88,72.08,388,1417,155
DRG0222,Metoclopramide-D 1% Ointment,Metoclopramide,Metoclopramide-D,OTC Gastro,Ointment,1%,Bioraj Pharmaceuticals,Antiemetics,5,Prescription Only,Protect from light,60,C,E,48.19,64.41,375,1679,217
DRG0223,RanitidineForte 5mg/ml Suppository,Ranitidine,RanitidineForte,OTC Gastro,Suppository,5mg/ml,Novartis Nigeria,Antacids/Antiulcerants,5,Prescription Only,Store below 25°C,48,B,V,123.48,181.02,217,796,105
DRG0224,Amlodipine 50mg Suspension,Amlodipine,Amlodipine,Chronic Disease Management,Suspension,50mg,Codix Pharma,Antihypertensives,5,OTC,Refrigerate 2-8°C,48,B,E,44.03,52.73,487,1908,323
DRG0225,NaproxenGold 5mg/ml Inhaler,Naproxen,NaproxenGold,OTC Pain Relief,Inhaler,5mg/ml,Novartis Nigeria,NSAIDs,20,Prescription Only,Store in a cool dry place,12,B,N,250.78,301.4,158,707,78
DRG0226,Piroxicam DS 50mg Eye Drops,Piroxicam,Piroxicam DS,OTC Pain Relief,Eye Drops,50mg,SKG Pharma,NSAIDs,10,Prescription Only,Refrigerate 2-8°C,60,C,V,57.37,67.37,477,1860,232
DRG0227,DiclofenacPlus 50mg Suspension,Diclofenac,DiclofenacPlus,OTC Pain Relief,Suspension,50mg,Bond Chemical Industries,Analgesics,20,OTC,Refrigerate 2-8°C,60,C,E,131.11,188.86,239,811,114
DRG0228,QuinineForte 250mg Eye Drops,Quinine,QuinineForte,OTC/Prescription Antimalarial,Eye Drops,250mg,Fidson Healthcare,Antimalarials,50,OTC,"Store below 30°C, away from moisture",60,C,E,59.07,80.51,404,1096,179
DRG0229,Whitfield's Junior 100mg/5ml Ointment,Whitfield's Ointment,Whitfield's Junior,OTC Skincare,Ointment,100mg/5ml,Sun Pharmaceuticals Nigeria,Dermatologicals,20,Prescription Only,Protect from light,18,C,V,51.86,73.85,245,1059,140
DRG0230,Salbutamol 2.5mg Ointment,Salbutamol,Salbutamol,OTC Respiratory,Ointment,2.5mg,Neimeth International,Respiratory/Antitussives,24,Prescription Only,"Store below 30°C, away from moisture",12,C,N,99.83,140.81,82,383,36
DRG0231,Aspirin 2.5mg Ointment,Aspirin,Aspirin,OTC Pain Relief,Ointment,2.5mg,Bioraj Pharmaceuticals,Analgesics,100,Prescription Only,"Store below 30°C, away from moisture",36,B,N,186.3,246.87,254,1250,133
DRG0232,DextromethorphanGold 250mg Capsule,Dextromethorphan,DextromethorphanGold,OTC Respiratory,Capsule,250mg,Bond Chemical Industries,Respiratory/Antitussives,100,Prescription Only,Store below 25°C,18,B,E,72.63,108.13,361,1738,194
DRG0233,OmeprazolePlus 50mg Eye Drops,Omeprazole,OmeprazolePlus,OTC Gastro,Eye Drops,50mg,GlaxoSmithKline Nigeria,Antacids/Antiulcerants,10,OTC,Store below 25°C,36,C,V,81.14,124.08,469,2107,190
DRG0234,PiroxicamGold 5mg Tablet,Piroxicam,PiroxicamGold,OTC Pain Relief,Tablet,5mg,Codix Pharma,NSAIDs,5,Controlled,"Store below 30°C, away from moisture",60,B,V,152.42,176.4,231,949,93
DRG0235,Aspirin-D 20mg Suspension,Aspirin (Low Dose),Aspirin-D,Chronic Disease Management,Suspension,20mg,Nemel Pharmaceuticals,Anticoagulants,24,Controlled,Protect from light,18,A,E,156.54,196.24,196,872,108
DRG0236,Whitfield'sPlus 50mg Suppository,Whitfield's Ointment,Whitfield'sPlus,OTC Skincare,Suppository,50mg,Bond Chemical Industries,Dermatologicals,24,Prescription Only,Store in a cool dry place,48,A,E,82.54,124.36,476,1704,289
DRG0237,Metoclopramide DS 1g Suppository,Metoclopramide,Metoclopramide DS,OTC Gastro,Suppository,1g,Evans Medical Plc,Antiemetics,100,OTC,Refrigerate 2-8°C,36,A,V,65.04,87.37,317,1263,216
DRG0238,PromethazineGold 1% Injection,Promethazine,PromethazineGold,OTC Allergy,Injection,1%,Chi Pharmaceuticals,Antihistamines,24,Prescription Only,Store below 25°C,48,C,V,89.3,132.27,60,202,27
DRG0239,Benzyl 100mg/5ml Syrup,Benzyl Benzoate,Benzyl,OTC Skincare,Syrup,100mg/5ml,Codix Pharma,Dermatologicals,30,OTC,Refrigerate 2-8°C,60,B,V,75.11,99.41,119,394,51
DRG0240,SulphadoxineForte 1% Suppository,Sulphadoxine/Pyrimethamine,SulphadoxineForte,OTC/Prescription Antimalarial,Suppository,1%,Evans Medical Plc,Antimalarials,30,OTC,Store in a cool dry place,60,C,N,104.66,140.81,305,1339,126
DRG0241,TetracyclineForte 0.5% Suspension,Tetracycline Eye Ointment,TetracyclineForte,OTC Eye Care,Suspension,0.50%,Fidson Healthcare,Ophthalmics,5,OTC,"Store below 30°C, away from moisture",24,B,N,46.54,57.21,445,1617,236
DRG0242,AcyclovirGold 1% Capsule,Acyclovir,AcyclovirGold,Prescription Antimicrobials,Capsule,1%,Juhel Nigeria Limited,Antivirals,1,Prescription Only,Protect from light,60,B,N,102.04,130.52,268,812,157
DRG0243,Esomeprazole 0.5% Cream,Esomeprazole,Esomeprazole,OTC Gastro,Cream,0.50%,Chi Pharmaceuticals,Antacids/Antiulcerants,50,OTC,Protect from light,60,B,V,56.62,82.25,346,1039,225
DRG0244,Bromhexine-D 5mg/ml Suppository,Bromhexine,Bromhexine-D,OTC Respiratory,Suppository,5mg/ml,Bond Chemical Industries,Respiratory/Antitussives,1,OTC,Store in a cool dry place,24,C,N,165.08,225.6,458,2128,276
DRG0245,Magnesium DS 50mg Tablet,Magnesium Trisilicate,Magnesium DS,OTC Gastro,Tablet,50mg,Ranbaxy Nigeria,Antacids/Antiulcerants,30,Prescription Only,Store below 25°C,24,C,V,57.87,88.95,411,1723,190
DRG0246,CarbamazepineExtra 1g Suspension,Carbamazepine,CarbamazepineExtra,Prescription CNS,Suspension,1g,Pharma-Deko Plc,Antidepressants/CNS,30,OTC,"Store below 30°C, away from moisture",36,C,E,58.36,91.99,308,1190,165
DRG0247,Fluoxetine Junior 1% Sachet/Powder,Fluoxetine,Fluoxetine Junior,Prescription CNS,Sachet/Powder,1%,Bond Chemical Industries,Antidepressants/CNS,1,OTC,Refrigerate 2-8°C,18,C,N,115.23,163.72,52,182,35
DRG0248,Gliclazide 250mg Sachet/Powder,Gliclazide,Gliclazide,Chronic Disease Management,Sachet/Powder,250mg,Neimeth International,Antidiabetics,5,OTC,Store below 25°C,60,C,E,85.38,130.56,133,475,66
DRG0249,AmoxicillinExtra 10mg Sachet/Powder,Amoxicillin,AmoxicillinExtra,Prescription Antimicrobials,Sachet/Powder,10mg,Cipla Nigeria,Antibiotics,20,Prescription Only,Store below 25°C,18,C,E,562,732.54,205,541,112
DRG0250,CombinedPlus 20mg/ml Inhaler,Combined Oral Contraceptive Pill,CombinedPlus,Family Planning,Inhaler,20mg/ml,Evans Medical Plc,Contraceptives,1,Prescription Only,Store below 25°C,12,C,V,40.7,55.25,200,727,137
DRG0251,CarbamazepinePlus 1% Suppository,Carbamazepine,CarbamazepinePlus,Prescription CNS,Suppository,1%,Emzor Pharmaceuticals,Antidepressants/CNS,50,Prescription Only,Refrigerate 2-8°C,12,C,V,90.94,136.99,225,1009,139
DRG0252,Medroxyprogesterone DS 500mg Syrup,Medroxyprogesterone,Medroxyprogesterone DS,Family Planning,Syrup,500mg,Novartis Nigeria,Contraceptives,20,Prescription Only,"Store below 30°C, away from moisture",18,A,E,198.96,267.22,244,846,152
DRG0253,Tetracycline-D 0.5% Injection,Tetracycline Eye Ointment,Tetracycline-D,OTC Eye Care,Injection,0.50%,Bond Chemical Industries,Ophthalmics,100,OTC,Store in a cool dry place,36,C,E,60.62,87.55,475,1643,225
DRG0254,WarfarinGold 20mg/ml Injection,Warfarin,WarfarinGold,Chronic Disease Management,Injection,20mg/ml,Sanofi Nigeria,Anticoagulants,20,Prescription Only,Store below 25°C,12,C,N,51.96,64.57,156,396,81
DRG0255,Praziquantel 250mg Eye Drops,Praziquantel,Praziquantel,OTC/Prescription Antiparasitic,Eye Drops,250mg,Sun Pharmaceuticals Nigeria,Antiparasitics,10,Prescription Only,Store below 25°C,36,C,E,52.85,76.63,473,1723,200
DRG0256,Whitfield'sForte 250mg Suppository,Whitfield's Ointment,Whitfield'sForte,OTC Skincare,Suppository,250mg,Nemel Pharmaceuticals,Dermatologicals,30,OTC,Protect from light,36,B,E,40.89,64.64,183,469,106
DRG0257,FluconazoleMax 50mg Suppository,Fluconazole,FluconazoleMax,Prescription Antimicrobials,Suppository,50mg,May & Baker Nigeria,Antifungals,10,OTC,Refrigerate 2-8°C,12,C,V,240.55,381.11,325,1275,140
DRG0258,Ranitidine DS 20mg Capsule,Ranitidine,Ranitidine DS,OTC Gastro,Capsule,20mg,Sanofi Nigeria,Antacids/Antiulcerants,24,Prescription Only,Protect from light,36,C,V,69.27,104.75,444,1672,288
DRG0259,FluoxetineExtra 2.5mg Capsule,Fluoxetine,FluoxetineExtra,Prescription CNS,Capsule,2.5mg,Sun Pharmaceuticals Nigeria,Antidepressants/CNS,60,OTC,Store in a cool dry place,18,B,N,64.88,98.8,401,1844,258
DRG0260,Amodiaquine DS 250mg Cream,Amodiaquine,Amodiaquine DS,OTC/Prescription Antimalarial,Cream,250mg,Marbis Pharmaceuticals,Antimalarials,50,Prescription Only,Store in a cool dry place,36,C,V,36.53,52.2,429,1696,240
DRG0261,Folic DS 5mg Ointment,Folic Acid,Folic DS,Wellness/Supplements,Ointment,5mg,Codix Pharma,Vitamins & Supplements,100,OTC,Protect from light,24,A,E,43.02,62.05,204,674,90
DRG0262,ZincForte 5mg Injection,Zinc Sulphate,ZincForte,Wellness/Supplements,Injection,5mg,May & Baker Nigeria,Vitamins & Supplements,100,Prescription Only,"Store below 30°C, away from moisture",60,A,V,266.37,324.13,326,1235,132
DRG0263,IvermectinForte 250mg Capsule,Ivermectin,IvermectinForte,OTC/Prescription Antiparasitic,Capsule,250mg,Evans Medical Plc,Antiparasitics,50,OTC,Refrigerate 2-8°C,12,A,N,103.93,142.58,285,1211,182
DRG0264,Metformin DS 2.5mg Eye Drops,Metformin,Metformin DS,Chronic Disease Management,Eye Drops,2.5mg,Neimeth International,Antidiabetics,5,Prescription Only,Store below 25°C,12,A,N,205.3,282.37,289,790,167
DRG0265,AmodiaquineForte 50mg Inhaler,Amodiaquine,AmodiaquineForte,OTC/Prescription Antimalarial,Inhaler,50mg,Codix Pharma,Antimalarials,60,Prescription Only,Store below 25°C,24,C,V,184.47,300.55,419,1698,256
DRG0266,Benzyl 50mg Suspension,Benzyl Benzoate,Benzyl,OTC Skincare,Suspension,50mg,May & Baker Nigeria,Dermatologicals,5,OTC,Store in a cool dry place,18,A,E,50.07,68.37,62,297,30
DRG0267,InsulinMax 5mg Eye Drops,Insulin Glargine,InsulinMax,Chronic Disease Management,Eye Drops,5mg,Pharma-Deko Plc,Antidiabetics,20,OTC,Refrigerate 2-8°C,36,B,E,650.08,926.15,391,1269,216
DRG0268,Lamivudine-D 10mg Injection,Lamivudine/Tenofovir/Dolutegravir,Lamivudine-D,Prescription Antimicrobials,Injection,10mg,May & Baker Nigeria,Antivirals,1,Prescription Only,"Store below 30°C, away from moisture",36,A,E,413.65,585.99,84,341,52
DRG0269,LisinoprilPlus 1g Ointment,Lisinopril,LisinoprilPlus,Chronic Disease Management,Ointment,1g,Pharma-Deko Plc,Antihypertensives,100,Prescription Only,Refrigerate 2-8°C,36,B,V,61.07,89.67,96,437,51
DRG0270,FurosemideExtra 1g Injection,Furosemide,FurosemideExtra,Chronic Disease Management,Injection,1g,Pfizer Nigeria,Cardiovascular,30,OTC,"Store below 30°C, away from moisture",36,A,N,31.54,48.07,263,994,152
DRG0271,Digoxin Junior 0.5% Inhaler,Digoxin,Digoxin Junior,Chronic Disease Management,Inhaler,0.50%,Reckitt Benckiser Nigeria,Cardiovascular,30,OTC,Refrigerate 2-8°C,36,C,V,68.22,86.13,461,1979,293
DRG0272,SalbutamolGold 2.5mg Inhaler,Salbutamol,SalbutamolGold,OTC Respiratory,Inhaler,2.5mg,Nemel Pharmaceuticals,Respiratory/Antitussives,24,Prescription Only,Protect from light,12,A,N,99.29,140.43,454,1487,210
DRG0273,PiroxicamMax 0.5% Capsule,Piroxicam,PiroxicamMax,OTC Pain Relief,Capsule,0.50%,Bioraj Pharmaceuticals,NSAIDs,100,Prescription Only,"Store below 30°C, away from moisture",60,C,E,60.95,95.26,195,636,81
DRG0274,AcyclovirExtra 0.5% Ointment,Acyclovir,AcyclovirExtra,Prescription Antimicrobials,Ointment,0.50%,Bond Chemical Industries,Antivirals,100,OTC,Protect from light,36,C,V,73.75,101.89,208,867,116
DRG0275,Aspirin 2.5mg Ointment,Aspirin (Low Dose),Aspirin,Chronic Disease Management,Ointment,2.5mg,Codix Pharma,Anticoagulants,10,Prescription Only,Refrigerate 2-8°C,60,A,E,53.84,69.41,493,2101,206
DRG0276,AmitriptylineGold 20mg/ml Sachet/Powder,Amitriptyline,AmitriptylineGold,Prescription CNS,Sachet/Powder,20mg/ml,GlaxoSmithKline Nigeria,Antidepressants/CNS,60,OTC,Protect from light,12,C,E,167.23,247.06,174,842,109
DRG0277,Clopidogrel DS 0.5% Cream,Clopidogrel,Clopidogrel DS,Chronic Disease Management,Cream,0.50%,Novartis Nigeria,Anticoagulants,100,OTC,Store below 25°C,24,A,E,88.19,137.74,159,486,97
DRG0278,Vitamin 50mg Suppository,Vitamin B Complex,Vitamin,Wellness/Supplements,Suppository,50mg,Reckitt Benckiser Nigeria,Vitamins & Supplements,30,OTC,Store in a cool dry place,36,B,E,171.39,202.51,86,315,57
DRG0279,ClopidogrelExtra 250mg Cream,Clopidogrel,ClopidogrelExtra,Chronic Disease Management,Cream,250mg,SKG Pharma,Anticoagulants,1,OTC,Store in a cool dry place,12,A,E,215.34,331.28,326,1019,192
DRG0280,LisinoprilMax 5mg/ml Cream,Lisinopril,LisinoprilMax,Chronic Disease Management,Cream,5mg/ml,Evans Medical Plc,Antihypertensives,30,Prescription Only,Refrigerate 2-8°C,36,B,E,36.21,56.52,63,170,26
DRG0281,Nifedipine Junior 500mg Cream,Nifedipine,Nifedipine Junior,Chronic Disease Management,Cream,500mg,Reckitt Benckiser Nigeria,Antihypertensives,50,OTC,Store below 25°C,12,C,V,55.27,76.31,396,1389,188
DRG0282,AtorvastatinExtra 2.5mg Suspension,Atorvastatin,AtorvastatinExtra,Chronic Disease Management,Suspension,2.5mg,Novartis Nigeria,Cardiovascular,24,Prescription Only,Refrigerate 2-8°C,48,C,E,59.25,97.27,281,965,180
DRG0283,Benzyl DS 5mg Sachet/Powder,Benzyl Benzoate,Benzyl DS,OTC Skincare,Sachet/Powder,5mg,Chi Pharmaceuticals,Dermatologicals,24,Prescription Only,Store in a cool dry place,36,B,E,744.35,1148.8,365,1159,164
DRG0284,Tramadol Junior 100mg/5ml Inhaler,Tramadol,Tramadol Junior,OTC Pain Relief,Inhaler,100mg/5ml,Juhel Nigeria Limited,Analgesics,100,OTC,"Store below 30°C, away from moisture",18,C,E,93.37,143.49,173,560,105
DRG0285,FluconazoleForte 5mg Suppository,Fluconazole,FluconazoleForte,Prescription Antimicrobials,Suppository,5mg,Nemel Pharmaceuticals,Antifungals,60,OTC,Store in a cool dry place,12,A,E,153.05,233.24,328,1115,207
DRG0286,Clotrimazole-D 100mg/5ml Inhaler,Clotrimazole,Clotrimazole-D,Prescription Antimicrobials,Inhaler,100mg/5ml,SKG Pharma,Antifungals,100,Prescription Only,Refrigerate 2-8°C,24,C,E,38.33,46.97,160,795,79
DRG0287,PiroxicamMax 50mg Inhaler,Piroxicam,PiroxicamMax,OTC Pain Relief,Inhaler,50mg,Novartis Nigeria,NSAIDs,20,Prescription Only,Refrigerate 2-8°C,12,B,N,93.01,117.06,173,771,85
DRG0288,FolicExtra 1% Cream,Folic Acid,FolicExtra,Wellness/Supplements,Cream,1%,GlaxoSmithKline Nigeria,Vitamins & Supplements,24,Prescription Only,Store in a cool dry place,48,A,N,175.23,242.17,462,1237,262
DRG0289,GliclazideExtra 20mg/ml Eye Drops,Gliclazide,GliclazideExtra,Chronic Disease Management,Eye Drops,20mg/ml,Cipla Nigeria,Antidiabetics,5,Prescription Only,"Store below 30°C, away from moisture",48,A,E,159.28,204.2,480,2246,316
DRG0290,PromethazineExtra 1g Syrup,Promethazine,PromethazineExtra,OTC Allergy,Syrup,1g,Pharma-Deko Plc,Antihistamines,1,Prescription Only,Refrigerate 2-8°C,12,A,E,131.84,178.99,79,322,36
DRG0291,Metoclopramide DS 2.5mg Suppository,Metoclopramide,Metoclopramide DS,OTC Gastro,Suppository,2.5mg,Juhel Nigeria Limited,Antiemetics,1,OTC,Store in a cool dry place,36,C,E,85.31,136,164,775,111
DRG0292,MefenamicForte 250mg Inhaler,Mefenamic Acid,MefenamicForte,OTC Pain Relief,Inhaler,250mg,Neimeth International,NSAIDs,30,OTC,Refrigerate 2-8°C,18,C,N,88.07,137.58,139,466,80
DRG0293,Fluoxetine Junior 1% Inhaler,Fluoxetine,Fluoxetine Junior,Prescription CNS,Inhaler,1%,Neimeth International,Antidepressants/CNS,1,Prescription Only,Store below 25°C,48,A,V,40.04,58.66,261,955,182
DRG0294,Losartan-D 0.5% Suppository,Losartan,Losartan-D,Chronic Disease Management,Suppository,0.50%,Codix Pharma,Antihypertensives,10,Prescription Only,Store in a cool dry place,48,C,E,52.19,82.41,87,412,37
DRG0295,EsomeprazoleGold 250mg Injection,Esomeprazole,EsomeprazoleGold,OTC Gastro,Injection,250mg,GlaxoSmithKline Nigeria,Antacids/Antiulcerants,1,OTC,Store below 25°C,36,C,N,98.78,152.31,132,419,57
DRG0296,Lisinopril-D 20mg/ml Inhaler,Lisinopril,Lisinopril-D,Chronic Disease Management,Inhaler,20mg/ml,Juhel Nigeria Limited,Antihypertensives,100,OTC,"Store below 30°C, away from moisture",18,C,V,56.68,77.34,76,363,49
DRG0297,Omeprazole-D 20mg Suppository,Omeprazole,Omeprazole-D,OTC Gastro,Suppository,20mg,Nemel Pharmaceuticals,Antacids/Antiulcerants,5,OTC,Refrigerate 2-8°C,24,B,V,138.73,173.49,266,1215,175
DRG0298,AspirinForte 0.5% Syrup,Aspirin (Low Dose),AspirinForte,Chronic Disease Management,Syrup,0.50%,SKG Pharma,Anticoagulants,100,Prescription Only,Refrigerate 2-8°C,60,B,E,117.08,164.74,409,2025,218
DRG0299,GlibenclamideExtra 10mg Cream,Glibenclamide,GlibenclamideExtra,Chronic Disease Management,Cream,10mg,Chi Pharmaceuticals,Antidiabetics,100,OTC,Protect from light,60,C,E,244.3,370.88,421,1393,258
DRG0300,Clotrimazole Junior 20mg/ml Capsule,Clotrimazole,Clotrimazole Junior,Prescription Antimicrobials,Capsule,20mg/ml,Sun Pharmaceuticals Nigeria,Antifungals,20,OTC,Refrigerate 2-8°C,60,C,N,172.35,235.81,264,815,174
DRG0301,Guaifenesin-D 250mg Inhaler,Guaifenesin,Guaifenesin-D,OTC Respiratory,Inhaler,250mg,Drugfield Pharmaceuticals,Respiratory/Antitussives,20,Prescription Only,Store in a cool dry place,60,B,N,98.53,146.16,270,898,111
DRG0302,Salbutamol DS 100mg/5ml Suspension,Salbutamol,Salbutamol DS,OTC Respiratory,Suspension,100mg/5ml,Codix Pharma,Respiratory/Antitussives,30,OTC,Refrigerate 2-8°C,24,A,V,145.35,174.01,64,312,36
DRG0303,Simvastatin Junior 20mg/ml Cream,Simvastatin,Simvastatin Junior,Chronic Disease Management,Cream,20mg/ml,Nemel Pharmaceuticals,Cardiovascular,10,OTC,Store in a cool dry place,12,B,V,179.17,273.06,492,1639,322
DRG0304,Lisinopril Junior 100mg/5ml Tablet,Lisinopril,Lisinopril Junior,Chronic Disease Management,Tablet,100mg/5ml,Bioraj Pharmaceuticals,Antihypertensives,30,Controlled,"Store below 30°C, away from moisture",60,C,E,62.87,97.85,308,1205,159
DRG0305,AcyclovirForte 1g Sachet/Powder,Acyclovir,AcyclovirForte,Prescription Antimicrobials,Sachet/Powder,1g,Bond Chemical Industries,Antivirals,50,OTC,"Store below 30°C, away from moisture",12,C,E,69.28,104.16,315,1105,154
DRG0306,IvermectinGold 20mg/ml Ointment,Ivermectin,IvermectinGold,OTC/Prescription Antiparasitic,Ointment,20mg/ml,Reckitt Benckiser Nigeria,Antiparasitics,20,Prescription Only,Store below 25°C,18,A,E,79.56,129.97,169,589,107
DRG0307,MetoclopramideGold 20mg/ml Suppository,Metoclopramide,MetoclopramideGold,OTC Gastro,Suppository,20mg/ml,Swiss Pharma Nigeria,Antiemetics,1,OTC,Refrigerate 2-8°C,12,C,V,63.94,99.96,450,1342,225
DRG0308,BetamethasoneForte 100mg/5ml Suspension,Betamethasone Cream,BetamethasoneForte,OTC Skincare,Suspension,100mg/5ml,Drugfield Pharmaceuticals,Dermatologicals,20,Prescription Only,Store below 25°C,12,C,E,180.76,289.5,177,680,70
DRG0309,DigoxinExtra 0.5% Ointment,Digoxin,DigoxinExtra,Chronic Disease Management,Ointment,0.50%,Pharma-Deko Plc,Cardiovascular,24,Prescription Only,"Store below 30°C, away from moisture",12,C,E,59.16,95.65,260,1202,178
DRG0310,MedroxyprogesteroneExtra 1g Eye Drops,Medroxyprogesterone,MedroxyprogesteroneExtra,Family Planning,Eye Drops,1g,Emzor Pharmaceuticals,Contraceptives,30,Prescription Only,"Store below 30°C, away from moisture",36,C,E,220.88,342.51,60,157,34
DRG0311,TetracyclineGold 500mg Capsule,Tetracycline Eye Ointment,TetracyclineGold,OTC Eye Care,Capsule,500mg,Bioraj Pharmaceuticals,Ophthalmics,24,Prescription Only,Protect from light,60,C,E,67.83,100.87,225,1062,145
DRG0312,Ivermectin-D 10mg Syrup,Ivermectin,Ivermectin-D,OTC/Prescription Antiparasitic,Syrup,10mg,Cipla Nigeria,Antiparasitics,50,Prescription Only,"Store below 30°C, away from moisture",48,B,E,117.57,135.54,182,757,117
DRG0313,TetracyclineMax 20mg/ml Tablet,Tetracycline Eye Ointment,TetracyclineMax,OTC Eye Care,Tablet,20mg/ml,Reckitt Benckiser Nigeria,Ophthalmics,50,OTC,Protect from light,48,C,E,94.48,130.66,374,1511,157
DRG0314,EsomeprazolePlus 5mg/ml Suspension,Esomeprazole,EsomeprazolePlus,OTC Gastro,Suspension,5mg/ml,Pharma-Deko Plc,Antacids/Antiulcerants,100,OTC,Store in a cool dry place,60,A,V,50.57,72.6,369,1499,166
DRG0315,ChloramphenicolPlus 1g Cream,Chloramphenicol Eye Drops,ChloramphenicolPlus,OTC Eye Care,Cream,1g,SKG Pharma,Ophthalmics,24,OTC,Protect from light,36,A,V,83.52,108.74,63,204,31
DRG0316,DextromethorphanForte 50mg Tablet,Dextromethorphan,DextromethorphanForte,OTC Respiratory,Tablet,50mg,Drugfield Pharmaceuticals,Respiratory/Antitussives,20,OTC,"Store below 30°C, away from moisture",12,B,E,106.22,139.05,99,350,49
DRG0317,DoxycyclineMax 1% Sachet/Powder,Doxycycline,DoxycyclineMax,Prescription Antimicrobials,Sachet/Powder,1%,SKG Pharma,Antibiotics,5,Prescription Only,Store in a cool dry place,60,A,E,81.2,132.4,459,2064,274
DRG0318,Albendazole 50mg Suppository,Albendazole,Albendazole,OTC/Prescription Antiparasitic,Suppository,50mg,Pfizer Nigeria,Antiparasitics,24,OTC,Refrigerate 2-8°C,12,B,E,44.26,70.63,121,395,71
DRG0319,Levonorgestrel 100mg/5ml Cream,Levonorgestrel,Levonorgestrel,Family Planning,Cream,100mg/5ml,Swiss Pharma Nigeria,Contraceptives,20,OTC,Store in a cool dry place,60,A,E,329.29,518.5,118,433,64
DRG0320,VitaminForte 500mg Ointment,Vitamin C,VitaminForte,Wellness/Supplements,Ointment,500mg,Chi Pharmaceuticals,Vitamins & Supplements,1,Prescription Only,Store below 25°C,24,C,E,89.6,121.23,440,1121,203
DRG0321,CetirizineExtra 5mg Tablet,Cetirizine,CetirizineExtra,OTC Allergy,Tablet,5mg,Emzor Pharmaceuticals,Antihistamines,1,Controlled,Protect from light,48,A,N,54.67,63.24,432,1872,222
DRG0322,KetoconazoleExtra 1% Injection,Ketoconazole,KetoconazoleExtra,Prescription Antimicrobials,Injection,1%,Evans Medical Plc,Antifungals,20,Prescription Only,Store below 25°C,24,C,E,306.1,364.29,65,230,36
DRG0323,Whitfield'sForte 1% Injection,Whitfield's Ointment,Whitfield'sForte,OTC Skincare,Injection,1%,SKG Pharma,Dermatologicals,20,OTC,Protect from light,24,A,V,131.23,171.4,488,1860,263
DRG0324,CefuroximeExtra 5mg Cream,Cefuroxime,CefuroximeExtra,Prescription Antimicrobials,Cream,5mg,Nemel Pharmaceuticals,Antibiotics,50,Prescription Only,Protect from light,60,C,V,46.44,53.77,383,1067,167
DRG0325,Lisinopril 250mg Tablet,Lisinopril,Lisinopril,Chronic Disease Management,Tablet,250mg,Reckitt Benckiser Nigeria,Antihypertensives,10,OTC,Store in a cool dry place,24,C,E,49.21,57.01,406,2021,241
DRG0326,MebendazolePlus 0.5% Suppository,Mebendazole,MebendazolePlus,OTC/Prescription Antiparasitic,Suppository,0.50%,Neimeth International,Antiparasitics,100,OTC,"Store below 30°C, away from moisture",36,A,E,73.71,118.55,105,341,44
DRG0327,Digoxin-D 2.5mg Capsule,Digoxin,Digoxin-D,Chronic Disease Management,Capsule,2.5mg,May & Baker Nigeria,Cardiovascular,10,OTC,Protect from light,12,C,V,103.5,155.57,154,629,79
DRG0328,AlbendazoleMax 1g Injection,Albendazole,AlbendazoleMax,OTC/Prescription Antiparasitic,Injection,1g,Bioraj Pharmaceuticals,Antiparasitics,20,Prescription Only,Store below 25°C,24,C,E,131.78,171.9,181,715,110
DRG0329,MagnesiumMax 10mg Inhaler,Magnesium Trisilicate,MagnesiumMax,OTC Gastro,Inhaler,10mg,Nemel Pharmaceuticals,Antacids/Antiulcerants,1,OTC,Store in a cool dry place,18,C,V,171.2,208.23,97,432,39
DRG0330,DiazepamPlus 250mg Ointment,Diazepam,DiazepamPlus,Prescription CNS,Ointment,250mg,Swiss Pharma Nigeria,Antidepressants/CNS,30,Prescription Only,Store below 25°C,24,C,E,123.65,173.83,297,960,169
DRG0331,DiclofenacMax 10mg Capsule,Diclofenac,DiclofenacMax,OTC Pain Relief,Capsule,10mg,Reckitt Benckiser Nigeria,Analgesics,5,Controlled,Store in a cool dry place,36,C,E,239.92,276.55,322,1413,161
DRG0332,MetronidazoleMax 250mg Capsule,Metronidazole,MetronidazoleMax,Prescription Antimicrobials,Capsule,250mg,Sanofi Nigeria,Antibiotics,30,Prescription Only,Protect from light,36,C,N,91.98,148.93,160,553,64
DRG0333,GuaifenesinForte 500mg Inhaler,Guaifenesin,GuaifenesinForte,OTC Respiratory,Inhaler,500mg,Reckitt Benckiser Nigeria,Respiratory/Antitussives,5,OTC,Store in a cool dry place,12,B,V,55.54,75.39,469,1654,214
DRG0334,Clopidogrel DS 5mg Sachet/Powder,Clopidogrel,Clopidogrel DS,Chronic Disease Management,Sachet/Powder,5mg,Fidson Healthcare,Anticoagulants,30,OTC,Refrigerate 2-8°C,36,A,N,84.42,114.07,375,1568,255
DRG0335,DigoxinMax 500mg Suspension,Digoxin,DigoxinMax,Chronic Disease Management,Suspension,500mg,Bioraj Pharmaceuticals,Cardiovascular,30,OTC,Protect from light,12,C,N,80.96,108.92,385,1717,214
DRG0336,Metformin Junior 1g Eye Drops,Metformin,Metformin Junior,Chronic Disease Management,Eye Drops,1g,Neimeth International,Antidiabetics,100,OTC,Refrigerate 2-8°C,18,B,V,34.14,40.44,398,1658,278
DRG0337,DiclofenacMax 500mg Capsule,Diclofenac Gel,DiclofenacMax,OTC Pain Relief,Capsule,500mg,Bioraj Pharmaceuticals,NSAIDs,24,Prescription Only,Refrigerate 2-8°C,60,B,V,61.14,89.82,87,413,48
DRG0338,Chloramphenicol-D 500mg Syrup,Chloramphenicol Eye Drops,Chloramphenicol-D,OTC Eye Care,Syrup,500mg,Juhel Nigeria Limited,Ophthalmics,30,Controlled,Store in a cool dry place,48,A,E,104.75,158.85,406,1304,228
DRG0339,AmpicloxExtra 100mg/5ml Tablet,Ampiclox,AmpicloxExtra,Prescription Antimicrobials,Tablet,100mg/5ml,Bond Chemical Industries,Antibiotics,1,Prescription Only,Protect from light,18,B,N,65.72,97.8,289,1373,149
DRG0340,NifedipineExtra 250mg Capsule,Nifedipine,NifedipineExtra,Chronic Disease Management,Capsule,250mg,GlaxoSmithKline Nigeria,Antihypertensives,10,Prescription Only,"Store below 30°C, away from moisture",18,C,N,58.61,71.46,367,1037,180
DRG0341,EsomeprazoleForte 50mg Inhaler,Esomeprazole,EsomeprazoleForte,OTC Gastro,Inhaler,50mg,Evans Medical Plc,Antacids/Antiulcerants,50,Prescription Only,Store below 25°C,12,B,E,165.83,238.7,170,705,80
DRG0342,Artesunate Junior 500mg Syrup,Artesunate,Artesunate Junior,OTC/Prescription Antimalarial,Syrup,500mg,Pfizer Nigeria,Antimalarials,60,OTC,Store in a cool dry place,12,B,N,51.83,74.36,97,375,48
DRG0343,Promethazine DS 250mg Eye Drops,Promethazine,Promethazine DS,OTC Allergy,Eye Drops,250mg,Reckitt Benckiser Nigeria,Antihistamines,100,Prescription Only,"Store below 30°C, away from moisture",24,C,V,141.23,223.74,59,220,31
DRG0344,RanitidineMax 5mg Eye Drops,Ranitidine,RanitidineMax,OTC Gastro,Eye Drops,5mg,Bond Chemical Industries,Antacids/Antiulcerants,10,Prescription Only,Protect from light,18,C,V,44.4,59.48,282,924,129
DRG0345,Lamivudine 250mg Eye Drops,Lamivudine/Tenofovir/Dolutegravir,Lamivudine,Prescription Antimicrobials,Eye Drops,250mg,Cipla Nigeria,Antivirals,20,OTC,"Store below 30°C, away from moisture",36,B,N,893.3,1193.22,85,319,39
DRG0346,Ranitidine 100mg/5ml Tablet,Ranitidine,Ranitidine,OTC Gastro,Tablet,100mg/5ml,Pfizer Nigeria,Antacids/Antiulcerants,60,OTC,Store in a cool dry place,24,B,N,74.01,108,462,1341,222
DRG0347,Clopidogrel DS 5mg Injection,Clopidogrel,Clopidogrel DS,Chronic Disease Management,Injection,5mg,Ranbaxy Nigeria,Anticoagulants,10,OTC,"Store below 30°C, away from moisture",12,C,E,69.52,101.95,53,181,28
DRG0348,Fluconazole 0.5% Cream,Fluconazole,Fluconazole,Prescription Antimicrobials,Cream,0.50%,Drugfield Pharmaceuticals,Antifungals,30,Controlled,Store below 25°C,18,C,N,201.24,278.65,93,255,55
DRG0349,FolicPlus 50mg Suspension,Folic Acid,FolicPlus,Wellness/Supplements,Suspension,50mg,Codix Pharma,Vitamins & Supplements,100,OTC,"Store below 30°C, away from moisture",18,A,N,65.92,90.41,105,412,68
DRG0350,Vitamin-D 250mg Inhaler,Vitamin B Complex,Vitamin-D,Wellness/Supplements,Inhaler,250mg,Ranbaxy Nigeria,Vitamins & Supplements,60,Controlled,Protect from light,18,A,N,263.91,368.7,91,249,44
DRG0351,Warfarin 5mg Injection,Warfarin,Warfarin,Chronic Disease Management,Injection,5mg,Drugfield Pharmaceuticals,Anticoagulants,1,OTC,Store below 25°C,18,B,N,109.17,172.55,304,881,138
DRG0352,Chloramphenicol 250mg Eye Drops,Chloramphenicol Eye Drops,Chloramphenicol,OTC Eye Care,Eye Drops,250mg,Emzor Pharmaceuticals,Ophthalmics,60,Prescription Only,"Store below 30°C, away from moisture",18,B,N,78.5,108.38,277,751,142
DRG0353,SimvastatinPlus 5mg Tablet,Simvastatin,SimvastatinPlus,Chronic Disease Management,Tablet,5mg,Ranbaxy Nigeria,Cardiovascular,24,Prescription Only,Protect from light,24,B,V,73.6,119.23,163,562,108
DRG0354,Amodiaquine DS 500mg Inhaler,Amodiaquine,Amodiaquine DS,OTC/Prescription Antimalarial,Inhaler,500mg,Sanofi Nigeria,Antimalarials,60,OTC,"Store below 30°C, away from moisture",18,C,N,212.65,298.14,286,1317,115
DRG0355,Benzyl-D 1% Syrup,Benzyl Benzoate,Benzyl-D,OTC Skincare,Syrup,1%,Pfizer Nigeria,Dermatologicals,5,Prescription Only,Protect from light,24,A,V,98.75,160.43,446,2126,269
DRG0356,ZincExtra 20mg Ointment,Zinc Sulphate,ZincExtra,Wellness/Supplements,Ointment,20mg,Nemel Pharmaceuticals,Vitamins & Supplements,50,OTC,Store below 25°C,60,C,N,114.13,178.78,223,597,121
DRG0357,AspirinPlus 50mg Syrup,Aspirin (Low Dose),AspirinPlus,Chronic Disease Management,Syrup,50mg,Nemel Pharmaceuticals,Anticoagulants,60,Controlled,Protect from light,18,B,E,123.78,164.78,304,1242,136
DRG0358,WarfarinExtra 1% Cream,Warfarin,WarfarinExtra,Chronic Disease Management,Cream,1%,Drugfield Pharmaceuticals,Anticoagulants,20,OTC,Refrigerate 2-8°C,18,C,E,92.36,146.1,466,1962,231
DRG0359,AmodiaquinePlus 10mg Injection,Amodiaquine,AmodiaquinePlus,OTC/Prescription Antimalarial,Injection,10mg,Bioraj Pharmaceuticals,Antimalarials,30,Prescription Only,Refrigerate 2-8°C,24,C,E,121.82,146.8,326,1250,152
DRG0360,Amlodipine DS 1% Eye Drops,Amlodipine,Amlodipine DS,Chronic Disease Management,Eye Drops,1%,Fidson Healthcare,Antihypertensives,100,Controlled,Store in a cool dry place,36,A,V,78.51,126.6,384,1600,254
DRG0361,Ivermectin DS 5mg/ml Capsule,Ivermectin,Ivermectin DS,OTC/Prescription Antiparasitic,Capsule,5mg/ml,Codix Pharma,Antiparasitics,30,OTC,Store below 25°C,12,C,E,81.95,120.12,490,1511,266
DRG0362,AcyclovirMax 500mg Capsule,Acyclovir,AcyclovirMax,Prescription Antimicrobials,Capsule,500mg,Ranbaxy Nigeria,Antivirals,60,OTC,Store in a cool dry place,18,A,N,47.83,56.31,118,439,67
DRG0363,Quinine-D 50mg Inhaler,Quinine,Quinine-D,OTC/Prescription Antimalarial,Inhaler,50mg,May & Baker Nigeria,Antimalarials,1,Prescription Only,Store in a cool dry place,60,C,N,103.53,152.41,375,1303,216
DRG0364,PromethazinePlus 1g Capsule,Promethazine,PromethazinePlus,OTC Allergy,Capsule,1g,Neimeth International,Antihistamines,30,Controlled,Store in a cool dry place,60,C,E,39.78,65.12,279,760,165
DRG0365,FluoxetineMax 10mg Injection,Fluoxetine,FluoxetineMax,Prescription CNS,Injection,10mg,Novartis Nigeria,Antidepressants/CNS,20,OTC,Protect from light,48,B,N,102.5,121.45,116,471,63
DRG0366,Metoclopramide-D 100mg/5ml Tablet,Metoclopramide,Metoclopramide-D,OTC Gastro,Tablet,100mg/5ml,Fidson Healthcare,Antiemetics,20,OTC,Protect from light,36,B,N,71.24,101.68,353,1319,143
DRG0367,OmeprazoleGold 20mg/ml Syrup,Omeprazole,OmeprazoleGold,OTC Gastro,Syrup,20mg/ml,Emzor Pharmaceuticals,Antacids/Antiulcerants,50,Controlled,Store in a cool dry place,12,B,E,109.41,166.73,466,1485,233
DRG0368,Lamivudine Junior 20mg Sachet/Powder,Lamivudine/Tenofovir/Dolutegravir,Lamivudine Junior,Prescription Antimicrobials,Sachet/Powder,20mg,Drugfield Pharmaceuticals,Antivirals,20,Prescription Only,Store in a cool dry place,18,C,V,49.13,76.4,85,313,38
DRG0369,GuaifenesinExtra 250mg Eye Drops,Guaifenesin,GuaifenesinExtra,OTC Respiratory,Eye Drops,250mg,Evans Medical Plc,Respiratory/Antitussives,50,OTC,Refrigerate 2-8°C,18,B,N,36.56,49.61,466,2068,281
DRG0370,FluconazoleForte 20mg/ml Capsule,Fluconazole,FluconazoleForte,Prescription Antimicrobials,Capsule,20mg/ml,Swiss Pharma Nigeria,Antifungals,60,Prescription Only,Store in a cool dry place,48,B,E,68.44,85.69,208,936,86
DRG0371,Vitamin DS 100mg/5ml Suppository,Vitamin B Complex,Vitamin DS,Wellness/Supplements,Suppository,100mg/5ml,Fidson Healthcare,Vitamins & Supplements,5,Prescription Only,Store in a cool dry place,48,B,N,49.18,57.6,198,816,112
DRG0372,FerrousForte 1% Ointment,Ferrous Sulphate,FerrousForte,Wellness/Supplements,Ointment,1%,Pharma-Deko Plc,Vitamins & Supplements,10,Prescription Only,Protect from light,48,A,N,39.2,56.44,76,278,35
DRG0373,Chloramphenicol Junior 5mg Syrup,Chloramphenicol Eye Drops,Chloramphenicol Junior,OTC Eye Care,Syrup,5mg,GlaxoSmithKline Nigeria,Ophthalmics,30,Prescription Only,"Store below 30°C, away from moisture",12,C,N,147.68,203.27,121,476,82
DRG0374,Hydrocortisone DS 20mg/ml Suspension,Hydrocortisone Cream,Hydrocortisone DS,OTC Skincare,Suspension,20mg/ml,Novartis Nigeria,Dermatologicals,24,Prescription Only,Refrigerate 2-8°C,24,A,E,300.76,488.55,297,1028,148
DRG0375,Artemether 2.5mg Ointment,Artemether/Lumefantrine,Artemether,OTC/Prescription Antimalarial,Ointment,2.5mg,Sun Pharmaceuticals Nigeria,Antimalarials,60,Prescription Only,Protect from light,36,C,E,54.61,64.46,150,422,74
DRG0376,Tramadol 500mg Ointment,Tramadol,Tramadol,OTC Pain Relief,Ointment,500mg,Nemel Pharmaceuticals,Analgesics,100,OTC,Protect from light,48,A,E,80.61,120.33,239,827,161
DRG0377,WarfarinForte 2.5mg Injection,Warfarin,WarfarinForte,Chronic Disease Management,Injection,2.5mg,GlaxoSmithKline Nigeria,Anticoagulants,60,Prescription Only,Refrigerate 2-8°C,36,B,E,70.13,81.52,145,554,76
DRG0378,Ondansetron Junior 5mg Tablet,Ondansetron,Ondansetron Junior,OTC Gastro,Tablet,5mg,Marbis Pharmaceuticals,Antiemetics,50,OTC,Protect from light,48,C,V,58.25,71.98,433,1730,298
DRG0379,Albendazole-D 250mg Suspension,Albendazole,Albendazole-D,OTC/Prescription Antiparasitic,Suspension,250mg,Sun Pharmaceuticals Nigeria,Antiparasitics,1,Controlled,Refrigerate 2-8°C,12,C,E,136.03,187.28,331,1601,134
DRG0380,DigoxinMax 1% Eye Drops,Digoxin,DigoxinMax,Chronic Disease Management,Eye Drops,1%,Pharma-Deko Plc,Cardiovascular,20,Controlled,"Store below 30°C, away from moisture",18,C,E,179.93,247.84,371,1648,182
DRG0381,Oseltamivir-D 1% Injection,Oseltamivir,Oseltamivir-D,Prescription Antimicrobials,Injection,1%,Bioraj Pharmaceuticals,Antivirals,100,Prescription Only,Store below 25°C,18,B,N,52.91,78.99,445,1281,266
DRG0382,Piroxicam Junior 1g Suppository,Piroxicam,Piroxicam Junior,OTC Pain Relief,Suppository,1g,Cipla Nigeria,NSAIDs,10,Prescription Only,"Store below 30°C, away from moisture",12,A,V,87.1,139.8,327,959,218
DRG0383,Oseltamivir DS 0.5% Syrup,Oseltamivir,Oseltamivir DS,Prescription Antimicrobials,Syrup,0.50%,SKG Pharma,Antivirals,5,Prescription Only,Store below 25°C,18,C,E,227.26,333.96,66,181,31
DRG0384,RanitidineGold 5mg/ml Tablet,Ranitidine,RanitidineGold,OTC Gastro,Tablet,5mg/ml,Fidson Healthcare,Antacids/Antiulcerants,10,Prescription Only,"Store below 30°C, away from moisture",24,B,V,138.75,225.71,312,1355,211
DRG0385,Guaifenesin DS 500mg Sachet/Powder,Guaifenesin,Guaifenesin DS,OTC Respiratory,Sachet/Powder,500mg,SKG Pharma,Respiratory/Antitussives,10,OTC,Store in a cool dry place,48,A,V,156.18,248.45,156,665,90
DRG0386,Piroxicam 1g Cream,Piroxicam,Piroxicam,OTC Pain Relief,Cream,1g,Drugfield Pharmaceuticals,NSAIDs,24,Prescription Only,Refrigerate 2-8°C,60,C,V,244.43,352.53,117,581,74
DRG0387,Amodiaquine DS 5mg Tablet,Amodiaquine,Amodiaquine DS,OTC/Prescription Antimalarial,Tablet,5mg,Emzor Pharmaceuticals,Antimalarials,30,Prescription Only,"Store below 30°C, away from moisture",60,C,N,241.63,378.61,177,673,91
DRG0388,Magnesium DS 250mg Suppository,Magnesium Trisilicate,Magnesium DS,OTC Gastro,Suppository,250mg,Pfizer Nigeria,Antacids/Antiulcerants,10,OTC,"Store below 30°C, away from moisture",60,C,V,182.73,268.85,342,1561,158
DRG0389,CetirizineMax 0.5% Inhaler,Cetirizine,CetirizineMax,OTC Allergy,Inhaler,0.50%,Chi Pharmaceuticals,Antihistamines,50,Prescription Only,Refrigerate 2-8°C,36,C,N,93.11,110.73,343,1351,230
DRG0390,IvermectinMax 5mg/ml Suspension,Ivermectin,IvermectinMax,OTC/Prescription Antiparasitic,Suspension,5mg/ml,Bioraj Pharmaceuticals,Antiparasitics,50,Prescription Only,Protect from light,36,C,V,67.24,102.22,145,679,98
DRG0391,Warfarin 1g Sachet/Powder,Warfarin,Warfarin,Chronic Disease Management,Sachet/Powder,1g,Emzor Pharmaceuticals,Anticoagulants,5,Prescription Only,Protect from light,24,A,N,90.55,108.43,444,1910,243
DRG0392,Oseltamivir Junior 1g Capsule,Oseltamivir,Oseltamivir Junior,Prescription Antimicrobials,Capsule,1g,GlaxoSmithKline Nigeria,Antivirals,50,Prescription Only,Refrigerate 2-8°C,24,A,N,62,89.72,50,205,20
DRG0393,Acyclovir 250mg Suspension,Acyclovir,Acyclovir,Prescription Antimicrobials,Suspension,250mg,Swiss Pharma Nigeria,Antivirals,100,Prescription Only,"Store below 30°C, away from moisture",60,C,N,37.75,56.67,458,1792,198
DRG0394,DiclofenacMax 100mg/5ml Ointment,Diclofenac,DiclofenacMax,OTC Pain Relief,Ointment,100mg/5ml,Pharma-Deko Plc,Analgesics,100,Prescription Only,Protect from light,60,C,N,71.29,84.35,347,1494,198
DRG0395,WarfarinGold 2.5mg Sachet/Powder,Warfarin,WarfarinGold,Chronic Disease Management,Sachet/Powder,2.5mg,Ranbaxy Nigeria,Anticoagulants,1,Prescription Only,Refrigerate 2-8°C,48,B,N,108.06,136.74,229,812,93
DRG0396,Acyclovir 20mg Syrup,Acyclovir,Acyclovir,Prescription Antimicrobials,Syrup,20mg,Novartis Nigeria,Antivirals,20,OTC,Refrigerate 2-8°C,60,B,N,60.35,97.03,457,1252,237
DRG0397,Diazepam-D 500mg Sachet/Powder,Diazepam,Diazepam-D,Prescription CNS,Sachet/Powder,500mg,Novartis Nigeria,Antidepressants/CNS,30,OTC,Refrigerate 2-8°C,36,B,E,75.03,109.41,230,597,112
DRG0398,DigoxinMax 500mg Eye Drops,Digoxin,DigoxinMax,Chronic Disease Management,Eye Drops,500mg,Bond Chemical Industries,Cardiovascular,1,OTC,Protect from light,48,C,V,76.8,97.78,284,1050,174
DRG0399,ChloramphenicolGold 500mg Suppository,Chloramphenicol Eye Drops,ChloramphenicolGold,OTC Eye Care,Suppository,500mg,Drugfield Pharmaceuticals,Ophthalmics,100,Prescription Only,Store in a cool dry place,12,A,E,242.06,361.96,489,1955,203
DRG0400,Glibenclamide-D 50mg Ointment,Glibenclamide,Glibenclamide-D,Chronic Disease Management,Ointment,50mg,Juhel Nigeria Limited,Antidiabetics,1,OTC,"Store below 30°C, away from moisture",12,B,V,68.11,98.65,368,992,201
DRG0401,PromethazineExtra 20mg/ml Cream,Promethazine Injection,PromethazineExtra,OTC Gastro,Cream,20mg/ml,Pfizer Nigeria,Antiemetics,10,OTC,Refrigerate 2-8°C,18,C,E,242.01,339,386,1241,221
DRG0402,LoratadineForte 50mg Syrup,Loratadine,LoratadineForte,OTC Allergy,Syrup,50mg,Drugfield Pharmaceuticals,Antihistamines,100,Prescription Only,Store in a cool dry place,36,C,E,33.62,55.07,57,188,33
DRG0403,PromethazinePlus 10mg Suppository,Promethazine Injection,PromethazinePlus,OTC Gastro,Suppository,10mg,Emzor Pharmaceuticals,Antiemetics,60,Controlled,Refrigerate 2-8°C,48,A,N,240.16,358.25,492,1922,256
DRG0404,OmeprazolePlus 1% Sachet/Powder,Omeprazole,OmeprazolePlus,OTC Gastro,Sachet/Powder,1%,Novartis Nigeria,Antacids/Antiulcerants,30,OTC,Refrigerate 2-8°C,24,C,N,229.82,307.43,478,1527,234
DRG0405,Metformin 20mg Inhaler,Metformin,Metformin,Chronic Disease Management,Inhaler,20mg,Sun Pharmaceuticals Nigeria,Antidiabetics,24,OTC,Store below 25°C,24,C,E,164.59,255.12,76,208,45
DRG0406,Lamivudine 2.5mg Inhaler,Lamivudine/Tenofovir/Dolutegravir,Lamivudine,Prescription Antimicrobials,Inhaler,2.5mg,Reckitt Benckiser Nigeria,Antivirals,60,OTC,"Store below 30°C, away from moisture",24,B,E,37.3,59.39,357,1039,233
DRG0407,PromethazineExtra 250mg Ointment,Promethazine Injection,PromethazineExtra,OTC Gastro,Ointment,250mg,Juhel Nigeria Limited,Antiemetics,30,OTC,"Store below 30°C, away from moisture",18,A,N,181.24,219.77,195,572,118
DRG0408,TramadolExtra 1g Capsule,Tramadol,TramadolExtra,OTC Pain Relief,Capsule,1g,SKG Pharma,Analgesics,10,OTC,Refrigerate 2-8°C,48,B,E,81.93,102.44,140,644,95
DRG0409,ChloramphenicolPlus 500mg Sachet/Powder,Chloramphenicol Eye Drops,ChloramphenicolPlus,OTC Eye Care,Sachet/Powder,500mg,Marbis Pharmaceuticals,Ophthalmics,10,OTC,Store below 25°C,36,B,N,34.35,43.22,391,1255,240
DRG0410,Mefenamic 5mg/ml Injection,Mefenamic Acid,Mefenamic,OTC Pain Relief,Injection,5mg/ml,GlaxoSmithKline Nigeria,NSAIDs,24,OTC,Store below 25°C,24,C,V,229.97,343.94,321,1376,202
DRG0411,Hydrocortisone 50mg Injection,Hydrocortisone Cream,Hydrocortisone,OTC Skincare,Injection,50mg,Novartis Nigeria,Dermatologicals,24,OTC,Store below 25°C,48,A,E,261.41,379.44,371,1454,167
DRG0412,ChloramphenicolForte 5mg/ml Capsule,Chloramphenicol Eye Drops,ChloramphenicolForte,OTC Eye Care,Capsule,5mg/ml,Pharma-Deko Plc,Ophthalmics,30,Prescription Only,Refrigerate 2-8°C,48,C,E,38.13,55.65,54,266,28
DRG0413,Magnesium DS 5mg Injection,Magnesium Trisilicate,Magnesium DS,OTC Gastro,Injection,5mg,Sanofi Nigeria,Antacids/Antiulcerants,10,Prescription Only,"Store below 30°C, away from moisture",60,A,N,95.07,154.05,131,416,71
DRG0414,PromethazinePlus 20mg/ml Tablet,Promethazine Injection,PromethazinePlus,OTC Gastro,Tablet,20mg/ml,Chi Pharmaceuticals,Antiemetics,20,Prescription Only,Protect from light,60,B,E,248.89,382.78,436,1262,207
DRG0415,Metoclopramide 1% Capsule,Metoclopramide,Metoclopramide,OTC Gastro,Capsule,1%,May & Baker Nigeria,Antiemetics,20,Prescription Only,"Store below 30°C, away from moisture",36,C,V,216.82,263.21,268,704,149
DRG0416,LamivudinePlus 5mg Capsule,Lamivudine/Tenofovir/Dolutegravir,LamivudinePlus,Prescription Antimicrobials,Capsule,5mg,Bioraj Pharmaceuticals,Antivirals,10,Prescription Only,Refrigerate 2-8°C,60,B,V,155.97,206.47,167,518,81
DRG0417,FurosemideForte 0.5% Capsule,Furosemide,FurosemideForte,Chronic Disease Management,Capsule,0.50%,Reckitt Benckiser Nigeria,Cardiovascular,10,OTC,"Store below 30°C, away from moisture",60,B,E,33.87,46.32,130,547,78
DRG0418,Chlorpheniramine Junior 20mg Inhaler,Chlorpheniramine,Chlorpheniramine Junior,OTC Allergy,Inhaler,20mg,Evans Medical Plc,Antihistamines,20,OTC,Refrigerate 2-8°C,18,A,N,143.24,193.08,119,322,64
DRG0419,Nifedipine Junior 100mg/5ml Injection,Nifedipine,Nifedipine Junior,Chronic Disease Management,Injection,100mg/5ml,Sun Pharmaceuticals Nigeria,Antihypertensives,1,Prescription Only,"Store below 30°C, away from moisture",12,B,N,73.9,109.72,164,510,88
DRG0420,MetforminForte 50mg Ointment,Metformin,MetforminForte,Chronic Disease Management,Ointment,50mg,Neimeth International,Antidiabetics,1,Prescription Only,Store in a cool dry place,18,C,E,177.8,283.76,312,1447,216
DRG0421,GentamicinPlus 1% Sachet/Powder,Gentamicin Eye Drops,GentamicinPlus,OTC Eye Care,Sachet/Powder,1%,Evans Medical Plc,Ophthalmics,24,OTC,Store in a cool dry place,12,B,E,100.54,131.01,355,1404,183
DRG0422,BenzylForte 20mg/ml Injection,Benzyl Benzoate,BenzylForte,OTC Skincare,Injection,20mg/ml,Fidson Healthcare,Dermatologicals,60,OTC,Protect from light,60,C,E,83.52,119.09,191,510,97
DRG0423,ClopidogrelGold 1g Sachet/Powder,Clopidogrel,ClopidogrelGold,Chronic Disease Management,Sachet/Powder,1g,Nemel Pharmaceuticals,Anticoagulants,5,Prescription Only,Protect from light,12,C,N,133.64,206.43,471,1233,233
DRG0424,Betamethasone-D 20mg/ml Sachet/Powder,Betamethasone Cream,Betamethasone-D,OTC Skincare,Sachet/Powder,20mg/ml,Drugfield Pharmaceuticals,Dermatologicals,100,OTC,Protect from light,48,B,N,75.97,103.18,256,679,171
DRG0425,AmoxicillinExtra 5mg/ml Suppository,Amoxicillin,AmoxicillinExtra,Prescription Antimicrobials,Suppository,5mg/ml,Pfizer Nigeria,Antibiotics,1,Prescription Only,Store below 25°C,36,A,E,83.29,102.78,160,776,87
DRG0426,SimvastatinMax 2.5mg Tablet,Simvastatin,SimvastatinMax,Chronic Disease Management,Tablet,2.5mg,Ranbaxy Nigeria,Cardiovascular,30,Prescription Only,Store in a cool dry place,36,B,N,61.34,85.11,352,1627,204
DRG0427,Vitamin Junior 5mg/ml Inhaler,Vitamin C,Vitamin Junior,Wellness/Supplements,Inhaler,5mg/ml,Bioraj Pharmaceuticals,Vitamins & Supplements,20,Prescription Only,Store in a cool dry place,24,C,E,40.96,48.23,161,742,73
DRG0428,NifedipinePlus 100mg/5ml Capsule,Nifedipine,NifedipinePlus,Chronic Disease Management,Capsule,100mg/5ml,Reckitt Benckiser Nigeria,Antihypertensives,100,OTC,Protect from light,12,B,N,126.34,204.82,466,2241,262
DRG0429,QuinineMax 2.5mg Suppository,Quinine,QuinineMax,OTC/Prescription Antimalarial,Suppository,2.5mg,Marbis Pharmaceuticals,Antimalarials,30,Prescription Only,Store in a cool dry place,24,C,N,54.39,64.58,92,346,44
DRG0430,Salbutamol Junior 2.5mg Cream,Salbutamol,Salbutamol Junior,OTC Respiratory,Cream,2.5mg,Chi Pharmaceuticals,Respiratory/Antitussives,1,Prescription Only,Refrigerate 2-8°C,60,B,N,74.67,102.24,396,1234,245
DRG0431,NaproxenGold 1g Tablet,Naproxen,NaproxenGold,OTC Pain Relief,Tablet,1g,GlaxoSmithKline Nigeria,NSAIDs,60,Prescription Only,Refrigerate 2-8°C,48,C,N,102.75,145.39,334,1170,217
DRG0432,CombinedForte 5mg Tablet,Combined Oral Contraceptive Pill,CombinedForte,Family Planning,Tablet,5mg,Sanofi Nigeria,Contraceptives,1,OTC,Store in a cool dry place,12,A,E,36.79,60.43,177,760,108
DRG0433,KetoconazoleForte 10mg Ointment,Ketoconazole,KetoconazoleForte,Prescription Antimicrobials,Ointment,10mg,Juhel Nigeria Limited,Antifungals,1,Prescription Only,"Store below 30°C, away from moisture",60,C,N,38.49,47.46,234,1097,144
DRG0434,AtorvastatinPlus 20mg/ml Sachet/Powder,Atorvastatin,AtorvastatinPlus,Chronic Disease Management,Sachet/Powder,20mg/ml,Cipla Nigeria,Cardiovascular,20,Prescription Only,Store in a cool dry place,36,B,E,70.46,85.06,278,997,153
DRG0435,Clopidogrel Junior 2.5mg Tablet,Clopidogrel,Clopidogrel Junior,Chronic Disease Management,Tablet,2.5mg,Swiss Pharma Nigeria,Anticoagulants,10,Prescription Only,Store in a cool dry place,48,B,E,116.02,133.93,438,1681,268
DRG0436,OndansetronExtra 500mg Syrup,Ondansetron,OndansetronExtra,OTC Gastro,Syrup,500mg,Neimeth International,Antiemetics,100,Prescription Only,Protect from light,24,B,E,144.9,177.91,270,1303,142
DRG0437,CombinedGold 100mg/5ml Injection,Combined Oral Contraceptive Pill,CombinedGold,Family Planning,Injection,100mg/5ml,Cipla Nigeria,Contraceptives,60,Controlled,Store in a cool dry place,18,B,N,41.12,51.55,401,1110,238
DRG0438,Gliclazide 1% Injection,Gliclazide,Gliclazide,Chronic Disease Management,Injection,1%,Marbis Pharmaceuticals,Antidiabetics,5,Prescription Only,Protect from light,60,C,V,133.2,195.18,493,2295,235
DRG0439,RanitidineMax 1g Sachet/Powder,Ranitidine,RanitidineMax,OTC Gastro,Sachet/Powder,1g,Juhel Nigeria Limited,Antacids/Antiulcerants,24,Controlled,"Store below 30°C, away from moisture",48,B,E,72.73,91.63,166,481,69
DRG0440,FluoxetineForte 2.5mg Cream,Fluoxetine,FluoxetineForte,Prescription CNS,Cream,2.5mg,Sanofi Nigeria,Antidepressants/CNS,1,Prescription Only,Store in a cool dry place,60,A,E,52.57,60.99,119,441,62
DRG0441,FluoxetinePlus 500mg Suppository,Fluoxetine,FluoxetinePlus,Prescription CNS,Suppository,500mg,Cipla Nigeria,Antidepressants/CNS,10,OTC,Store below 25°C,60,C,V,58.54,91.52,435,1325,234
DRG0442,AzithromycinExtra 20mg/ml Injection,Azithromycin,AzithromycinExtra,Prescription Antimicrobials,Injection,20mg/ml,Bond Chemical Industries,Antibiotics,50,OTC,Store below 25°C,60,B,V,151.74,202.24,119,476,56
DRG0443,AcyclovirPlus 5mg/ml Cream,Acyclovir,AcyclovirPlus,Prescription Antimicrobials,Cream,5mg/ml,Codix Pharma,Antivirals,20,Prescription Only,Protect from light,18,C,N,101.81,135.09,159,619,98
DRG0444,Carbamazepine 1% Injection,Carbamazepine,Carbamazepine,Prescription CNS,Injection,1%,Chi Pharmaceuticals,Antidepressants/CNS,10,Controlled,Store in a cool dry place,36,C,N,87.42,113.75,476,1642,200
DRG0445,AtorvastatinMax 50mg Suspension,Atorvastatin,AtorvastatinMax,Chronic Disease Management,Suspension,50mg,Emzor Pharmaceuticals,Cardiovascular,1,Prescription Only,Refrigerate 2-8°C,48,B,E,99.65,163.2,181,843,84
DRG0446,DiazepamGold 5mg/ml Injection,Diazepam,DiazepamGold,Prescription CNS,Injection,5mg/ml,Reckitt Benckiser Nigeria,Antidepressants/CNS,24,Controlled,Store below 25°C,18,C,N,168.12,207.64,105,435,65
DRG0447,CetirizinePlus 20mg Ointment,Cetirizine,CetirizinePlus,OTC Allergy,Ointment,20mg,Sun Pharmaceuticals Nigeria,Antihistamines,5,OTC,"Store below 30°C, away from moisture",48,B,N,79.55,127.21,492,2117,261
DRG0448,Fluconazole Junior 250mg Syrup,Fluconazole,Fluconazole Junior,Prescription Antimicrobials,Syrup,250mg,Ranbaxy Nigeria,Antifungals,24,Controlled,Protect from light,12,A,E,87.65,134.84,138,396,84
DRG0449,Tetracycline Junior 2.5mg Inhaler,Tetracycline Eye Ointment,Tetracycline Junior,OTC Eye Care,Inhaler,2.5mg,Pharma-Deko Plc,Ophthalmics,60,OTC,Refrigerate 2-8°C,48,C,N,200.4,238.12,186,875,106
DRG0450,MultivitaminForte 5mg Suppository,Multivitamin,MultivitaminForte,Wellness/Supplements,Suppository,5mg,SKG Pharma,Vitamins & Supplements,100,Prescription Only,Store in a cool dry place,12,C,N,69.19,113.7,180,525,123
DRG0451,Dextromethorphan-D 1g Cream,Dextromethorphan,Dextromethorphan-D,OTC Respiratory,Cream,1g,Juhel Nigeria Limited,Respiratory/Antitussives,50,OTC,Protect from light,48,B,E,131.31,168.82,267,816,154
DRG0452,OndansetronPlus 20mg/ml Capsule,Ondansetron,OndansetronPlus,OTC Gastro,Capsule,20mg/ml,Pfizer Nigeria,Antiemetics,60,OTC,Protect from light,48,C,V,62.99,75.54,225,634,91
DRG0453,Vitamin-D 0.5% Ointment,Vitamin C,Vitamin-D,Wellness/Supplements,Ointment,0.50%,Novartis Nigeria,Vitamins & Supplements,20,OTC,Protect from light,60,B,N,66.02,103.3,220,792,111
DRG0454,Acyclovir-D 0.5% Suppository,Acyclovir,Acyclovir-D,Prescription Antimicrobials,Suppository,0.50%,SKG Pharma,Antivirals,5,OTC,Store below 25°C,24,B,E,79.2,119.06,149,703,65
DRG0455,MagnesiumForte 5mg Capsule,Magnesium Trisilicate,MagnesiumForte,OTC Gastro,Capsule,5mg,SKG Pharma,Antacids/Antiulcerants,5,Prescription Only,Store below 25°C,18,C,V,121.4,177.08,178,557,120
DRG0456,EsomeprazoleGold 1% Suppository,Esomeprazole,EsomeprazoleGold,OTC Gastro,Suppository,1%,GlaxoSmithKline Nigeria,Antacids/Antiulcerants,100,Prescription Only,Store below 25°C,60,A,E,210.22,258.15,106,364,45
DRG0457,Metformin-D 500mg Tablet,Metformin,Metformin-D,Chronic Disease Management,Tablet,500mg,Bioraj Pharmaceuticals,Antidiabetics,20,OTC,Refrigerate 2-8°C,48,B,E,90.13,125.21,230,1061,118
DRG0458,QuinineMax 100mg/5ml Ointment,Quinine,QuinineMax,OTC/Prescription Antimalarial,Ointment,100mg/5ml,Chi Pharmaceuticals,Antimalarials,1,Prescription Only,Store in a cool dry place,24,C,N,42.18,64.97,295,1193,138
DRG0459,DiclofenacForte 250mg Suppository,Diclofenac,DiclofenacForte,OTC Pain Relief,Suppository,250mg,Novartis Nigeria,Analgesics,20,Prescription Only,Protect from light,12,C,E,132.66,172.7,193,845,126
DRG0460,AmodiaquineForte 0.5% Injection,Amodiaquine,AmodiaquineForte,OTC/Prescription Antimalarial,Injection,0.50%,SKG Pharma,Antimalarials,50,Prescription Only,Refrigerate 2-8°C,36,B,E,665.14,868.57,100,303,49
DRG0461,PraziquantelPlus 5mg Eye Drops,Praziquantel,PraziquantelPlus,OTC/Prescription Antiparasitic,Eye Drops,5mg,Novartis Nigeria,Antiparasitics,5,OTC,Store in a cool dry place,48,C,E,90.87,104.64,417,1789,290
DRG0462,OseltamivirMax 0.5% Sachet/Powder,Oseltamivir,OseltamivirMax,Prescription Antimicrobials,Sachet/Powder,0.50%,Swiss Pharma Nigeria,Antivirals,60,Controlled,Store below 25°C,48,C,E,39.89,49.35,267,819,109
DRG0463,DiazepamPlus 50mg Tablet,Diazepam,DiazepamPlus,Prescription CNS,Tablet,50mg,GlaxoSmithKline Nigeria,Antidepressants/CNS,100,Prescription Only,Store below 25°C,24,C,V,94.69,150.34,153,760,67
DRG0464,Magnesium DS 2.5mg Sachet/Powder,Magnesium Trisilicate,Magnesium DS,OTC Gastro,Sachet/Powder,2.5mg,Juhel Nigeria Limited,Antacids/Antiulcerants,24,OTC,"Store below 30°C, away from moisture",48,C,E,84.43,115.74,432,1684,201
DRG0465,KetoconazoleExtra 0.5% Sachet/Powder,Ketoconazole,KetoconazoleExtra,Prescription Antimicrobials,Sachet/Powder,0.50%,GlaxoSmithKline Nigeria,Antifungals,10,Prescription Only,Protect from light,36,A,N,80.04,131.44,104,440,66
DRG0466,AmitriptylineForte 500mg Injection,Amitriptyline,AmitriptylineForte,Prescription CNS,Injection,500mg,Pharma-Deko Plc,Antidepressants/CNS,30,Prescription Only,Store in a cool dry place,24,B,V,170.53,229.85,306,855,203
DRG0467,DextromethorphanGold 20mg Capsule,Dextromethorphan,DextromethorphanGold,OTC Respiratory,Capsule,20mg,Novartis Nigeria,Respiratory/Antitussives,20,Prescription Only,Refrigerate 2-8°C,36,B,E,246.65,371.85,395,1235,166
DRG0468,DiclofenacMax 5mg Inhaler,Diclofenac Gel,DiclofenacMax,OTC Pain Relief,Inhaler,5mg,Marbis Pharmaceuticals,NSAIDs,60,Prescription Only,Store in a cool dry place,18,C,E,138.16,178.36,205,584,83
DRG0469,AspirinGold 100mg/5ml Sachet/Powder,Aspirin,AspirinGold,OTC Pain Relief,Sachet/Powder,100mg/5ml,Chi Pharmaceuticals,Analgesics,50,Prescription Only,"Store below 30°C, away from moisture",60,C,E,77.8,103.62,102,354,63
DRG0470,Furosemide Junior 0.5% Cream,Furosemide,Furosemide Junior,Chronic Disease Management,Cream,0.50%,Bioraj Pharmaceuticals,Cardiovascular,50,OTC,Store below 25°C,18,C,E,198.29,246.94,491,1576,216
DRG0471,ChloramphenicolExtra 10mg Suppository,Chloramphenicol Eye Drops,ChloramphenicolExtra,OTC Eye Care,Suppository,10mg,Bond Chemical Industries,Ophthalmics,50,Prescription Only,Store below 25°C,60,C,E,42.26,55.93,378,1637,166
DRG0472,ArtemetherPlus 50mg Inhaler,Artemether/Lumefantrine,ArtemetherPlus,OTC/Prescription Antimalarial,Inhaler,50mg,SKG Pharma,Antimalarials,100,Prescription Only,"Store below 30°C, away from moisture",12,A,N,56.68,80.69,493,1366,200
DRG0473,Fluoxetine 20mg/ml Eye Drops,Fluoxetine,Fluoxetine,Prescription CNS,Eye Drops,20mg/ml,Codix Pharma,Antidepressants/CNS,24,OTC,"Store below 30°C, away from moisture",48,B,E,59.83,98.47,236,1033,97
DRG0474,Acyclovir 500mg Suppository,Acyclovir,Acyclovir,Prescription Antimicrobials,Suppository,500mg,Bioraj Pharmaceuticals,Antivirals,100,OTC,Store below 25°C,60,B,N,82.93,122.91,413,1079,197
DRG0475,VitaminExtra 5mg Suppository,Vitamin B Complex,VitaminExtra,Wellness/Supplements,Suppository,5mg,Novartis Nigeria,Vitamins & Supplements,1,OTC,Protect from light,48,B,V,120.63,150.74,199,598,83
DRG0476,GliclazidePlus 0.5% Suspension,Gliclazide,GliclazidePlus,Chronic Disease Management,Suspension,0.50%,Evans Medical Plc,Antidiabetics,1,OTC,Refrigerate 2-8°C,24,A,N,74.67,87.55,313,1402,159
DRG0477,VitaminGold 0.5% Suppository,Vitamin C,VitaminGold,Wellness/Supplements,Suppository,0.50%,Novartis Nigeria,Vitamins & Supplements,60,OTC,Store in a cool dry place,12,A,E,52.06,63.16,299,1302,194
DRG0478,Erythromycin 20mg Sachet/Powder,Erythromycin,Erythromycin,Prescription Antimicrobials,Sachet/Powder,20mg,GlaxoSmithKline Nigeria,Antibiotics,50,Prescription Only,Protect from light,18,C,N,174.73,250.09,482,1778,239
DRG0479,PraziquantelForte 20mg Suppository,Praziquantel,PraziquantelForte,OTC/Prescription Antiparasitic,Suppository,20mg,Evans Medical Plc,Antiparasitics,100,Controlled,"Store below 30°C, away from moisture",48,C,E,73.14,112.09,347,910,214
DRG0480,Ivermectin Junior 50mg Eye Drops,Ivermectin,Ivermectin Junior,OTC/Prescription Antiparasitic,Eye Drops,50mg,Evans Medical Plc,Antiparasitics,10,Prescription Only,"Store below 30°C, away from moisture",36,C,E,90.47,146.58,460,1851,196
DRG0481,Loratadine 20mg Sachet/Powder,Loratadine,Loratadine,OTC Allergy,Sachet/Powder,20mg,May & Baker Nigeria,Antihistamines,30,OTC,"Store below 30°C, away from moisture",24,C,V,124.73,144.43,472,1659,282
DRG0482,TetracyclineGold 0.5% Ointment,Tetracycline Eye Ointment,TetracyclineGold,OTC Eye Care,Ointment,0.50%,GlaxoSmithKline Nigeria,Ophthalmics,60,Prescription Only,Store in a cool dry place,60,B,N,86.76,122.45,260,855,128
DRG0483,PromethazineExtra 100mg/5ml Sachet/Powder,Promethazine Injection,PromethazineExtra,OTC Gastro,Sachet/Powder,100mg/5ml,Juhel Nigeria Limited,Antiemetics,10,OTC,"Store below 30°C, away from moisture",48,C,E,87.01,120.55,74,303,46
DRG0484,Warfarin 50mg Tablet,Warfarin,Warfarin,Chronic Disease Management,Tablet,50mg,Swiss Pharma Nigeria,Anticoagulants,24,OTC,Refrigerate 2-8°C,18,C,E,183.01,270.49,343,1231,151
DRG0485,CombinedPlus 20mg Sachet/Powder,Combined Oral Contraceptive Pill,CombinedPlus,Family Planning,Sachet/Powder,20mg,Marbis Pharmaceuticals,Contraceptives,20,OTC,Protect from light,36,C,N,93.52,133.71,390,1065,261
DRG0486,Metoclopramide DS 5mg Inhaler,Metoclopramide,Metoclopramide DS,OTC Gastro,Inhaler,5mg,Chi Pharmaceuticals,Antiemetics,24,Prescription Only,Protect from light,24,B,E,159.39,238.05,201,962,95
DRG0487,ChlorpheniramineForte 100mg/5ml Suspension,Chlorpheniramine,ChlorpheniramineForte,OTC Allergy,Suspension,100mg/5ml,Bioraj Pharmaceuticals,Antihistamines,100,OTC,Store below 25°C,18,A,N,124.13,183.59,73,324,36
DRG0488,Medroxyprogesterone DS 50mg Syrup,Medroxyprogesterone,Medroxyprogesterone DS,Family Planning,Syrup,50mg,Novartis Nigeria,Contraceptives,20,OTC,Protect from light,48,A,E,440.3,532.11,301,794,206
DRG0489,Ciprofloxacin Junior 5mg Sachet/Powder,Ciprofloxacin,Ciprofloxacin Junior,Prescription Antimicrobials,Sachet/Powder,5mg,May & Baker Nigeria,Antibiotics,5,Prescription Only,Store in a cool dry place,48,C,N,112.22,173.93,109,415,62
DRG0490,Whitfield's 10mg Ointment,Whitfield's Ointment,Whitfield's,OTC Skincare,Ointment,10mg,Fidson Healthcare,Dermatologicals,1,Prescription Only,Store in a cool dry place,24,C,E,133.33,161.54,483,1308,246
DRG0491,ClopidogrelForte 5mg Ointment,Clopidogrel,ClopidogrelForte,Chronic Disease Management,Ointment,5mg,Sanofi Nigeria,Anticoagulants,50,OTC,"Store below 30°C, away from moisture",12,C,E,194.29,291.29,416,1910,284
DRG0492,Oseltamivir DS 10mg Injection,Oseltamivir,Oseltamivir DS,Prescription Antimicrobials,Injection,10mg,Codix Pharma,Antivirals,10,Prescription Only,Store below 25°C,48,B,V,88.18,119.75,115,463,57
DRG0493,LevonorgestrelPlus 20mg/ml Ointment,Levonorgestrel,LevonorgestrelPlus,Family Planning,Ointment,20mg/ml,SKG Pharma,Contraceptives,30,Prescription Only,Refrigerate 2-8°C,36,C,N,58.85,82.8,447,1310,191
DRG0494,Salbutamol DS 50mg Sachet/Powder,Salbutamol,Salbutamol DS,OTC Respiratory,Sachet/Powder,50mg,Swiss Pharma Nigeria,Respiratory/Antitussives,50,OTC,Protect from light,36,C,E,63.98,102.47,102,260,71
DRG0495,AspirinMax 100mg/5ml Sachet/Powder,Aspirin (Low Dose),AspirinMax,Chronic Disease Management,Sachet/Powder,100mg/5ml,Marbis Pharmaceuticals,Anticoagulants,30,OTC,Protect from light,36,B,E,64.31,102.57,465,1199,223
DRG0496,Chlorpheniramine 20mg Eye Drops,Chlorpheniramine,Chlorpheniramine,OTC Allergy,Eye Drops,20mg,Codix Pharma,Antihistamines,50,Prescription Only,Store in a cool dry place,60,B,N,51.11,79.68,155,584,101
DRG0497,MetforminGold 0.5% Eye Drops,Metformin,MetforminGold,Chronic Disease Management,Eye Drops,0.50%,Reckitt Benckiser Nigeria,Antidiabetics,24,OTC,Protect from light,36,C,V,105.02,147.56,145,628,65
DRG0498,Atorvastatin DS 250mg Sachet/Powder,Atorvastatin,Atorvastatin DS,Chronic Disease Management,Sachet/Powder,250mg,Neimeth International,Cardiovascular,20,Prescription Only,Store in a cool dry place,48,B,N,59.09,89.71,225,630,139
DRG0499,HydrocortisoneMax 1g Suspension,Hydrocortisone Cream,HydrocortisoneMax,OTC Skincare,Suspension,1g,May & Baker Nigeria,Dermatologicals,20,Prescription Only,Store in a cool dry place,36,C,N,96.34,135.5,88,268,49
DRG0500,TetracyclineMax 250mg Inhaler,Tetracycline Eye Ointment,TetracyclineMax,OTC Eye Care,Inhaler,250mg,SKG Pharma,Ophthalmics,24,Prescription Only,Store in a cool dry place,12,C,N,76.59,121.38,217,720,150
DRG0501,MagnesiumPlus 2.5mg Inhaler,Magnesium Trisilicate,MagnesiumPlus,OTC Gastro,Inhaler,2.5mg,Juhel Nigeria Limited,Antacids/Antiulcerants,5,Prescription Only,Protect from light,18,C,N,82.37,111.31,91,277,51
DRG0502,ErythromycinPlus 500mg Syrup,Erythromycin,ErythromycinPlus,Prescription Antimicrobials,Syrup,500mg,Chi Pharmaceuticals,Antibiotics,50,Prescription Only,Refrigerate 2-8°C,60,C,E,125.21,204.73,416,1446,169
DRG0503,PraziquantelGold 250mg Suppository,Praziquantel,PraziquantelGold,OTC/Prescription Antiparasitic,Suppository,250mg,Nemel Pharmaceuticals,Antiparasitics,20,Prescription Only,Protect from light,24,C,V,61.76,99.81,153,596,88
DRG0504,FluoxetineMax 50mg Suspension,Fluoxetine,FluoxetineMax,Prescription CNS,Suspension,50mg,Evans Medical Plc,Antidepressants/CNS,30,OTC,Store in a cool dry place,48,C,N,133.43,202.92,382,1609,169
DRG0505,Aspirin DS 500mg Suppository,Aspirin,Aspirin DS,OTC Pain Relief,Suppository,500mg,Neimeth International,Analgesics,5,OTC,Refrigerate 2-8°C,24,B,E,291.73,376.25,253,1242,161
DRG0506,Atenolol 20mg Inhaler,Atenolol,Atenolol,Chronic Disease Management,Inhaler,20mg,Bond Chemical Industries,Antihypertensives,1,Controlled,Protect from light,36,A,V,106.95,130.03,57,275,37
DRG0507,Folic Junior 250mg Inhaler,Folic Acid,Folic Junior,Wellness/Supplements,Inhaler,250mg,Bioraj Pharmaceuticals,Vitamins & Supplements,1,OTC,Store below 25°C,36,B,N,54.98,86.72,331,1299,180
DRG0508,ZincGold 100mg/5ml Cream,Zinc Sulphate,ZincGold,Wellness/Supplements,Cream,100mg/5ml,Sanofi Nigeria,Vitamins & Supplements,60,Prescription Only,Store below 25°C,60,C,E,59.52,73.37,445,1929,282
DRG0509,KetoconazoleForte 20mg/ml Ointment,Ketoconazole,KetoconazoleForte,Prescription Antimicrobials,Ointment,20mg/ml,Pharma-Deko Plc,Antifungals,60,OTC,"Store below 30°C, away from moisture",36,A,N,72.6,114.5,92,448,40
DRG0510,DigoxinMax 1% Syrup,Digoxin,DigoxinMax,Chronic Disease Management,Syrup,1%,Juhel Nigeria Limited,Cardiovascular,30,OTC,"Store below 30°C, away from moisture",18,A,N,60.12,83.89,484,1311,265
DRG0511,FolicGold 10mg Suspension,Folic Acid,FolicGold,Wellness/Supplements,Suspension,10mg,Juhel Nigeria Limited,Vitamins & Supplements,60,OTC,Store below 25°C,12,A,N,50.26,68.02,159,399,82
DRG0512,SulphadoxinePlus 250mg Suppository,Sulphadoxine/Pyrimethamine,SulphadoxinePlus,OTC/Prescription Antimalarial,Suppository,250mg,Marbis Pharmaceuticals,Antimalarials,1,OTC,Refrigerate 2-8°C,36,C,N,93.71,150.09,259,666,151
DRG0513,AspirinExtra 20mg Suppository,Aspirin (Low Dose),AspirinExtra,Chronic Disease Management,Suppository,20mg,Drugfield Pharmaceuticals,Anticoagulants,100,OTC,Protect from light,18,C,N,73.76,107.09,286,1117,118
DRG0514,Doxycycline 2.5mg Tablet,Doxycycline,Doxycycline,Prescription Antimicrobials,Tablet,2.5mg,Drugfield Pharmaceuticals,Antibiotics,60,OTC,"Store below 30°C, away from moisture",36,C,N,96,138.08,405,1784,253
DRG0515,Atenolol-D 250mg Tablet,Atenolol,Atenolol-D,Chronic Disease Management,Tablet,250mg,Bioraj Pharmaceuticals,Antihypertensives,30,OTC,Store below 25°C,24,B,E,208.82,298.48,368,1257,155
DRG0516,Bromhexine 10mg Injection,Bromhexine,Bromhexine,OTC Respiratory,Injection,10mg,Neimeth International,Respiratory/Antitussives,50,OTC,Protect from light,24,C,E,73.11,97.64,98,378,58
DRG0517,Dextromethorphan DS 100mg/5ml Suspension,Dextromethorphan,Dextromethorphan DS,OTC Respiratory,Suspension,100mg/5ml,Drugfield Pharmaceuticals,Respiratory/Antitussives,60,OTC,Store in a cool dry place,24,C,N,46.69,72.03,164,621,66
DRG0518,PiroxicamExtra 20mg/ml Inhaler,Piroxicam,PiroxicamExtra,OTC Pain Relief,Inhaler,20mg/ml,Nemel Pharmaceuticals,NSAIDs,30,Prescription Only,Refrigerate 2-8°C,18,C,N,66.64,85.06,204,558,132
DRG0519,CarbamazepineGold 0.5% Syrup,Carbamazepine,CarbamazepineGold,Prescription CNS,Syrup,0.50%,Sun Pharmaceuticals Nigeria,Antidepressants/CNS,24,OTC,Store below 25°C,18,C,E,147.97,239.63,186,614,84
DRG0520,Benzyl 1% Suppository,Benzyl Benzoate,Benzyl,OTC Skincare,Suppository,1%,Swiss Pharma Nigeria,Dermatologicals,60,Prescription Only,Refrigerate 2-8°C,24,A,V,137.42,219.46,216,550,119
DRG0521,AmitriptylineForte 250mg Syrup,Amitriptyline,AmitriptylineForte,Prescription CNS,Syrup,250mg,Sun Pharmaceuticals Nigeria,Antidepressants/CNS,30,Prescription Only,Store in a cool dry place,60,C,E,121.71,160.5,370,1027,177
DRG0522,Nifedipine-D 1g Injection,Nifedipine,Nifedipine-D,Chronic Disease Management,Injection,1g,Reckitt Benckiser Nigeria,Antihypertensives,60,Prescription Only,Refrigerate 2-8°C,24,B,V,59.23,89.72,248,1123,152
DRG0523,Diclofenac-D 50mg Sachet/Powder,Diclofenac,Diclofenac-D,OTC Pain Relief,Sachet/Powder,50mg,GlaxoSmithKline Nigeria,Analgesics,30,Prescription Only,Protect from light,18,B,N,145.8,209.46,120,548,59
DRG0524,Lamivudine 0.5% Eye Drops,Lamivudine/Tenofovir/Dolutegravir,Lamivudine,Prescription Antimicrobials,Eye Drops,0.50%,Ranbaxy Nigeria,Antivirals,1,Prescription Only,Store in a cool dry place,48,C,N,175.02,230.82,56,252,34
DRG0525,LamivudineExtra 20mg/ml Syrup,Lamivudine/Tenofovir/Dolutegravir,LamivudineExtra,Prescription Antimicrobials,Syrup,20mg/ml,Pfizer Nigeria,Antivirals,60,OTC,Protect from light,48,B,V,57.24,94.12,249,1074,120
DRG0526,AlbendazoleExtra 10mg Cream,Albendazole,AlbendazoleExtra,OTC/Prescription Antiparasitic,Cream,10mg,May & Baker Nigeria,Antiparasitics,60,OTC,Refrigerate 2-8°C,60,B,E,82.38,95.78,385,1726,240
DRG0527,Clotrimazole Junior 1% Cream,Clotrimazole,Clotrimazole Junior,Prescription Antimicrobials,Cream,1%,Bond Chemical Industries,Antifungals,5,Controlled,Store in a cool dry place,18,C,V,441.74,563.8,116,484,47
DRG0528,CetirizineGold 20mg Sachet/Powder,Cetirizine,CetirizineGold,OTC Allergy,Sachet/Powder,20mg,Swiss Pharma Nigeria,Antihistamines,20,OTC,Store in a cool dry place,12,A,N,56.05,79.03,187,780,90
DRG0529,Amlodipine 250mg Tablet,Amlodipine,Amlodipine,Chronic Disease Management,Tablet,250mg,Drugfield Pharmaceuticals,Antihypertensives,100,Prescription Only,Store below 25°C,12,C,E,39.92,56.33,291,1213,159
DRG0530,Ketoconazole DS 10mg Injection,Ketoconazole,Ketoconazole DS,Prescription Antimicrobials,Injection,10mg,May & Baker Nigeria,Antifungals,30,Prescription Only,Store in a cool dry place,60,C,E,247.65,357.72,262,991,108
DRG0531,GlibenclamideExtra 250mg Tablet,Glibenclamide,GlibenclamideExtra,Chronic Disease Management,Tablet,250mg,SKG Pharma,Antidiabetics,60,Prescription Only,Refrigerate 2-8°C,36,C,E,200.14,305.38,230,783,104
DRG0532,Diclofenac Junior 1% Syrup,Diclofenac Gel,Diclofenac Junior,OTC Pain Relief,Syrup,1%,Codix Pharma,NSAIDs,5,OTC,Protect from light,36,C,V,64.57,94.38,303,1310,206
DRG0533,Aspirin 1g Injection,Aspirin (Low Dose),Aspirin,Chronic Disease Management,Injection,1g,SKG Pharma,Anticoagulants,1,Prescription Only,Store below 25°C,36,C,E,78.76,114.21,150,486,103
DRG0534,LamivudineMax 20mg Syrup,Lamivudine/Tenofovir/Dolutegravir,LamivudineMax,Prescription Antimicrobials,Syrup,20mg,Cipla Nigeria,Antivirals,10,OTC,"Store below 30°C, away from moisture",24,C,V,46.04,54.18,400,1542,248
DRG0535,LamivudinePlus 0.5% Eye Drops,Lamivudine/Tenofovir/Dolutegravir,LamivudinePlus,Prescription Antimicrobials,Eye Drops,0.50%,Codix Pharma,Antivirals,1,OTC,Store in a cool dry place,24,C,E,89.68,120.02,136,487,64
DRG0536,Chloramphenicol 10mg Cream,Chloramphenicol Eye Drops,Chloramphenicol,OTC Eye Care,Cream,10mg,Emzor Pharmaceuticals,Ophthalmics,100,Prescription Only,Store in a cool dry place,36,C,V,205.2,259.79,234,746,111
DRG0537,Multivitamin DS 10mg Ointment,Multivitamin,Multivitamin DS,Wellness/Supplements,Ointment,10mg,Sanofi Nigeria,Vitamins & Supplements,50,OTC,"Store below 30°C, away from moisture",48,C,E,61.73,79.18,140,691,83
DRG0538,TetracyclineMax 20mg/ml Injection,Tetracycline Eye Ointment,TetracyclineMax,OTC Eye Care,Injection,20mg/ml,Novartis Nigeria,Ophthalmics,5,Prescription Only,Store in a cool dry place,18,C,N,161.25,230.13,297,934,129
DRG0539,ArtesunateMax 20mg/ml Capsule,Artesunate,ArtesunateMax,OTC/Prescription Antimalarial,Capsule,20mg/ml,Swiss Pharma Nigeria,Antimalarials,1,Prescription Only,Refrigerate 2-8°C,60,A,N,116.81,145.98,263,860,180
DRG0540,Gentamicin-D 5mg Tablet,Gentamicin Eye Drops,Gentamicin-D,OTC Eye Care,Tablet,5mg,Juhel Nigeria Limited,Ophthalmics,10,Controlled,Store below 25°C,18,B,N,127.3,165.1,408,1184,190
DRG0541,LosartanExtra 1% Eye Drops,Losartan,LosartanExtra,Chronic Disease Management,Eye Drops,1%,Bond Chemical Industries,Antihypertensives,10,OTC,"Store below 30°C, away from moisture",12,C,N,63.64,80.73,298,1358,208
DRG0542,Metoclopramide DS 0.5% Injection,Metoclopramide,Metoclopramide DS,OTC Gastro,Injection,0.50%,Ranbaxy Nigeria,Antiemetics,1,Controlled,Store in a cool dry place,60,B,V,68.3,110.94,175,694,96
DRG0543,ErythromycinExtra 20mg Tablet,Erythromycin,ErythromycinExtra,Prescription Antimicrobials,Tablet,20mg,May & Baker Nigeria,Antibiotics,100,OTC,Store in a cool dry place,18,A,V,38.61,62.64,460,1854,290
DRG0544,MagnesiumPlus 0.5% Capsule,Magnesium Trisilicate,MagnesiumPlus,OTC Gastro,Capsule,0.50%,Sun Pharmaceuticals Nigeria,Antacids/Antiulcerants,30,OTC,Store in a cool dry place,18,C,E,60.98,88.72,487,2216,195
DRG0545,AzithromycinForte 20mg/ml Suppository,Azithromycin,AzithromycinForte,Prescription Antimicrobials,Suppository,20mg/ml,Bioraj Pharmaceuticals,Antibiotics,30,OTC,Refrigerate 2-8°C,24,A,N,204.77,330.14,418,1403,278
DRG0546,Cetirizine 500mg Suppository,Cetirizine,Cetirizine,OTC Allergy,Suppository,500mg,Reckitt Benckiser Nigeria,Antihistamines,50,OTC,Refrigerate 2-8°C,18,B,N,51.56,79.55,53,158,25
DRG0547,SalbutamolGold 10mg Capsule,Salbutamol,SalbutamolGold,OTC Respiratory,Capsule,10mg,Novartis Nigeria,Respiratory/Antitussives,100,OTC,"Store below 30°C, away from moisture",24,C,V,55.02,79.5,137,410,82
DRG0548,WarfarinGold 250mg Tablet,Warfarin,WarfarinGold,Chronic Disease Management,Tablet,250mg,Sun Pharmaceuticals Nigeria,Anticoagulants,1,Prescription Only,"Store below 30°C, away from moisture",24,C,E,133.56,154.02,200,866,128
DRG0549,Artesunate Junior 20mg/ml Capsule,Artesunate,Artesunate Junior,OTC/Prescription Antimalarial,Capsule,20mg/ml,Neimeth International,Antimalarials,60,Controlled,Store below 25°C,12,B,V,111.68,171.57,225,907,101
DRG0550,Dextromethorphan 5mg Capsule,Dextromethorphan,Dextromethorphan,OTC Respiratory,Capsule,5mg,Sanofi Nigeria,Respiratory/Antitussives,1,OTC,Protect from light,60,C,N,138.84,208.43,260,784,138
DRG0551,GuaifenesinGold 1% Tablet,Guaifenesin,GuaifenesinGold,OTC Respiratory,Tablet,1%,Reckitt Benckiser Nigeria,Respiratory/Antitussives,100,OTC,"Store below 30°C, away from moisture",24,C,E,47.06,68.6,475,1359,260
DRG0552,Cefuroxime Junior 20mg Suppository,Cefuroxime,Cefuroxime Junior,Prescription Antimicrobials,Suppository,20mg,Sanofi Nigeria,Antibiotics,5,Prescription Only,"Store below 30°C, away from moisture",48,B,V,739.14,1131.04,308,862,152
DRG0553,Chlorpheniramine Junior 50mg Injection,Chlorpheniramine,Chlorpheniramine Junior,OTC Allergy,Injection,50mg,Ranbaxy Nigeria,Antihistamines,5,OTC,Protect from light,18,B,E,46.19,64.96,140,569,76
DRG0554,Diclofenac 5mg/ml Cream,Diclofenac Gel,Diclofenac,OTC Pain Relief,Cream,5mg/ml,Bond Chemical Industries,NSAIDs,10,Prescription Only,Protect from light,36,C,E,93.7,140.74,308,770,152
DRG0555,Cetirizine-D 10mg Inhaler,Cetirizine,Cetirizine-D,OTC Allergy,Inhaler,10mg,Marbis Pharmaceuticals,Antihistamines,60,Prescription Only,Protect from light,36,C,N,76.59,123.89,461,1173,234
DRG0556,EsomeprazoleExtra 20mg Inhaler,Esomeprazole,EsomeprazoleExtra,OTC Gastro,Inhaler,20mg,Codix Pharma,Antacids/Antiulcerants,60,OTC,Refrigerate 2-8°C,12,C,V,46.67,62.44,240,833,144
DRG0557,AtenololForte 5mg Tablet,Atenolol,AtenololForte,Chronic Disease Management,Tablet,5mg,Novartis Nigeria,Antihypertensives,24,Prescription Only,"Store below 30°C, away from moisture",12,C,N,67.7,101.82,130,549,76
DRG0558,MetoclopramidePlus 20mg/ml Inhaler,Metoclopramide,MetoclopramidePlus,OTC Gastro,Inhaler,20mg/ml,GlaxoSmithKline Nigeria,Antiemetics,100,Prescription Only,Protect from light,48,C,E,85.89,119.2,464,1966,217
DRG0559,Aspirin-D 50mg Suspension,Aspirin (Low Dose),Aspirin-D,Chronic Disease Management,Suspension,50mg,Fidson Healthcare,Anticoagulants,20,OTC,"Store below 30°C, away from moisture",60,B,N,58.5,87,187,668,125
DRG0560,MetoclopramidePlus 2.5mg Cream,Metoclopramide,MetoclopramidePlus,OTC Gastro,Cream,2.5mg,Bioraj Pharmaceuticals,Antiemetics,100,Prescription Only,Store below 25°C,48,C,N,169.38,259.4,482,2037,317
DRG0561,FluconazoleForte 500mg Injection,Fluconazole,FluconazoleForte,Prescription Antimicrobials,Injection,500mg,Reckitt Benckiser Nigeria,Antifungals,30,Controlled,Store below 25°C,12,B,V,76.45,89.65,399,1517,220
DRG0562,VitaminGold 2.5mg Suspension,Vitamin B Complex,VitaminGold,Wellness/Supplements,Suspension,2.5mg,Sun Pharmaceuticals Nigeria,Vitamins & Supplements,30,Prescription Only,"Store below 30°C, away from moisture",48,C,V,44.28,65.24,175,864,92
DRG0563,CarbamazepineForte 50mg Sachet/Powder,Carbamazepine,CarbamazepineForte,Prescription CNS,Sachet/Powder,50mg,Reckitt Benckiser Nigeria,Antidepressants/CNS,60,Prescription Only,Store in a cool dry place,12,C,N,43.12,54.48,418,1214,214
DRG0564,Loratadine DS 1g Suppository,Loratadine,Loratadine DS,OTC Allergy,Suppository,1g,Codix Pharma,Antihistamines,24,Prescription Only,Protect from light,36,A,V,130.1,193.2,454,1816,277
DRG0565,Bromhexine-D 100mg/5ml Cream,Bromhexine,Bromhexine-D,OTC Respiratory,Cream,100mg/5ml,Codix Pharma,Respiratory/Antitussives,100,Prescription Only,Refrigerate 2-8°C,48,C,N,42.34,58.61,405,1509,243
DRG0566,VitaminGold 0.5% Ointment,Vitamin B Complex,VitaminGold,Wellness/Supplements,Ointment,0.50%,Codix Pharma,Vitamins & Supplements,5,Controlled,Refrigerate 2-8°C,24,B,N,104.92,161.24,358,1069,164
DRG0567,MefenamicPlus 20mg Tablet,Mefenamic Acid,MefenamicPlus,OTC Pain Relief,Tablet,20mg,Sun Pharmaceuticals Nigeria,NSAIDs,10,Prescription Only,Refrigerate 2-8°C,12,B,N,115.17,139.55,392,1714,235
DRG0568,Acyclovir-D 0.5% Tablet,Acyclovir,Acyclovir-D,Prescription Antimicrobials,Tablet,0.50%,Juhel Nigeria Limited,Antivirals,50,Prescription Only,Protect from light,48,C,E,50.18,73.42,279,889,132
DRG0569,ClopidogrelForte 5mg/ml Tablet,Clopidogrel,ClopidogrelForte,Chronic Disease Management,Tablet,5mg/ml,Swiss Pharma Nigeria,Anticoagulants,60,OTC,Refrigerate 2-8°C,24,B,E,163.05,210.21,394,1360,159
DRG0570,WarfarinMax 500mg Injection,Warfarin,WarfarinMax,Chronic Disease Management,Injection,500mg,Chi Pharmaceuticals,Anticoagulants,100,Prescription Only,"Store below 30°C, away from moisture",60,C,E,39.8,62.74,359,1233,218
DRG0571,AmodiaquineExtra 1% Eye Drops,Amodiaquine,AmodiaquineExtra,OTC/Prescription Antimalarial,Eye Drops,1%,Drugfield Pharmaceuticals,Antimalarials,20,Prescription Only,Refrigerate 2-8°C,12,A,V,103.44,166.97,490,1524,290
DRG0572,AspirinPlus 1g Cream,Aspirin (Low Dose),AspirinPlus,Chronic Disease Management,Cream,1g,May & Baker Nigeria,Anticoagulants,100,OTC,Store below 25°C,18,C,N,82.41,135.83,69,246,36
DRG0573,Chloramphenicol DS 20mg Tablet,Chloramphenicol Eye Drops,Chloramphenicol DS,OTC Eye Care,Tablet,20mg,Pfizer Nigeria,Ophthalmics,5,OTC,Protect from light,48,C,N,78.47,121.47,418,1539,233
DRG0574,InsulinGold 250mg Syrup,Insulin Glargine,InsulinGold,Chronic Disease Management,Syrup,250mg,SKG Pharma,Antidiabetics,100,Controlled,Protect from light,48,C,E,46.81,71.47,98,427,67
DRG0575,Levonorgestrel DS 0.5% Injection,Levonorgestrel,Levonorgestrel DS,Family Planning,Injection,0.50%,Chi Pharmaceuticals,Contraceptives,100,OTC,Refrigerate 2-8°C,12,B,N,51.39,64.64,184,811,106
DRG0576,OndansetronPlus 100mg/5ml Suppository,Ondansetron,OndansetronPlus,OTC Gastro,Suppository,100mg/5ml,Reckitt Benckiser Nigeria,Antiemetics,50,OTC,Protect from light,36,C,V,305.56,402.73,78,225,46
DRG0577,Glibenclamide 5mg/ml Suspension,Glibenclamide,Glibenclamide,Chronic Disease Management,Suspension,5mg/ml,Drugfield Pharmaceuticals,Antidiabetics,100,Prescription Only,"Store below 30°C, away from moisture",48,B,E,214.04,295.98,97,386,40
DRG0578,TetracyclineGold 500mg Suspension,Tetracycline Eye Ointment,TetracyclineGold,OTC Eye Care,Suspension,500mg,SKG Pharma,Ophthalmics,50,Prescription Only,Refrigerate 2-8°C,60,A,N,144.67,222.31,318,1507,143
DRG0579,Warfarin DS 1g Ointment,Warfarin,Warfarin DS,Chronic Disease Management,Ointment,1g,GlaxoSmithKline Nigeria,Anticoagulants,60,OTC,Refrigerate 2-8°C,48,B,N,169.75,272.87,52,144,25
DRG0580,Aspirin-D 0.5% Inhaler,Aspirin,Aspirin-D,OTC Pain Relief,Inhaler,0.50%,Neimeth International,Analgesics,1,Prescription Only,Store in a cool dry place,12,A,E,157.23,195.68,307,1130,172
DRG0581,Multivitamin-D 0.5% Syrup,Multivitamin,Multivitamin-D,Wellness/Supplements,Syrup,0.50%,Novartis Nigeria,Vitamins & Supplements,20,OTC,Store below 25°C,18,C,N,69.51,111.99,65,284,41
DRG0582,ChloramphenicolPlus 1% Cream,Chloramphenicol Eye Drops,ChloramphenicolPlus,OTC Eye Care,Cream,1%,Pharma-Deko Plc,Ophthalmics,20,OTC,Store in a cool dry place,12,B,E,87.26,130.7,143,576,70
DRG0583,Simvastatin 10mg Suspension,Simvastatin,Simvastatin,Chronic Disease Management,Suspension,10mg,Reckitt Benckiser Nigeria,Cardiovascular,5,Prescription Only,Refrigerate 2-8°C,48,C,E,42.52,61.88,407,1119,206
DRG0584,OndansetronExtra 250mg Sachet/Powder,Ondansetron,OndansetronExtra,OTC Gastro,Sachet/Powder,250mg,Reckitt Benckiser Nigeria,Antiemetics,100,Prescription Only,Protect from light,12,C,E,79.91,99.88,183,638,87
DRG0585,KetoconazoleMax 0.5% Suspension,Ketoconazole,KetoconazoleMax,Prescription Antimicrobials,Suspension,0.50%,Fidson Healthcare,Antifungals,50,OTC,Store below 25°C,12,B,N,208.29,245.32,350,1318,166
DRG0586,Ivermectin-D 250mg Capsule,Ivermectin,Ivermectin-D,OTC/Prescription Antiparasitic,Capsule,250mg,Novartis Nigeria,Antiparasitics,50,Prescription Only,Store in a cool dry place,18,C,V,58.2,83.47,376,1876,257
DRG0587,Albendazole Junior 2.5mg Inhaler,Albendazole,Albendazole Junior,OTC/Prescription Antiparasitic,Inhaler,2.5mg,Ranbaxy Nigeria,Antiparasitics,20,OTC,Protect from light,36,A,E,181.89,268.43,182,536,107
DRG0588,AmitriptylineGold 20mg Suppository,Amitriptyline,AmitriptylineGold,Prescription CNS,Suppository,20mg,Fidson Healthcare,Antidepressants/CNS,60,OTC,"Store below 30°C, away from moisture",12,B,E,89.83,112.77,361,1789,161
DRG0589,BromhexineMax 2.5mg Suspension,Bromhexine,BromhexineMax,OTC Respiratory,Suspension,2.5mg,Evans Medical Plc,Respiratory/Antitussives,50,Prescription Only,Refrigerate 2-8°C,36,A,N,43.66,62.36,432,1486,266
DRG0590,TramadolGold 1g Syrup,Tramadol,TramadolGold,OTC Pain Relief,Syrup,1g,Bond Chemical Industries,Analgesics,100,Prescription Only,Store below 25°C,60,C,E,48.04,75.82,81,243,49
DRG0591,MebendazoleGold 5mg Inhaler,Mebendazole,MebendazoleGold,OTC/Prescription Antiparasitic,Inhaler,5mg,Cipla Nigeria,Antiparasitics,100,Controlled,Protect from light,24,C,E,166.91,261.64,354,1251,212
DRG0592,PiroxicamExtra 2.5mg Inhaler,Piroxicam,PiroxicamExtra,OTC Pain Relief,Inhaler,2.5mg,Juhel Nigeria Limited,NSAIDs,30,Prescription Only,Refrigerate 2-8°C,60,B,V,124.87,201.5,318,1283,140
DRG0593,LevonorgestrelExtra 50mg Sachet/Powder,Levonorgestrel,LevonorgestrelExtra,Family Planning,Sachet/Powder,50mg,Cipla Nigeria,Contraceptives,24,OTC,Protect from light,48,B,E,90.45,120.56,463,1404,241
DRG0594,LisinoprilExtra 0.5% Tablet,Lisinopril,LisinoprilExtra,Chronic Disease Management,Tablet,0.50%,Ranbaxy Nigeria,Antihypertensives,60,Prescription Only,Store in a cool dry place,36,C,N,71.51,93.61,74,238,31
DRG0595,LamivudineMax 0.5% Syrup,Lamivudine/Tenofovir/Dolutegravir,LamivudineMax,Prescription Antimicrobials,Syrup,0.50%,Reckitt Benckiser Nigeria,Antivirals,30,OTC,"Store below 30°C, away from moisture",12,B,E,97.39,148.49,365,1692,235
DRG0596,TetracyclineGold 10mg Inhaler,Tetracycline Eye Ointment,TetracyclineGold,OTC Eye Care,Inhaler,10mg,Bond Chemical Industries,Ophthalmics,30,Prescription Only,Refrigerate 2-8°C,12,C,N,161.67,220.77,108,539,64
DRG0597,Metoclopramide Junior 1g Sachet/Powder,Metoclopramide,Metoclopramide Junior,OTC Gastro,Sachet/Powder,1g,SKG Pharma,Antiemetics,24,Prescription Only,Store in a cool dry place,36,C,V,268.85,320.95,262,863,144
DRG0598,GlibenclamideGold 100mg/5ml Tablet,Glibenclamide,GlibenclamideGold,Chronic Disease Management,Tablet,100mg/5ml,Juhel Nigeria Limited,Antidiabetics,10,Controlled,Store in a cool dry place,18,B,N,280.56,362.32,205,588,103
DRG0599,RanitidineExtra 50mg Eye Drops,Ranitidine,RanitidineExtra,OTC Gastro,Eye Drops,50mg,May & Baker Nigeria,Antacids/Antiulcerants,1,Prescription Only,Store in a cool dry place,18,C,E,109.2,148.43,363,1627,165
DRG0600,Benzyl DS 100mg/5ml Cream,Benzyl Benzoate,Benzyl DS,OTC Skincare,Cream,100mg/5ml,Fidson Healthcare,Dermatologicals,5,Prescription Only,Store below 25°C,48,B,V,75.97,98.48,325,1300,140
DRG0601,NifedipinePlus 2.5mg Suspension,Nifedipine,NifedipinePlus,Chronic Disease Management,Suspension,2.5mg,Bioraj Pharmaceuticals,Antihypertensives,5,OTC,Store below 25°C,48,C,E,93.2,122.66,467,1284,322
DRG0602,AlbendazoleMax 100mg/5ml Eye Drops,Albendazole,AlbendazoleMax,OTC/Prescription Antiparasitic,Eye Drops,100mg/5ml,Juhel Nigeria Limited,Antiparasitics,50,Prescription Only,Refrigerate 2-8°C,36,C,N,122.03,158.26,438,2131,201
DRG0603,PromethazinePlus 5mg Suppository,Promethazine,PromethazinePlus,OTC Allergy,Suppository,5mg,Pharma-Deko Plc,Antihistamines,1,Prescription Only,Store in a cool dry place,12,A,N,121.66,142.43,259,698,108
DRG0604,Levonorgestrel 100mg/5ml Syrup,Levonorgestrel,Levonorgestrel,Family Planning,Syrup,100mg/5ml,Neimeth International,Contraceptives,100,OTC,Store below 25°C,18,A,E,231.94,340.61,493,2003,339
DRG0605,PiroxicamForte 1g Injection,Piroxicam,PiroxicamForte,OTC Pain Relief,Injection,1g,Bioraj Pharmaceuticals,NSAIDs,24,Prescription Only,Store below 25°C,12,C,N,482.94,699.61,476,1694,268
DRG0606,Nifedipine-D 2.5mg Capsule,Nifedipine,Nifedipine-D,Chronic Disease Management,Capsule,2.5mg,Pfizer Nigeria,Antihypertensives,100,Prescription Only,Protect from light,48,C,V,74.47,109.97,106,412,67
DRG0607,Promethazine DS 0.5% Tablet,Promethazine,Promethazine DS,OTC Allergy,Tablet,0.50%,Codix Pharma,Antihistamines,24,Prescription Only,Protect from light,60,A,V,501.48,624.92,234,709,96
DRG0608,GlibenclamideExtra 100mg/5ml Tablet,Glibenclamide,GlibenclamideExtra,Chronic Disease Management,Tablet,100mg/5ml,Swiss Pharma Nigeria,Antidiabetics,50,OTC,Store in a cool dry place,24,C,E,206.31,267.75,103,434,58
DRG0609,CetirizineGold 50mg Tablet,Cetirizine,CetirizineGold,OTC Allergy,Tablet,50mg,Swiss Pharma Nigeria,Antihistamines,50,OTC,Store in a cool dry place,36,B,E,79.36,115.85,258,1264,134
DRG0610,Amitriptyline Junior 10mg Suspension,Amitriptyline,Amitriptyline Junior,Prescription CNS,Suspension,10mg,Marbis Pharmaceuticals,Antidepressants/CNS,1,OTC,Store in a cool dry place,12,B,N,274.34,397.74,417,1520,263
DRG0611,TetracyclineGold 20mg Suppository,Tetracycline Eye Ointment,TetracyclineGold,OTC Eye Care,Suppository,20mg,Emzor Pharmaceuticals,Ophthalmics,5,Prescription Only,"Store below 30°C, away from moisture",12,C,E,324.61,455.48,478,1819,196
DRG0612,Loratadine-D 5mg Tablet,Loratadine,Loratadine-D,OTC Allergy,Tablet,5mg,Fidson Healthcare,Antihistamines,10,Prescription Only,Protect from light,24,A,V,64.46,85.42,391,1211,203
DRG0613,AtorvastatinForte 5mg Ointment,Atorvastatin,AtorvastatinForte,Chronic Disease Management,Ointment,5mg,Fidson Healthcare,Cardiovascular,24,Prescription Only,Protect from light,60,C,E,338.65,544.03,342,1617,218
DRG0614,TetracyclineExtra 1% Eye Drops,Tetracycline Eye Ointment,TetracyclineExtra,OTC Eye Care,Eye Drops,1%,Codix Pharma,Ophthalmics,60,Controlled,Store below 25°C,24,B,V,189.99,250.76,389,1916,216
DRG0615,DigoxinForte 2.5mg Ointment,Digoxin,DigoxinForte,Chronic Disease Management,Ointment,2.5mg,Sun Pharmaceuticals Nigeria,Cardiovascular,20,OTC,"Store below 30°C, away from moisture",12,C,V,613.22,844.9,353,1576,199
DRG0616,Griseofulvin DS 10mg Suppository,Griseofulvin,Griseofulvin DS,Prescription Antimicrobials,Suppository,10mg,SKG Pharma,Antifungals,30,Prescription Only,Store below 25°C,48,B,E,65.73,97.88,301,1160,129
DRG0617,LevonorgestrelMax 50mg Ointment,Levonorgestrel,LevonorgestrelMax,Family Planning,Ointment,50mg,Drugfield Pharmaceuticals,Contraceptives,60,OTC,Protect from light,48,C,E,68.34,97.15,423,2069,185
DRG0618,Dextromethorphan Junior 1% Suppository,Dextromethorphan,Dextromethorphan Junior,OTC Respiratory,Suppository,1%,Marbis Pharmaceuticals,Respiratory/Antitussives,1,OTC,"Store below 30°C, away from moisture",48,C,E,37.19,49.22,487,1404,293
DRG0619,ZincGold 500mg Tablet,Zinc Sulphate,ZincGold,Wellness/Supplements,Tablet,500mg,Pharma-Deko Plc,Vitamins & Supplements,10,OTC,Store below 25°C,60,A,E,126.66,173.25,353,1304,212
DRG0620,EsomeprazolePlus 1g Cream,Esomeprazole,EsomeprazolePlus,OTC Gastro,Cream,1g,Cipla Nigeria,Antacids/Antiulcerants,5,Prescription Only,"Store below 30°C, away from moisture",12,C,V,109.46,169.36,161,618,111
DRG0621,MagnesiumForte 20mg Injection,Magnesium Trisilicate,MagnesiumForte,OTC Gastro,Injection,20mg,Bond Chemical Industries,Antacids/Antiulcerants,5,Prescription Only,Store below 25°C,12,B,V,61.09,78.75,415,1547,254
DRG0622,DigoxinPlus 10mg Syrup,Digoxin,DigoxinPlus,Chronic Disease Management,Syrup,10mg,Sun Pharmaceuticals Nigeria,Cardiovascular,60,Prescription Only,Store in a cool dry place,36,A,E,80.31,98.07,55,247,30
DRG0623,MetronidazoleExtra 5mg/ml Sachet/Powder,Metronidazole,MetronidazoleExtra,Prescription Antimicrobials,Sachet/Powder,5mg/ml,Drugfield Pharmaceuticals,Antibiotics,5,Prescription Only,Store in a cool dry place,36,C,V,44.71,58.42,467,1950,306
DRG0624,Ampiclox-D 2.5mg Suppository,Ampiclox,Ampiclox-D,Prescription Antimicrobials,Suppository,2.5mg,Nemel Pharmaceuticals,Antibiotics,10,OTC,Refrigerate 2-8°C,24,B,E,210.99,332.26,240,675,103
DRG0625,ArtesunatePlus 100mg/5ml Cream,Artesunate,ArtesunatePlus,OTC/Prescription Antimalarial,Cream,100mg/5ml,Bond Chemical Industries,Antimalarials,5,Prescription Only,Protect from light,48,C,V,63.46,75.8,383,1289,204
DRG0626,MebendazoleForte 1% Injection,Mebendazole,MebendazoleForte,OTC/Prescription Antiparasitic,Injection,1%,Marbis Pharmaceuticals,Antiparasitics,60,Prescription Only,Refrigerate 2-8°C,36,C,E,1234.78,2032.26,481,1610,233
DRG0627,Sulphadoxine-D 20mg Eye Drops,Sulphadoxine/Pyrimethamine,Sulphadoxine-D,OTC/Prescription Antimalarial,Eye Drops,20mg,Chi Pharmaceuticals,Antimalarials,30,Prescription Only,"Store below 30°C, away from moisture",12,C,V,75.81,107.69,328,1283,141
DRG0628,SalbutamolForte 2.5mg Eye Drops,Salbutamol,SalbutamolForte,OTC Respiratory,Eye Drops,2.5mg,Juhel Nigeria Limited,Respiratory/Antitussives,10,Prescription Only,Protect from light,18,A,V,55.54,91.22,431,1391,271
DRG0629,Magnesium 0.5% Injection,Magnesium Trisilicate,Magnesium,OTC Gastro,Injection,0.50%,Drugfield Pharmaceuticals,Antacids/Antiulcerants,60,OTC,Store below 25°C,48,B,E,66.15,107.13,389,1086,215
DRG0630,GlibenclamidePlus 100mg/5ml Eye Drops,Glibenclamide,GlibenclamidePlus,Chronic Disease Management,Eye Drops,100mg/5ml,Reckitt Benckiser Nigeria,Antidiabetics,5,OTC,Refrigerate 2-8°C,12,B,N,43.3,59.6,62,256,35
DRG0631,Chloramphenicol Junior 500mg Tablet,Chloramphenicol Eye Drops,Chloramphenicol Junior,OTC Eye Care,Tablet,500mg,Ranbaxy Nigeria,Ophthalmics,5,Prescription Only,Refrigerate 2-8°C,12,C,V,118.44,147.96,352,1628,184
DRG0632,AspirinGold 10mg Cream,Aspirin (Low Dose),AspirinGold,Chronic Disease Management,Cream,10mg,Pfizer Nigeria,Anticoagulants,30,OTC,Protect from light,24,C,E,65.88,81.19,93,449,50
DRG0633,NaproxenExtra 20mg Syrup,Naproxen,NaproxenExtra,OTC Pain Relief,Syrup,20mg,Bond Chemical Industries,NSAIDs,20,OTC,Protect from light,48,C,N,199.23,253.02,154,759,66
DRG0634,Levonorgestrel 2.5mg Cream,Levonorgestrel,Levonorgestrel,Family Planning,Cream,2.5mg,Juhel Nigeria Limited,Contraceptives,60,OTC,Refrigerate 2-8°C,48,A,E,71.48,107.58,209,930,125
DRG0635,MultivitaminMax 1g Inhaler,Multivitamin,MultivitaminMax,Wellness/Supplements,Inhaler,1g,May & Baker Nigeria,Vitamins & Supplements,5,OTC,"Store below 30°C, away from moisture",12,B,N,247.99,319.03,203,578,107
DRG0636,OndansetronForte 250mg Ointment,Ondansetron,OndansetronForte,OTC Gastro,Ointment,250mg,Fidson Healthcare,Antiemetics,20,OTC,"Store below 30°C, away from moisture",60,A,V,146.45,193.42,291,1348,187
DRG0637,Tetracycline Junior 1g Inhaler,Tetracycline Eye Ointment,Tetracycline Junior,OTC Eye Care,Inhaler,1g,Pfizer Nigeria,Ophthalmics,50,OTC,"Store below 30°C, away from moisture",60,A,N,86.18,118.44,230,804,105
DRG0638,AmitriptylineExtra 0.5% Capsule,Amitriptyline,AmitriptylineExtra,Prescription CNS,Capsule,0.50%,Bioraj Pharmaceuticals,Antidepressants/CNS,1,OTC,Refrigerate 2-8°C,60,B,E,295.13,474.16,63,272,29
DRG0639,MefenamicGold 50mg Syrup,Mefenamic Acid,MefenamicGold,OTC Pain Relief,Syrup,50mg,Chi Pharmaceuticals,NSAIDs,50,Prescription Only,Store in a cool dry place,18,B,E,171.5,213.47,229,876,135
DRG0640,Digoxin Junior 500mg Tablet,Digoxin,Digoxin Junior,Chronic Disease Management,Tablet,500mg,Bioraj Pharmaceuticals,Cardiovascular,1,OTC,Store in a cool dry place,36,B,N,1069.21,1232.28,426,1947,278
DRG0641,ChlorpheniramineExtra 500mg Suppository,Chlorpheniramine,ChlorpheniramineExtra,OTC Allergy,Suppository,500mg,Evans Medical Plc,Antihistamines,100,Prescription Only,Store below 25°C,24,A,E,66.25,78.18,341,1215,184
DRG0642,Amitriptyline 100mg/5ml Eye Drops,Amitriptyline,Amitriptyline,Prescription CNS,Eye Drops,100mg/5ml,Pharma-Deko Plc,Antidepressants/CNS,100,OTC,"Store below 30°C, away from moisture",48,A,E,88.95,142.53,313,830,193
DRG0643,PromethazineForte 10mg Cream,Promethazine,PromethazineForte,OTC Allergy,Cream,10mg,Sun Pharmaceuticals Nigeria,Antihistamines,100,Prescription Only,Store in a cool dry place,48,A,N,292.1,430.48,217,844,151
DRG0644,SimvastatinForte 5mg/ml Inhaler,Simvastatin,SimvastatinForte,Chronic Disease Management,Inhaler,5mg/ml,Neimeth International,Cardiovascular,20,Prescription Only,Store in a cool dry place,24,A,E,41.66,53.6,263,770,183
DRG0645,AmitriptylineExtra 100mg/5ml Injection,Amitriptyline,AmitriptylineExtra,Prescription CNS,Injection,100mg/5ml,Bioraj Pharmaceuticals,Antidepressants/CNS,20,Prescription Only,Protect from light,36,B,V,233.76,289.53,199,977,124
DRG0646,FurosemidePlus 10mg Capsule,Furosemide,FurosemidePlus,Chronic Disease Management,Capsule,10mg,Pfizer Nigeria,Cardiovascular,24,Prescription Only,Store below 25°C,18,C,E,114.72,148.81,65,248,40
DRG0647,GliclazideMax 50mg Ointment,Gliclazide,GliclazideMax,Chronic Disease Management,Ointment,50mg,Codix Pharma,Antidiabetics,1,OTC,Refrigerate 2-8°C,24,A,V,52.46,63.34,140,543,66
DRG0648,Clopidogrel DS 500mg Cream,Clopidogrel,Clopidogrel DS,Chronic Disease Management,Cream,500mg,Pharma-Deko Plc,Anticoagulants,10,Prescription Only,Protect from light,36,B,N,43.97,71.27,169,805,109
DRG0649,Insulin-D 250mg Suppository,Insulin Glargine,Insulin-D,Chronic Disease Management,Suppository,250mg,Fidson Healthcare,Antidiabetics,10,Prescription Only,Refrigerate 2-8°C,12,B,N,57.87,89.24,493,2002,257
DRG0650,Acyclovir DS 100mg/5ml Inhaler,Acyclovir,Acyclovir DS,Prescription Antimicrobials,Inhaler,100mg/5ml,Chi Pharmaceuticals,Antivirals,60,Prescription Only,Store in a cool dry place,36,A,E,35.56,49.12,302,983,207
DRG0651,BetamethasoneExtra 5mg Eye Drops,Betamethasone Cream,BetamethasoneExtra,OTC Skincare,Eye Drops,5mg,Novartis Nigeria,Dermatologicals,30,Prescription Only,Refrigerate 2-8°C,36,A,E,63.46,100.42,109,353,46
DRG0652,InsulinExtra 250mg Syrup,Insulin Glargine,InsulinExtra,Chronic Disease Management,Syrup,250mg,Novartis Nigeria,Antidiabetics,20,Prescription Only,"Store below 30°C, away from moisture",60,B,V,131.75,167.95,315,1182,167
DRG0653,OndansetronExtra 5mg Capsule,Ondansetron,OndansetronExtra,OTC Gastro,Capsule,5mg,Cipla Nigeria,Antiemetics,100,Prescription Only,Protect from light,36,C,V,63.91,96.41,458,2137,259
DRG0654,Chloramphenicol 2.5mg Ointment,Chloramphenicol Eye Drops,Chloramphenicol,OTC Eye Care,Ointment,2.5mg,Bioraj Pharmaceuticals,Ophthalmics,1,OTC,"Store below 30°C, away from moisture",18,B,N,248.83,392.67,80,358,41
DRG0655,Hydrocortisone Junior 1% Suspension,Hydrocortisone Cream,Hydrocortisone Junior,OTC Skincare,Suspension,1%,Nemel Pharmaceuticals,Dermatologicals,5,OTC,Protect from light,48,A,V,317.13,421.27,70,343,32
DRG0656,Salbutamol Junior 500mg Cream,Salbutamol,Salbutamol Junior,OTC Respiratory,Cream,500mg,Fidson Healthcare,Respiratory/Antitussives,1,Controlled,Store below 25°C,18,C,E,225.52,344.76,268,718,154
DRG0657,Combined 2.5mg Capsule,Combined Oral Contraceptive Pill,Combined,Family Planning,Capsule,2.5mg,Bioraj Pharmaceuticals,Contraceptives,20,OTC,Store below 25°C,60,B,N,98.76,128.14,130,412,81
DRG0658,FluoxetinePlus 2.5mg Cream,Fluoxetine,FluoxetinePlus,Prescription CNS,Cream,2.5mg,Marbis Pharmaceuticals,Antidepressants/CNS,10,OTC,Protect from light,36,B,N,35.34,45.92,338,912,200
DRG0659,Clopidogrel DS 0.5% Cream,Clopidogrel,Clopidogrel DS,Chronic Disease Management,Cream,0.50%,Ranbaxy Nigeria,Anticoagulants,50,OTC,Store below 25°C,60,C,E,57.01,68.61,80,350,37
DRG0660,TetracyclineMax 20mg/ml Tablet,Tetracycline Eye Ointment,TetracyclineMax,OTC Eye Care,Tablet,20mg/ml,Pharma-Deko Plc,Ophthalmics,1,Prescription Only,Protect from light,12,C,E,77.37,106,283,807,175
DRG0661,OseltamivirPlus 5mg/ml Injection,Oseltamivir,OseltamivirPlus,Prescription Antimicrobials,Injection,5mg/ml,Marbis Pharmaceuticals,Antivirals,20,OTC,Store below 25°C,24,B,E,52.33,79.27,454,1248,216
DRG0662,KetoconazoleMax 20mg Injection,Ketoconazole,KetoconazoleMax,Prescription Antimicrobials,Injection,20mg,Marbis Pharmaceuticals,Antifungals,10,Prescription Only,Protect from light,18,B,N,77.49,125.54,85,331,38
DRG0663,Clopidogrel Junior 0.5% Cream,Clopidogrel,Clopidogrel Junior,Chronic Disease Management,Cream,0.50%,Swiss Pharma Nigeria,Anticoagulants,24,OTC,"Store below 30°C, away from moisture",36,B,E,303.16,440.16,498,1757,302
DRG0664,CetirizineForte 50mg Syrup,Cetirizine,CetirizineForte,OTC Allergy,Syrup,50mg,Ranbaxy Nigeria,Antihistamines,24,Prescription Only,Store in a cool dry place,36,A,E,40.53,64.1,181,776,118
DRG0665,ZincExtra 50mg Suspension,Zinc Sulphate,ZincExtra,Wellness/Supplements,Suspension,50mg,Bioraj Pharmaceuticals,Vitamins & Supplements,60,OTC,Refrigerate 2-8°C,12,C,V,364.18,568.58,373,1386,203
DRG0666,Metronidazole DS 20mg Eye Drops,Metronidazole,Metronidazole DS,Prescription Antimicrobials,Eye Drops,20mg,Bioraj Pharmaceuticals,Antibiotics,1,Prescription Only,Protect from light,18,A,V,162.25,200.65,395,1407,220
DRG0667,PraziquantelMax 2.5mg Syrup,Praziquantel,PraziquantelMax,OTC/Prescription Antiparasitic,Syrup,2.5mg,Drugfield Pharmaceuticals,Antiparasitics,100,OTC,Store in a cool dry place,36,B,E,101.39,141.23,181,645,88
DRG0668,Atorvastatin 1g Sachet/Powder,Atorvastatin,Atorvastatin,Chronic Disease Management,Sachet/Powder,1g,GlaxoSmithKline Nigeria,Cardiovascular,100,Prescription Only,Refrigerate 2-8°C,24,C,N,56.75,68.58,58,271,31
DRG0669,GriseofulvinMax 50mg Sachet/Powder,Griseofulvin,GriseofulvinMax,Prescription Antimicrobials,Sachet/Powder,50mg,GlaxoSmithKline Nigeria,Antifungals,100,OTC,"Store below 30°C, away from moisture",60,C,N,52.78,78.7,79,275,34
DRG0670,Warfarin-D 1% Sachet/Powder,Warfarin,Warfarin-D,Chronic Disease Management,Sachet/Powder,1%,SKG Pharma,Anticoagulants,24,OTC,Store below 25°C,60,B,N,40.74,66.2,164,546,112
DRG0671,Paracetamol DS 2.5mg Capsule,Paracetamol,Paracetamol DS,OTC Pain Relief,Capsule,2.5mg,Emzor Pharmaceuticals,Analgesics,20,Prescription Only,Refrigerate 2-8°C,18,C,E,333.92,406.9,350,1171,224
DRG0672,LamivudinePlus 50mg Tablet,Lamivudine/Tenofovir/Dolutegravir,LamivudinePlus,Prescription Antimicrobials,Tablet,50mg,Juhel Nigeria Limited,Antivirals,20,OTC,Protect from light,60,B,N,284.07,430.92,53,158,31
DRG0673,OmeprazoleForte 50mg Capsule,Omeprazole,OmeprazoleForte,OTC Gastro,Capsule,50mg,Sanofi Nigeria,Antacids/Antiulcerants,24,OTC,Protect from light,18,C,N,43.38,63.6,374,1739,209
DRG0674,LisinoprilMax 20mg/ml Eye Drops,Lisinopril,LisinoprilMax,Chronic Disease Management,Eye Drops,20mg/ml,Bond Chemical Industries,Antihypertensives,20,Prescription Only,Refrigerate 2-8°C,36,B,E,61.42,88.56,286,819,182
DRG0675,DigoxinForte 0.5% Injection,Digoxin,DigoxinForte,Chronic Disease Management,Injection,0.50%,Neimeth International,Cardiovascular,10,OTC,Refrigerate 2-8°C,12,A,E,114.2,153.61,72,343,39
DRG0676,Griseofulvin Junior 5mg/ml Capsule,Griseofulvin,Griseofulvin Junior,Prescription Antimicrobials,Capsule,5mg/ml,Neimeth International,Antifungals,30,Prescription Only,"Store below 30°C, away from moisture",60,A,E,70.47,93.55,65,208,31
DRG0677,Metoclopramide 10mg Ointment,Metoclopramide,Metoclopramide,OTC Gastro,Ointment,10mg,Swiss Pharma Nigeria,Antiemetics,20,Prescription Only,Refrigerate 2-8°C,12,B,N,38.02,44.58,71,337,31
DRG0678,CiprofloxacinMax 250mg Eye Drops,Ciprofloxacin,CiprofloxacinMax,Prescription Antimicrobials,Eye Drops,250mg,May & Baker Nigeria,Antibiotics,1,OTC,Store below 25°C,12,B,E,58.28,73.37,121,541,71
DRG0679,Ivermectin-D 50mg Ointment,Ivermectin,Ivermectin-D,OTC/Prescription Antiparasitic,Ointment,50mg,Swiss Pharma Nigeria,Antiparasitics,10,Prescription Only,Store in a cool dry place,36,C,N,414.15,479.42,353,1396,239
DRG0680,BenzylForte 10mg Suppository,Benzyl Benzoate,BenzylForte,OTC Skincare,Suppository,10mg,Reckitt Benckiser Nigeria,Dermatologicals,10,OTC,Store in a cool dry place,12,C,V,60.27,86.83,495,2065,220
DRG0681,Clopidogrel-D 20mg Sachet/Powder,Clopidogrel,Clopidogrel-D,Chronic Disease Management,Sachet/Powder,20mg,Evans Medical Plc,Anticoagulants,100,OTC,Store below 25°C,24,B,N,76.36,91.86,493,1634,223
DRG0682,Fluoxetine Junior 20mg/ml Injection,Fluoxetine,Fluoxetine Junior,Prescription CNS,Injection,20mg/ml,May & Baker Nigeria,Antidepressants/CNS,30,OTC,Store below 25°C,36,B,E,47.37,75.15,279,1098,147
DRG0683,Magnesium DS 20mg/ml Capsule,Magnesium Trisilicate,Magnesium DS,OTC Gastro,Capsule,20mg/ml,Sanofi Nigeria,Antacids/Antiulcerants,60,OTC,Store in a cool dry place,60,A,N,128.27,181.06,156,504,100
DRG0684,RanitidineGold 1% Tablet,Ranitidine,RanitidineGold,OTC Gastro,Tablet,1%,Fidson Healthcare,Antacids/Antiulcerants,30,OTC,Store below 25°C,48,C,E,91.26,136.88,257,900,125
DRG0685,Lamivudine Junior 250mg Tablet,Lamivudine/Tenofovir/Dolutegravir,Lamivudine Junior,Prescription Antimicrobials,Tablet,250mg,Codix Pharma,Antivirals,60,OTC,Store below 25°C,36,C,N,56,75.9,438,1932,208
DRG0686,Lisinopril 20mg/ml Eye Drops,Lisinopril,Lisinopril,Chronic Disease Management,Eye Drops,20mg/ml,Pfizer Nigeria,Antihypertensives,5,OTC,Protect from light,18,C,E,44.81,64.09,257,799,150
DRG0687,ArtemetherExtra 20mg/ml Eye Drops,Artemether/Lumefantrine,ArtemetherExtra,OTC/Prescription Antimalarial,Eye Drops,20mg/ml,Reckitt Benckiser Nigeria,Antimalarials,10,OTC,Protect from light,12,C,E,252.41,409.24,312,1434,174
DRG0688,ZincExtra 5mg Tablet,Zinc Sulphate,ZincExtra,Wellness/Supplements,Tablet,5mg,Pfizer Nigeria,Vitamins & Supplements,10,Prescription Only,Store below 25°C,36,A,E,40.96,48.8,100,343,41
DRG0689,ChloramphenicolForte 500mg Capsule,Chloramphenicol Eye Drops,ChloramphenicolForte,OTC Eye Care,Capsule,500mg,Nemel Pharmaceuticals,Ophthalmics,1,Prescription Only,Protect from light,18,A,E,120.36,153.7,114,436,48
DRG0690,Artesunate-D 100mg/5ml Sachet/Powder,Artesunate,Artesunate-D,OTC/Prescription Antimalarial,Sachet/Powder,100mg/5ml,Cipla Nigeria,Antimalarials,60,OTC,Protect from light,48,C,E,36.34,55.96,314,1524,186
DRG0691,InsulinPlus 5mg Inhaler,Insulin Glargine,InsulinPlus,Chronic Disease Management,Inhaler,5mg,Juhel Nigeria Limited,Antidiabetics,60,OTC,Refrigerate 2-8°C,18,C,E,140.74,168.8,387,1626,208
DRG0692,Betamethasone-D 5mg Suppository,Betamethasone Cream,Betamethasone-D,OTC Skincare,Suppository,5mg,Sanofi Nigeria,Dermatologicals,1,OTC,Protect from light,12,A,N,174.07,206.77,350,1439,241
DRG0693,Metformin DS 250mg Syrup,Metformin,Metformin DS,Chronic Disease Management,Syrup,250mg,Pfizer Nigeria,Antidiabetics,1,OTC,Store below 25°C,18,A,E,193.17,257.06,427,1827,257
DRG0694,Quinine DS 1% Eye Drops,Quinine,Quinine DS,OTC/Prescription Antimalarial,Eye Drops,1%,Pharma-Deko Plc,Antimalarials,24,OTC,Refrigerate 2-8°C,48,C,E,76.47,91.46,224,1074,90
DRG0695,MefenamicExtra 1% Inhaler,Mefenamic Acid,MefenamicExtra,OTC Pain Relief,Inhaler,1%,Chi Pharmaceuticals,NSAIDs,10,Prescription Only,Store in a cool dry place,48,A,E,296.13,427.18,201,627,109
DRG0696,Amodiaquine DS 2.5mg Tablet,Amodiaquine,Amodiaquine DS,OTC/Prescription Antimalarial,Tablet,2.5mg,Evans Medical Plc,Antimalarials,30,OTC,Protect from light,12,B,E,578.83,731.14,315,1270,165
DRG0697,Gentamicin 5mg/ml Suspension,Gentamicin Eye Drops,Gentamicin,OTC Eye Care,Suspension,5mg/ml,Codix Pharma,Ophthalmics,30,OTC,"Store below 30°C, away from moisture",12,C,N,69.58,111.18,378,1323,163
DRG0698,GliclazideExtra 20mg/ml Syrup,Gliclazide,GliclazideExtra,Chronic Disease Management,Syrup,20mg/ml,Drugfield Pharmaceuticals,Antidiabetics,10,OTC,Refrigerate 2-8°C,24,B,E,64.78,99.87,353,892,238
DRG0699,Esomeprazole-D 0.5% Inhaler,Esomeprazole,Esomeprazole-D,OTC Gastro,Inhaler,0.50%,Bond Chemical Industries,Antacids/Antiulcerants,1,OTC,Store below 25°C,48,A,N,93.38,140.06,212,596,135
DRG0700,Loratadine Junior 500mg Suppository,Loratadine,Loratadine Junior,OTC Allergy,Suppository,500mg,Emzor Pharmaceuticals,Antihistamines,20,Prescription Only,Store in a cool dry place,48,C,V,63.86,93.14,487,1613,228
DRG0701,AspirinGold 1g Sachet/Powder,Aspirin (Low Dose),AspirinGold,Chronic Disease Management,Sachet/Powder,1g,Cipla Nigeria,Anticoagulants,30,Prescription Only,Refrigerate 2-8°C,18,C,V,59.26,93.73,392,1533,186
DRG0702,Lisinopril DS 100mg/5ml Suspension,Lisinopril,Lisinopril DS,Chronic Disease Management,Suspension,100mg/5ml,Reckitt Benckiser Nigeria,Antihypertensives,30,OTC,Protect from light,36,C,N,61.92,78.11,416,1956,170
DRG0703,DoxycyclineGold 5mg/ml Inhaler,Doxycycline,DoxycyclineGold,Prescription Antimicrobials,Inhaler,5mg/ml,Swiss Pharma Nigeria,Antibiotics,24,OTC,"Store below 30°C, away from moisture",36,B,E,333.61,529.29,287,1285,140
DRG0704,MagnesiumGold 5mg Cream,Magnesium Trisilicate,MagnesiumGold,OTC Gastro,Cream,5mg,Bond Chemical Industries,Antacids/Antiulcerants,10,Prescription Only,Store below 25°C,24,A,V,148.14,228.84,248,963,142
DRG0705,Metformin Junior 5mg Ointment,Metformin,Metformin Junior,Chronic Disease Management,Ointment,5mg,Bioraj Pharmaceuticals,Antidiabetics,60,OTC,Refrigerate 2-8°C,48,C,E,63.75,97.16,65,174,34
DRG0706,Loratadine 500mg Suspension,Loratadine,Loratadine,OTC Allergy,Suspension,500mg,Nemel Pharmaceuticals,Antihistamines,100,Prescription Only,Store in a cool dry place,18,C,N,34.69,49.63,358,1150,247
DRG0707,AspirinMax 1% Tablet,Aspirin (Low Dose),AspirinMax,Chronic Disease Management,Tablet,1%,Bioraj Pharmaceuticals,Anticoagulants,100,Prescription Only,"Store below 30°C, away from moisture",18,B,E,41.65,53.03,345,1178,143
DRG0708,FurosemideGold 5mg Inhaler,Furosemide,FurosemideGold,Chronic Disease Management,Inhaler,5mg,Nemel Pharmaceuticals,Cardiovascular,10,OTC,Store below 25°C,12,C,E,120.33,163.86,405,1641,233
DRG0709,OndansetronPlus 2.5mg Ointment,Ondansetron,OndansetronPlus,OTC Gastro,Ointment,2.5mg,SKG Pharma,Antiemetics,100,OTC,Store below 25°C,36,B,E,36.54,56.52,325,865,213
DRG0710,Metoclopramide 1% Tablet,Metoclopramide,Metoclopramide,OTC Gastro,Tablet,1%,May & Baker Nigeria,Antiemetics,100,Controlled,"Store below 30°C, away from moisture",24,B,E,103.19,120.31,288,1101,156
DRG0711,AcyclovirForte 5mg/ml Tablet,Acyclovir,AcyclovirForte,Prescription Antimicrobials,Tablet,5mg/ml,Pfizer Nigeria,Antivirals,50,OTC,Store in a cool dry place,48,A,N,48.81,75.22,118,560,47
DRG0712,Warfarin Junior 1% Syrup,Warfarin,Warfarin Junior,Chronic Disease Management,Syrup,1%,Bioraj Pharmaceuticals,Anticoagulants,100,OTC,Refrigerate 2-8°C,60,B,V,89.85,114.11,350,1492,165
DRG0713,NaproxenForte 1% Ointment,Naproxen,NaproxenForte,OTC Pain Relief,Ointment,1%,Pfizer Nigeria,NSAIDs,60,Prescription Only,Refrigerate 2-8°C,36,B,E,88.2,107.79,55,247,27
DRG0714,KetoconazoleForte 1g Inhaler,Ketoconazole,KetoconazoleForte,Prescription Antimicrobials,Inhaler,1g,Novartis Nigeria,Antifungals,10,Prescription Only,Refrigerate 2-8°C,12,C,N,91.6,110.64,269,1130,185
DRG0715,Nifedipine Junior 250mg Inhaler,Nifedipine,Nifedipine Junior,Chronic Disease Management,Inhaler,250mg,Evans Medical Plc,Antihypertensives,60,OTC,Protect from light,60,C,V,66.8,77.73,303,913,204
DRG0716,QuinineGold 1g Syrup,Quinine,QuinineGold,OTC/Prescription Antimalarial,Syrup,1g,Sanofi Nigeria,Antimalarials,30,Prescription Only,Store in a cool dry place,60,C,E,65.61,92.63,482,1338,330
DRG0717,ClopidogrelGold 1g Cream,Clopidogrel,ClopidogrelGold,Chronic Disease Management,Cream,1g,Juhel Nigeria Limited,Anticoagulants,50,Prescription Only,Store in a cool dry place,24,A,E,56.55,71.2,344,1573,222
DRG0718,Ciprofloxacin-D 5mg/ml Eye Drops,Ciprofloxacin,Ciprofloxacin-D,Prescription Antimicrobials,Eye Drops,5mg/ml,Evans Medical Plc,Antibiotics,5,Prescription Only,Store below 25°C,36,A,E,118.58,195.03,407,1725,205
DRG0719,Fluoxetine-D 1% Sachet/Powder,Fluoxetine,Fluoxetine-D,Prescription CNS,Sachet/Powder,1%,Bioraj Pharmaceuticals,Antidepressants/CNS,20,OTC,Store in a cool dry place,12,A,E,152.14,218.66,435,1712,292
DRG0720,SulphadoxineMax 500mg Capsule,Sulphadoxine/Pyrimethamine,SulphadoxineMax,OTC/Prescription Antimalarial,Capsule,500mg,Neimeth International,Antimalarials,24,OTC,"Store below 30°C, away from moisture",36,A,E,46.14,56.24,156,463,108
DRG0721,GlibenclamidePlus 100mg/5ml Injection,Glibenclamide,GlibenclamidePlus,Chronic Disease Management,Injection,100mg/5ml,SKG Pharma,Antidiabetics,5,Controlled,Store in a cool dry place,24,C,E,81.85,122.32,344,1378,173
DRG0722,BenzylPlus 10mg Injection,Benzyl Benzoate,BenzylPlus,OTC Skincare,Injection,10mg,Reckitt Benckiser Nigeria,Dermatologicals,20,OTC,"Store below 30°C, away from moisture",48,C,E,96.46,154.23,167,430,79
DRG0723,Furosemide-D 20mg/ml Sachet/Powder,Furosemide,Furosemide-D,Chronic Disease Management,Sachet/Powder,20mg/ml,Nemel Pharmaceuticals,Cardiovascular,60,OTC,Protect from light,48,C,E,95.61,145.57,454,1269,256
DRG0724,MefenamicExtra 5mg Injection,Mefenamic Acid,MefenamicExtra,OTC Pain Relief,Injection,5mg,Pharma-Deko Plc,NSAIDs,50,OTC,Refrigerate 2-8°C,24,B,V,94.51,112.3,217,711,98
DRG0725,MetronidazoleMax 5mg Eye Drops,Metronidazole,MetronidazoleMax,Prescription Antimicrobials,Eye Drops,5mg,Evans Medical Plc,Antibiotics,24,Prescription Only,Refrigerate 2-8°C,18,B,E,66.52,106.3,300,1082,122
DRG0726,LoratadineGold 250mg Capsule,Loratadine,LoratadineGold,OTC Allergy,Capsule,250mg,Neimeth International,Antihistamines,60,Prescription Only,Store in a cool dry place,24,B,N,102.17,158.05,131,366,89
DRG0727,Dextromethorphan 20mg/ml Tablet,Dextromethorphan,Dextromethorphan,OTC Respiratory,Tablet,20mg/ml,Juhel Nigeria Limited,Respiratory/Antitussives,60,Controlled,"Store below 30°C, away from moisture",24,A,E,131.29,161.38,103,288,69
DRG0728,PiroxicamMax 250mg Capsule,Piroxicam,PiroxicamMax,OTC Pain Relief,Capsule,250mg,Codix Pharma,NSAIDs,100,Controlled,"Store below 30°C, away from moisture",36,C,N,92.87,109.21,289,1246,129
DRG0729,Simvastatin 1g Suppository,Simvastatin,Simvastatin,Chronic Disease Management,Suppository,1g,Emzor Pharmaceuticals,Cardiovascular,50,OTC,Refrigerate 2-8°C,48,C,E,120.55,172.22,415,1628,216
DRG0730,GliclazideForte 250mg Eye Drops,Gliclazide,GliclazideForte,Chronic Disease Management,Eye Drops,250mg,Ranbaxy Nigeria,Antidiabetics,24,Prescription Only,Store below 25°C,24,B,N,176.99,217.35,61,233,39
DRG0731,DiclofenacGold 1g Eye Drops,Diclofenac,DiclofenacGold,OTC Pain Relief,Eye Drops,1g,Marbis Pharmaceuticals,Analgesics,20,OTC,Protect from light,60,C,N,38.58,60.47,258,936,154
DRG0732,RanitidineGold 500mg Tablet,Ranitidine,RanitidineGold,OTC Gastro,Tablet,500mg,Bond Chemical Industries,Antacids/Antiulcerants,5,Prescription Only,Store below 25°C,48,C,V,170.26,226.3,214,1057,110
DRG0733,Mebendazole-D 50mg Inhaler,Mebendazole,Mebendazole-D,OTC/Prescription Antiparasitic,Inhaler,50mg,Drugfield Pharmaceuticals,Antiparasitics,5,Controlled,Refrigerate 2-8°C,36,A,E,106.89,171.71,415,1089,258
DRG0734,Gliclazide DS 250mg Cream,Gliclazide,Gliclazide DS,Chronic Disease Management,Cream,250mg,Evans Medical Plc,Antidiabetics,50,OTC,Refrigerate 2-8°C,36,C,E,47.96,68.72,343,1012,229
DRG0735,Amitriptyline Junior 0.5% Ointment,Amitriptyline,Amitriptyline Junior,Prescription CNS,Ointment,0.50%,Juhel Nigeria Limited,Antidepressants/CNS,1,OTC,Store in a cool dry place,60,B,E,151.81,188.45,448,1845,303
DRG0736,BetamethasoneForte 10mg Syrup,Betamethasone Cream,BetamethasoneForte,OTC Skincare,Syrup,10mg,Nemel Pharmaceuticals,Dermatologicals,50,OTC,Protect from light,24,A,V,66.66,81.31,56,159,28
DRG0737,QuinineForte 100mg/5ml Tablet,Quinine,QuinineForte,OTC/Prescription Antimalarial,Tablet,100mg/5ml,Sun Pharmaceuticals Nigeria,Antimalarials,50,OTC,Protect from light,36,C,N,72.02,103.58,127,504,57
DRG0738,WarfarinExtra 20mg Ointment,Warfarin,WarfarinExtra,Chronic Disease Management,Ointment,20mg,Juhel Nigeria Limited,Anticoagulants,5,OTC,Refrigerate 2-8°C,48,C,V,62.86,96.24,483,1893,325
DRG0739,Lamivudine Junior 250mg Suspension,Lamivudine/Tenofovir/Dolutegravir,Lamivudine Junior,Prescription Antimicrobials,Suspension,250mg,Codix Pharma,Antivirals,10,OTC,Refrigerate 2-8°C,60,B,E,103.88,160.05,114,561,48
DRG0740,MetoclopramideMax 5mg Ointment,Metoclopramide,MetoclopramideMax,OTC Gastro,Ointment,5mg,Pfizer Nigeria,Antiemetics,1,Prescription Only,"Store below 30°C, away from moisture",12,B,E,54.89,70.69,151,710,93
DRG0741,LosartanForte 1% Inhaler,Losartan,LosartanForte,Chronic Disease Management,Inhaler,1%,Drugfield Pharmaceuticals,Antihypertensives,60,Prescription Only,Protect from light,36,C,V,164.49,205.96,406,1974,179
DRG0742,ClotrimazoleForte 2.5mg Cream,Clotrimazole,ClotrimazoleForte,Prescription Antimicrobials,Cream,2.5mg,Sanofi Nigeria,Antifungals,10,Prescription Only,"Store below 30°C, away from moisture",48,C,N,77.52,89.8,349,971,180
DRG0743,Metronidazole Junior 1g Syrup,Metronidazole,Metronidazole Junior,Prescription Antimicrobials,Syrup,1g,Ranbaxy Nigeria,Antibiotics,24,OTC,Refrigerate 2-8°C,36,C,N,67.93,101.19,336,1569,175
DRG0744,SalbutamolMax 20mg/ml Suppository,Salbutamol,SalbutamolMax,OTC Respiratory,Suppository,20mg/ml,Pharma-Deko Plc,Respiratory/Antitussives,20,Prescription Only,"Store below 30°C, away from moisture",12,B,E,145.92,173.39,220,620,98
DRG0745,Chloramphenicol-D 20mg/ml Cream,Chloramphenicol Eye Drops,Chloramphenicol-D,OTC Eye Care,Cream,20mg/ml,Codix Pharma,Ophthalmics,50,OTC,Refrigerate 2-8°C,12,C,E,69.66,94.76,126,514,85
DRG0746,FluoxetinePlus 2.5mg Syrup,Fluoxetine,FluoxetinePlus,Prescription CNS,Syrup,2.5mg,Swiss Pharma Nigeria,Antidepressants/CNS,50,OTC,Store in a cool dry place,36,A,V,170.92,247.98,97,417,38
DRG0747,SimvastatinGold 2.5mg Syrup,Simvastatin,SimvastatinGold,Chronic Disease Management,Syrup,2.5mg,GlaxoSmithKline Nigeria,Cardiovascular,30,Prescription Only,Protect from light,48,C,N,175.42,283.93,304,882,203
DRG0748,Medroxyprogesterone 100mg/5ml Capsule,Medroxyprogesterone,Medroxyprogesterone,Family Planning,Capsule,100mg/5ml,Sanofi Nigeria,Contraceptives,1,Prescription Only,Store below 25°C,18,A,V,44.37,57.94,131,534,87
DRG0749,DiclofenacMax 5mg Cream,Diclofenac,DiclofenacMax,OTC Pain Relief,Cream,5mg,Evans Medical Plc,Analgesics,1,Prescription Only,Protect from light,48,C,E,195.55,249.3,432,1136,213
DRG0750,SimvastatinMax 1% Tablet,Simvastatin,SimvastatinMax,Chronic Disease Management,Tablet,1%,Sanofi Nigeria,Cardiovascular,20,OTC,"Store below 30°C, away from moisture",60,B,N,42.65,63,258,834,157
DRG0751,FolicGold 500mg Syrup,Folic Acid,FolicGold,Wellness/Supplements,Syrup,500mg,Swiss Pharma Nigeria,Vitamins & Supplements,100,Prescription Only,Store below 25°C,12,B,V,206.19,300.96,258,1239,122
DRG0752,DiclofenacPlus 500mg Suspension,Diclofenac,DiclofenacPlus,OTC Pain Relief,Suspension,500mg,Cipla Nigeria,Analgesics,10,Prescription Only,Protect from light,48,B,N,445.03,585.68,494,1447,310
DRG0753,CefuroximeMax 500mg Tablet,Cefuroxime,CefuroximeMax,Prescription Antimicrobials,Tablet,500mg,GlaxoSmithKline Nigeria,Antibiotics,50,Prescription Only,Store below 25°C,12,A,V,160.95,259.78,133,354,75
DRG0754,ChloramphenicolGold 20mg/ml Syrup,Chloramphenicol Eye Drops,ChloramphenicolGold,OTC Eye Care,Syrup,20mg/ml,Nemel Pharmaceuticals,Ophthalmics,60,OTC,"Store below 30°C, away from moisture",60,C,N,36.32,57.11,59,212,28
DRG0755,GriseofulvinExtra 0.5% Suppository,Griseofulvin,GriseofulvinExtra,Prescription Antimicrobials,Suppository,0.50%,Evans Medical Plc,Antifungals,30,Prescription Only,Store below 25°C,12,C,V,188.15,237.44,78,360,40
DRG0756,WarfarinGold 20mg Suspension,Warfarin,WarfarinGold,Chronic Disease Management,Suspension,20mg,SKG Pharma,Anticoagulants,24,Prescription Only,Protect from light,12,C,E,546.01,693.2,353,950,214
DRG0757,Lisinopril Junior 1% Cream,Lisinopril,Lisinopril Junior,Chronic Disease Management,Cream,1%,SKG Pharma,Antihypertensives,24,OTC,Store below 25°C,18,A,E,70.32,98.88,495,1677,332
DRG0758,GuaifenesinGold 10mg Suppository,Guaifenesin,GuaifenesinGold,OTC Respiratory,Suppository,10mg,Cipla Nigeria,Respiratory/Antitussives,100,OTC,Refrigerate 2-8°C,12,C,N,82.74,127.15,165,783,72
DRG0759,NaproxenExtra 0.5% Eye Drops,Naproxen,NaproxenExtra,OTC Pain Relief,Eye Drops,0.50%,SKG Pharma,NSAIDs,60,Prescription Only,Protect from light,60,C,E,46.64,54.66,318,888,181
DRG0760,Ciprofloxacin Junior 100mg/5ml Capsule,Ciprofloxacin,Ciprofloxacin Junior,Prescription Antimicrobials,Capsule,100mg/5ml,Ranbaxy Nigeria,Antibiotics,50,OTC,Refrigerate 2-8°C,60,B,V,104.6,156.55,477,1562,227
DRG0761,Piroxicam DS 100mg/5ml Injection,Piroxicam,Piroxicam DS,OTC Pain Relief,Injection,100mg/5ml,Codix Pharma,NSAIDs,30,Prescription Only,Store in a cool dry place,60,A,E,224.26,330.59,96,426,61
DRG0762,Dextromethorphan Junior 500mg Sachet/Powder,Dextromethorphan,Dextromethorphan Junior,OTC Respiratory,Sachet/Powder,500mg,Emzor Pharmaceuticals,Respiratory/Antitussives,100,OTC,Store below 25°C,12,C,E,139.7,176.82,408,1574,171
DRG0763,GliclazideForte 500mg Syrup,Gliclazide,GliclazideForte,Chronic Disease Management,Syrup,500mg,Sun Pharmaceuticals Nigeria,Antidiabetics,60,Controlled,Refrigerate 2-8°C,18,C,E,1293.91,1928.8,497,2276,301
DRG0764,GentamicinGold 1% Ointment,Gentamicin Eye Drops,GentamicinGold,OTC Eye Care,Ointment,1%,GlaxoSmithKline Nigeria,Ophthalmics,1,OTC,Protect from light,48,C,N,86.43,140.02,140,389,63
DRG0765,Clotrimazole Junior 50mg Sachet/Powder,Clotrimazole,Clotrimazole Junior,Prescription Antimicrobials,Sachet/Powder,50mg,Evans Medical Plc,Antifungals,100,Controlled,Protect from light,24,B,E,40.69,47.75,102,489,59
DRG0766,GliclazideForte 5mg/ml Injection,Gliclazide,GliclazideForte,Chronic Disease Management,Injection,5mg/ml,GlaxoSmithKline Nigeria,Antidiabetics,1,OTC,"Store below 30°C, away from moisture",12,C,E,94.78,124.15,267,1291,173
DRG0767,Amlodipine Junior 250mg Sachet/Powder,Amlodipine,Amlodipine Junior,Chronic Disease Management,Sachet/Powder,250mg,May & Baker Nigeria,Antihypertensives,24,OTC,Refrigerate 2-8°C,18,A,V,34.87,47.74,397,1146,248
DRG0768,OseltamivirForte 20mg/ml Capsule,Oseltamivir,OseltamivirForte,Prescription Antimicrobials,Capsule,20mg/ml,Marbis Pharmaceuticals,Antivirals,5,Prescription Only,Store in a cool dry place,18,C,E,62.04,99.24,126,325,78
DRG0769,Oseltamivir Junior 20mg Suppository,Oseltamivir,Oseltamivir Junior,Prescription Antimicrobials,Suppository,20mg,Drugfield Pharmaceuticals,Antivirals,5,OTC,Protect from light,48,C,E,307.1,500.92,253,1258,140
DRG0770,ParacetamolForte 5mg/ml Ointment,Paracetamol,ParacetamolForte,OTC Pain Relief,Ointment,5mg/ml,Cipla Nigeria,Analgesics,60,Prescription Only,Store in a cool dry place,36,A,E,105.58,144.86,93,344,62
DRG0771,Amoxicillin 0.5% Sachet/Powder,Amoxicillin,Amoxicillin,Prescription Antimicrobials,Sachet/Powder,0.50%,Neimeth International,Antibiotics,50,Prescription Only,"Store below 30°C, away from moisture",36,C,V,95.33,145.38,205,805,118
DRG0772,Betamethasone DS 0.5% Eye Drops,Betamethasone Cream,Betamethasone DS,OTC Skincare,Eye Drops,0.50%,Pharma-Deko Plc,Dermatologicals,20,Prescription Only,Store in a cool dry place,60,B,E,367.24,519.95,51,206,34
DRG0773,Carbamazepine 2.5mg Syrup,Carbamazepine,Carbamazepine,Prescription CNS,Syrup,2.5mg,Drugfield Pharmaceuticals,Antidepressants/CNS,10,OTC,Store in a cool dry place,48,C,N,71.65,101.66,406,1816,228
DRG0774,Ivermectin-D 250mg Tablet,Ivermectin,Ivermectin-D,OTC/Prescription Antiparasitic,Tablet,250mg,Pharma-Deko Plc,Antiparasitics,10,OTC,Refrigerate 2-8°C,24,B,E,222.83,287.24,362,1639,199
DRG0775,Warfarin-D 500mg Ointment,Warfarin,Warfarin-D,Chronic Disease Management,Ointment,500mg,Pfizer Nigeria,Anticoagulants,100,OTC,Refrigerate 2-8°C,36,A,E,92.13,115.94,106,316,49
DRG0776,SalbutamolGold 10mg Suspension,Salbutamol,SalbutamolGold,OTC Respiratory,Suspension,10mg,Novartis Nigeria,Respiratory/Antitussives,50,Prescription Only,Store below 25°C,24,B,N,109.84,142.13,339,1048,191
DRG0777,LosartanPlus 1g Suppository,Losartan,LosartanPlus,Chronic Disease Management,Suppository,1g,Neimeth International,Antihypertensives,10,OTC,Store in a cool dry place,48,B,N,46.16,65.92,107,502,47
DRG0778,CombinedPlus 50mg Eye Drops,Combined Oral Contraceptive Pill,CombinedPlus,Family Planning,Eye Drops,50mg,Bond Chemical Industries,Contraceptives,10,Controlled,Store in a cool dry place,48,A,E,63.72,74.21,303,1378,200
DRG0779,IvermectinForte 500mg Eye Drops,Ivermectin,IvermectinForte,OTC/Prescription Antiparasitic,Eye Drops,500mg,Nemel Pharmaceuticals,Antiparasitics,30,OTC,Protect from light,60,C,E,43.5,69.76,229,926,138
DRG0780,SimvastatinMax 100mg/5ml Cream,Simvastatin,SimvastatinMax,Chronic Disease Management,Cream,100mg/5ml,Marbis Pharmaceuticals,Cardiovascular,30,OTC,Store below 25°C,48,C,N,79.64,97.81,206,1027,143
DRG0781,MagnesiumPlus 50mg Injection,Magnesium Trisilicate,MagnesiumPlus,OTC Gastro,Injection,50mg,Bond Chemical Industries,Antacids/Antiulcerants,100,Prescription Only,Protect from light,60,C,V,110.67,139.45,84,364,35
DRG0782,Quinine-D 500mg Injection,Quinine,Quinine-D,OTC/Prescription Antimalarial,Injection,500mg,GlaxoSmithKline Nigeria,Antimalarials,5,OTC,"Store below 30°C, away from moisture",24,A,E,47.99,67.62,124,376,58
DRG0783,AmodiaquineMax 20mg/ml Ointment,Amodiaquine,AmodiaquineMax,OTC/Prescription Antimalarial,Ointment,20mg/ml,SKG Pharma,Antimalarials,5,OTC,Store in a cool dry place,36,C,V,453.76,682.93,481,2220,318
DRG0784,Clotrimazole 250mg Syrup,Clotrimazole,Clotrimazole,Prescription Antimicrobials,Syrup,250mg,Novartis Nigeria,Antifungals,5,Prescription Only,Protect from light,36,A,E,102.1,122.3,338,1195,175
DRG0785,Esomeprazole 0.5% Inhaler,Esomeprazole,Esomeprazole,OTC Gastro,Inhaler,0.50%,Bond Chemical Industries,Antacids/Antiulcerants,100,Controlled,Store below 25°C,48,C,E,87.85,114.98,420,1087,226
DRG0786,MagnesiumExtra 5mg Suspension,Magnesium Trisilicate,MagnesiumExtra,OTC Gastro,Suspension,5mg,Bioraj Pharmaceuticals,Antacids/Antiulcerants,50,Prescription Only,Store in a cool dry place,24,A,N,147.88,241.69,124,409,81
DRG0787,ArtesunateMax 20mg/ml Injection,Artesunate,ArtesunateMax,OTC/Prescription Antimalarial,Injection,20mg/ml,Cipla Nigeria,Antimalarials,24,OTC,Protect from light,18,C,V,53.83,68.97,378,1666,210
DRG0788,MebendazoleExtra 250mg Suspension,Mebendazole,MebendazoleExtra,OTC/Prescription Antiparasitic,Suspension,250mg,GlaxoSmithKline Nigeria,Antiparasitics,30,Prescription Only,Refrigerate 2-8°C,36,C,E,94.29,123.19,127,622,58
DRG0789,Ondansetron DS 250mg Sachet/Powder,Ondansetron,Ondansetron DS,OTC Gastro,Sachet/Powder,250mg,Cipla Nigeria,Antiemetics,30,OTC,"Store below 30°C, away from moisture",12,C,E,56.66,88.86,304,969,202
DRG0790,Griseofulvin 20mg/ml Syrup,Griseofulvin,Griseofulvin,Prescription Antimicrobials,Syrup,20mg/ml,Novartis Nigeria,Antifungals,10,Controlled,Store in a cool dry place,12,B,E,289.48,340.17,314,978,128
DRG0791,CiprofloxacinMax 100mg/5ml Capsule,Ciprofloxacin,CiprofloxacinMax,Prescription Antimicrobials,Capsule,100mg/5ml,Ranbaxy Nigeria,Antibiotics,60,Prescription Only,Store below 25°C,36,A,N,48.94,67.65,353,1379,236
DRG0792,Glibenclamide 2.5mg Capsule,Glibenclamide,Glibenclamide,Chronic Disease Management,Capsule,2.5mg,GlaxoSmithKline Nigeria,Antidiabetics,5,OTC,Store below 25°C,18,B,E,88.16,118.12,116,525,48
DRG0793,Chloramphenicol-D 1% Inhaler,Chloramphenicol Eye Drops,Chloramphenicol-D,OTC Eye Care,Inhaler,1%,Ranbaxy Nigeria,Ophthalmics,100,Prescription Only,"Store below 30°C, away from moisture",36,C,N,105.89,138.54,270,1178,161
DRG0794,RanitidineExtra 20mg Suspension,Ranitidine,RanitidineExtra,OTC Gastro,Suspension,20mg,GlaxoSmithKline Nigeria,Antacids/Antiulcerants,1,OTC,Protect from light,12,C,E,111.03,143.55,213,830,89
DRG0795,OndansetronForte 2.5mg Cream,Ondansetron,OndansetronForte,OTC Gastro,Cream,2.5mg,Evans Medical Plc,Antiemetics,100,OTC,"Store below 30°C, away from moisture",24,A,E,60.53,72.37,424,1729,259
DRG0796,Insulin-D 250mg Injection,Insulin Glargine,Insulin-D,Chronic Disease Management,Injection,250mg,Drugfield Pharmaceuticals,Antidiabetics,10,Prescription Only,Store below 25°C,60,C,N,52.3,68.38,269,835,110
DRG0797,Folic DS 20mg/ml Injection,Folic Acid,Folic DS,Wellness/Supplements,Injection,20mg/ml,Codix Pharma,Vitamins & Supplements,60,Prescription Only,Store below 25°C,48,C,E,60.98,71.44,221,791,144
DRG0798,FerrousPlus 20mg Ointment,Ferrous Sulphate,FerrousPlus,Wellness/Supplements,Ointment,20mg,Sun Pharmaceuticals Nigeria,Vitamins & Supplements,50,OTC,"Store below 30°C, away from moisture",24,C,V,122.6,188.86,303,950,163
DRG0799,Ranitidine-D 100mg/5ml Sachet/Powder,Ranitidine,Ranitidine-D,OTC Gastro,Sachet/Powder,100mg/5ml,Bioraj Pharmaceuticals,Antacids/Antiulcerants,10,OTC,Store below 25°C,36,A,N,77.28,104.26,259,1220,110
DRG0800,Ondansetron-D 500mg Ointment,Ondansetron,Ondansetron-D,OTC Gastro,Ointment,500mg,Cipla Nigeria,Antiemetics,24,Prescription Only,Protect from light,12,B,E,151.05,207.23,237,659,145
DRG0801,Guaifenesin 5mg/ml Cream,Guaifenesin,Guaifenesin,OTC Respiratory,Cream,5mg/ml,Marbis Pharmaceuticals,Respiratory/Antitussives,10,Prescription Only,"Store below 30°C, away from moisture",60,B,N,117.97,188.37,240,1007,131
DRG0802,Piroxicam DS 20mg/ml Suspension,Piroxicam,Piroxicam DS,OTC Pain Relief,Suspension,20mg/ml,Emzor Pharmaceuticals,NSAIDs,50,OTC,Store below 25°C,12,C,N,35.6,52.65,438,1380,200
DRG0803,LoratadineExtra 20mg/ml Inhaler,Loratadine,LoratadineExtra,OTC Allergy,Inhaler,20mg/ml,SKG Pharma,Antihistamines,100,Prescription Only,Refrigerate 2-8°C,36,B,E,99.93,115.32,264,973,106
DRG0804,OndansetronMax 20mg/ml Syrup,Ondansetron,OndansetronMax,OTC Gastro,Syrup,20mg/ml,Swiss Pharma Nigeria,Antiemetics,60,Prescription Only,"Store below 30°C, away from moisture",12,B,E,548.25,889.04,424,1377,222
DRG0805,Whitfield's DS 50mg Ointment,Whitfield's Ointment,Whitfield's DS,OTC Skincare,Ointment,50mg,Neimeth International,Dermatologicals,30,OTC,Store below 25°C,48,C,E,235.46,298.7,135,446,57
DRG0806,TetracyclineForte 10mg Eye Drops,Tetracycline Eye Ointment,TetracyclineForte,OTC Eye Care,Eye Drops,10mg,Chi Pharmaceuticals,Ophthalmics,50,Prescription Only,"Store below 30°C, away from moisture",12,C,E,113.26,136.34,155,488,66
DRG0807,PraziquantelMax 500mg Syrup,Praziquantel,PraziquantelMax,OTC/Prescription Antiparasitic,Syrup,500mg,Marbis Pharmaceuticals,Antiparasitics,60,OTC,Protect from light,12,C,N,48.93,75.06,381,1669,182
DRG0808,Tramadol Junior 5mg/ml Sachet/Powder,Tramadol,Tramadol Junior,OTC Pain Relief,Sachet/Powder,5mg/ml,Cipla Nigeria,Analgesics,20,OTC,"Store below 30°C, away from moisture",18,B,N,118.02,165.26,345,1177,203
DRG0809,Griseofulvin Junior 5mg Ointment,Griseofulvin,Griseofulvin Junior,Prescription Antimicrobials,Ointment,5mg,Reckitt Benckiser Nigeria,Antifungals,100,Prescription Only,Protect from light,18,A,E,144.41,197.39,68,293,38
DRG0810,OseltamivirGold 5mg Ointment,Oseltamivir,OseltamivirGold,Prescription Antimicrobials,Ointment,5mg,Novartis Nigeria,Antivirals,100,Prescription Only,Store below 25°C,24,C,V,72.36,92.24,96,349,40
DRG0811,Ketoconazole Junior 1g Suspension,Ketoconazole,Ketoconazole Junior,Prescription Antimicrobials,Suspension,1g,Marbis Pharmaceuticals,Antifungals,1,OTC,Store in a cool dry place,18,B,E,104.94,149.41,114,440,78
DRG0812,FurosemideGold 1% Ointment,Furosemide,FurosemideGold,Chronic Disease Management,Ointment,1%,Novartis Nigeria,Cardiovascular,100,Prescription Only,Refrigerate 2-8°C,12,A,E,277.07,356.64,195,752,129
DRG0813,AtenololPlus 10mg Cream,Atenolol,AtenololPlus,Chronic Disease Management,Cream,10mg,Fidson Healthcare,Antihypertensives,1,Prescription Only,Protect from light,60,B,N,53.17,85.11,483,2385,230
DRG0814,TetracyclinePlus 20mg Tablet,Tetracycline Eye Ointment,TetracyclinePlus,OTC Eye Care,Tablet,20mg,Reckitt Benckiser Nigeria,Ophthalmics,5,Prescription Only,Refrigerate 2-8°C,36,A,V,48.95,61.56,335,1144,146
DRG0815,DextromethorphanPlus 5mg Inhaler,Dextromethorphan,DextromethorphanPlus,OTC Respiratory,Inhaler,5mg,Codix Pharma,Respiratory/Antitussives,50,OTC,Store in a cool dry place,24,B,N,139.15,221.55,431,1301,294
DRG0816,Piroxicam-D 100mg/5ml Suppository,Piroxicam,Piroxicam-D,OTC Pain Relief,Suppository,100mg/5ml,May & Baker Nigeria,NSAIDs,24,OTC,Refrigerate 2-8°C,12,C,E,116.28,166.25,115,549,61
DRG0817,Gliclazide-D 20mg Ointment,Gliclazide,Gliclazide-D,Chronic Disease Management,Ointment,20mg,Bond Chemical Industries,Antidiabetics,50,Prescription Only,Refrigerate 2-8°C,48,C,N,182.76,285.88,54,158,26
DRG0818,Furosemide-D 0.5% Eye Drops,Furosemide,Furosemide-D,Chronic Disease Management,Eye Drops,0.50%,Neimeth International,Cardiovascular,24,Prescription Only,Store in a cool dry place,12,C,E,126.52,190.59,142,651,77
DRG0819,RanitidineGold 250mg Syrup,Ranitidine,RanitidineGold,OTC Gastro,Syrup,250mg,Fidson Healthcare,Antacids/Antiulcerants,1,OTC,Store in a cool dry place,36,A,E,60.95,91.32,402,1155,253
DRG0820,Nifedipine Junior 1% Cream,Nifedipine,Nifedipine Junior,Chronic Disease Management,Cream,1%,Fidson Healthcare,Antihypertensives,5,OTC,Store in a cool dry place,12,B,E,114.12,149.75,475,1969,213
DRG0821,MetforminForte 20mg Suspension,Metformin,MetforminForte,Chronic Disease Management,Suspension,20mg,Evans Medical Plc,Antidiabetics,24,Prescription Only,Protect from light,24,A,N,47.42,60.08,143,411,90
DRG0822,ClopidogrelGold 250mg Inhaler,Clopidogrel,ClopidogrelGold,Chronic Disease Management,Inhaler,250mg,Nemel Pharmaceuticals,Anticoagulants,5,Prescription Only,"Store below 30°C, away from moisture",36,C,E,72.51,91.03,155,745,96
DRG0823,ArtesunateForte 250mg Cream,Artesunate,ArtesunateForte,OTC/Prescription Antimalarial,Cream,250mg,Drugfield Pharmaceuticals,Antimalarials,50,Prescription Only,Store below 25°C,36,B,E,120.27,189.86,182,712,102
DRG0824,SalbutamolExtra 500mg Tablet,Salbutamol,SalbutamolExtra,OTC Respiratory,Tablet,500mg,Ranbaxy Nigeria,Respiratory/Antitussives,1,Prescription Only,Store in a cool dry place,36,C,E,68.07,106.2,483,1605,318
DRG0825,FluconazolePlus 50mg Sachet/Powder,Fluconazole,FluconazolePlus,Prescription Antimicrobials,Sachet/Powder,50mg,Ranbaxy Nigeria,Antifungals,1,OTC,Protect from light,18,C,V,674.23,923.89,390,1111,171
DRG0826,OmeprazoleMax 0.5% Cream,Omeprazole,OmeprazoleMax,OTC Gastro,Cream,0.50%,Pfizer Nigeria,Antacids/Antiulcerants,10,Prescription Only,Protect from light,48,B,E,38.23,46.5,363,1244,210
DRG0827,AlbendazoleMax 10mg Syrup,Albendazole,AlbendazoleMax,OTC/Prescription Antiparasitic,Syrup,10mg,Sun Pharmaceuticals Nigeria,Antiparasitics,100,OTC,"Store below 30°C, away from moisture",18,B,N,61.58,82.59,128,545,68
DRG0828,PraziquantelExtra 20mg Capsule,Praziquantel,PraziquantelExtra,OTC/Prescription Antiparasitic,Capsule,20mg,Pharma-Deko Plc,Antiparasitics,1,Prescription Only,Refrigerate 2-8°C,60,C,V,51.37,74.98,261,903,137
DRG0829,ChloramphenicolForte 2.5mg Cream,Chloramphenicol Eye Drops,ChloramphenicolForte,OTC Eye Care,Cream,2.5mg,Evans Medical Plc,Ophthalmics,30,OTC,Store in a cool dry place,36,C,E,57.1,78.64,57,177,27
DRG0830,Clotrimazole DS 50mg Cream,Clotrimazole,Clotrimazole DS,Prescription Antimicrobials,Cream,50mg,May & Baker Nigeria,Antifungals,24,OTC,Store in a cool dry place,12,B,E,58.7,90.4,208,820,106
DRG0831,ErythromycinGold 20mg/ml Sachet/Powder,Erythromycin,ErythromycinGold,Prescription Antimicrobials,Sachet/Powder,20mg/ml,Bioraj Pharmaceuticals,Antibiotics,24,Controlled,Protect from light,60,B,E,44.49,73.36,317,1123,137
DRG0832,Levonorgestrel Junior 500mg Ointment,Levonorgestrel,Levonorgestrel Junior,Family Planning,Ointment,500mg,Pharma-Deko Plc,Contraceptives,1,OTC,"Store below 30°C, away from moisture",60,C,V,145.9,181.73,198,577,94
DRG0833,Acyclovir DS 50mg Injection,Acyclovir,Acyclovir DS,Prescription Antimicrobials,Injection,50mg,SKG Pharma,Antivirals,10,Prescription Only,Store below 25°C,48,A,E,61.59,84.98,399,1151,192
DRG0834,Atenolol DS 5mg/ml Capsule,Atenolol,Atenolol DS,Chronic Disease Management,Capsule,5mg/ml,Cipla Nigeria,Antihypertensives,50,OTC,Protect from light,12,B,V,94.3,128.77,495,2112,305
DRG0835,Levonorgestrel Junior 0.5% Syrup,Levonorgestrel,Levonorgestrel Junior,Family Planning,Syrup,0.50%,GlaxoSmithKline Nigeria,Contraceptives,24,Prescription Only,Store below 25°C,12,A,V,65.35,85.1,140,691,58
DRG0836,Whitfield's Junior 5mg/ml Sachet/Powder,Whitfield's Ointment,Whitfield's Junior,OTC Skincare,Sachet/Powder,5mg/ml,Ranbaxy Nigeria,Dermatologicals,50,OTC,"Store below 30°C, away from moisture",18,C,N,57.36,71.65,285,878,169
DRG0837,CetirizineMax 500mg Sachet/Powder,Cetirizine,CetirizineMax,OTC Allergy,Sachet/Powder,500mg,Reckitt Benckiser Nigeria,Antihistamines,100,Prescription Only,Store below 25°C,36,A,E,320.7,379.34,338,1498,157
DRG0838,Amlodipine Junior 1% Eye Drops,Amlodipine,Amlodipine Junior,Chronic Disease Management,Eye Drops,1%,Neimeth International,Antihypertensives,100,Prescription Only,Protect from light,60,B,N,167.4,266.76,459,1248,194
DRG0839,Promethazine-D 1% Sachet/Powder,Promethazine Injection,Promethazine-D,OTC Gastro,Sachet/Powder,1%,Marbis Pharmaceuticals,Antiemetics,100,Prescription Only,Store below 25°C,18,B,V,38.43,52.26,405,1398,198
DRG0840,MetforminForte 1% Tablet,Metformin,MetforminForte,Chronic Disease Management,Tablet,1%,Juhel Nigeria Limited,Antidiabetics,30,Prescription Only,"Store below 30°C, away from moisture",36,C,E,37.58,52.55,217,817,101
DRG0841,Glibenclamide 500mg Suspension,Glibenclamide,Glibenclamide,Chronic Disease Management,Suspension,500mg,Cipla Nigeria,Antidiabetics,50,Prescription Only,"Store below 30°C, away from moisture",36,C,V,184.87,297.36,242,767,136
DRG0842,HydrocortisoneExtra 1% Syrup,Hydrocortisone Cream,HydrocortisoneExtra,OTC Skincare,Syrup,1%,GlaxoSmithKline Nigeria,Dermatologicals,1,Controlled,Store in a cool dry place,12,C,E,62.46,96.07,236,902,119
DRG0843,PiroxicamMax 100mg/5ml Inhaler,Piroxicam,PiroxicamMax,OTC Pain Relief,Inhaler,100mg/5ml,Juhel Nigeria Limited,NSAIDs,10,OTC,Store below 25°C,60,C,N,40.5,49.22,320,1506,220
DRG0844,Benzyl 250mg Injection,Benzyl Benzoate,Benzyl,OTC Skincare,Injection,250mg,Drugfield Pharmaceuticals,Dermatologicals,1,OTC,Protect from light,48,C,N,185.36,265.57,163,792,112
DRG0845,TetracyclineGold 2.5mg Tablet,Tetracycline Eye Ointment,TetracyclineGold,OTC Eye Care,Tablet,2.5mg,Drugfield Pharmaceuticals,Ophthalmics,10,OTC,Refrigerate 2-8°C,48,A,V,94.66,129.79,434,1194,231
DRG0846,Amodiaquine DS 500mg Eye Drops,Amodiaquine,Amodiaquine DS,OTC/Prescription Antimalarial,Eye Drops,500mg,Pfizer Nigeria,Antimalarials,1,Prescription Only,Refrigerate 2-8°C,36,B,E,100.22,155.2,60,190,38
DRG0847,HydrocortisoneMax 5mg/ml Suspension,Hydrocortisone Cream,HydrocortisoneMax,OTC Skincare,Suspension,5mg/ml,Neimeth International,Dermatologicals,60,OTC,Protect from light,18,C,E,152.68,230.87,104,514,42
DRG0848,Clopidogrel Junior 20mg Syrup,Clopidogrel,Clopidogrel Junior,Chronic Disease Management,Syrup,20mg,Ranbaxy Nigeria,Anticoagulants,100,Controlled,Refrigerate 2-8°C,36,B,V,44.73,66.88,307,975,173
DRG0849,LoratadineForte 5mg/ml Sachet/Powder,Loratadine,LoratadineForte,OTC Allergy,Sachet/Powder,5mg/ml,Pharma-Deko Plc,Antihistamines,24,OTC,"Store below 30°C, away from moisture",48,A,V,40.68,53.71,114,482,71
DRG0850,Metoclopramide Junior 10mg Injection,Metoclopramide,Metoclopramide Junior,OTC Gastro,Injection,10mg,Cipla Nigeria,Antiemetics,30,Prescription Only,Store below 25°C,24,C,N,295.32,458.48,221,692,102
DRG0851,GriseofulvinExtra 2.5mg Syrup,Griseofulvin,GriseofulvinExtra,Prescription Antimicrobials,Syrup,2.5mg,Novartis Nigeria,Antifungals,10,Prescription Only,Refrigerate 2-8°C,36,B,N,42.97,50.54,321,1088,134
DRG0852,AtenololForte 10mg Suppository,Atenolol,AtenololForte,Chronic Disease Management,Suppository,10mg,Chi Pharmaceuticals,Antihypertensives,1,OTC,Refrigerate 2-8°C,24,B,N,46.08,56.67,199,592,88
DRG0853,Ampiclox 20mg/ml Inhaler,Ampiclox,Ampiclox,Prescription Antimicrobials,Inhaler,20mg/ml,Swiss Pharma Nigeria,Antibiotics,20,Prescription Only,Store in a cool dry place,36,C,N,49.64,65.42,411,1907,218
DRG0854,AmlodipineForte 250mg Suppository,Amlodipine,AmlodipineForte,Chronic Disease Management,Suppository,250mg,Marbis Pharmaceuticals,Antihypertensives,5,OTC,Store below 25°C,18,C,E,467.01,555,195,917,107
DRG0855,DextromethorphanMax 0.5% Eye Drops,Dextromethorphan,DextromethorphanMax,OTC Respiratory,Eye Drops,0.50%,Reckitt Benckiser Nigeria,Respiratory/Antitussives,5,OTC,Store below 25°C,18,B,E,119.42,151.36,480,1556,246
DRG0856,BromhexineForte 5mg/ml Suspension,Bromhexine,BromhexineForte,OTC Respiratory,Suspension,5mg/ml,Swiss Pharma Nigeria,Respiratory/Antitussives,100,Prescription Only,Store below 25°C,18,C,V,173.37,271.34,258,1176,137
DRG0857,Promethazine 500mg Syrup,Promethazine Injection,Promethazine,OTC Gastro,Syrup,500mg,Pharma-Deko Plc,Antiemetics,50,OTC,Store in a cool dry place,24,C,V,96.43,156.61,335,1137,181
DRG0858,Multivitamin DS 5mg Suspension,Multivitamin,Multivitamin DS,Wellness/Supplements,Suspension,5mg,SKG Pharma,Vitamins & Supplements,100,OTC,Store in a cool dry place,36,C,E,59.91,78.02,59,162,37
DRG0859,MedroxyprogesteronePlus 5mg Eye Drops,Medroxyprogesterone,MedroxyprogesteronePlus,Family Planning,Eye Drops,5mg,Evans Medical Plc,Contraceptives,10,Prescription Only,Protect from light,12,A,N,132.65,170.09,276,1213,119
DRG0860,Amodiaquine DS 100mg/5ml Syrup,Amodiaquine,Amodiaquine DS,OTC/Prescription Antimalarial,Syrup,100mg/5ml,Ranbaxy Nigeria,Antimalarials,10,OTC,Store below 25°C,60,A,N,41.51,53.55,235,937,148
DRG0861,Metformin 100mg/5ml Injection,Metformin,Metformin,Chronic Disease Management,Injection,100mg/5ml,Pfizer Nigeria,Antidiabetics,100,Prescription Only,Protect from light,24,C,N,48.26,62.2,111,353,67
DRG0862,DigoxinMax 50mg Suppository,Digoxin,DigoxinMax,Chronic Disease Management,Suppository,50mg,Emzor Pharmaceuticals,Cardiovascular,24,Prescription Only,Store in a cool dry place,60,C,N,143.63,167.75,134,419,83
DRG0863,Esomeprazole-D 100mg/5ml Sachet/Powder,Esomeprazole,Esomeprazole-D,OTC Gastro,Sachet/Powder,100mg/5ml,Sanofi Nigeria,Antacids/Antiulcerants,30,Prescription Only,Store below 25°C,12,C,N,44.05,71.07,183,903,113
DRG0864,FluoxetineExtra 2.5mg Suppository,Fluoxetine,FluoxetineExtra,Prescription CNS,Suppository,2.5mg,Sun Pharmaceuticals Nigeria,Antidepressants/CNS,50,OTC,Protect from light,48,A,V,75.19,94.5,372,1732,201
DRG0865,OseltamivirExtra 250mg Tablet,Oseltamivir,OseltamivirExtra,Prescription Antimicrobials,Tablet,250mg,Ranbaxy Nigeria,Antivirals,5,Prescription Only,"Store below 30°C, away from moisture",24,A,N,77.3,105.13,346,1565,160
DRG0866,HydrocortisonePlus 20mg Cream,Hydrocortisone Cream,HydrocortisonePlus,OTC Skincare,Cream,20mg,Reckitt Benckiser Nigeria,Dermatologicals,5,OTC,Store below 25°C,60,C,E,62.18,71.81,220,620,123
DRG0867,NifedipinePlus 1g Eye Drops,Nifedipine,NifedipinePlus,Chronic Disease Management,Eye Drops,1g,Pharma-Deko Plc,Antihypertensives,30,Prescription Only,Protect from light,48,A,E,37.76,59.62,262,1149,180
DRG0868,DiazepamMax 20mg/ml Injection,Diazepam,DiazepamMax,Prescription CNS,Injection,20mg/ml,Evans Medical Plc,Antidepressants/CNS,24,Prescription Only,Protect from light,60,C,N,59.11,89.59,67,203,38
DRG0869,Vitamin 10mg Inhaler,Vitamin C,Vitamin,Wellness/Supplements,Inhaler,10mg,Ranbaxy Nigeria,Vitamins & Supplements,60,OTC,"Store below 30°C, away from moisture",60,A,N,53.93,87.55,363,1794,146
DRG0870,BenzylForte 100mg/5ml Tablet,Benzyl Benzoate,BenzylForte,OTC Skincare,Tablet,100mg/5ml,May & Baker Nigeria,Dermatologicals,24,OTC,Store in a cool dry place,12,A,V,94.16,145.08,109,286,45
DRG0871,Guaifenesin 0.5% Suppository,Guaifenesin,Guaifenesin,OTC Respiratory,Suppository,0.50%,Nemel Pharmaceuticals,Respiratory/Antitussives,100,Prescription Only,Protect from light,36,C,V,90.98,118.9,137,463,95
DRG0872,Benzyl Junior 5mg Ointment,Benzyl Benzoate,Benzyl Junior,OTC Skincare,Ointment,5mg,Sanofi Nigeria,Dermatologicals,24,Prescription Only,Store in a cool dry place,60,C,E,109.68,139.73,76,271,32
DRG0873,Piroxicam 500mg Suppository,Piroxicam,Piroxicam,OTC Pain Relief,Suppository,500mg,Sanofi Nigeria,NSAIDs,30,OTC,Store below 25°C,60,B,E,57.77,86.59,117,533,48
DRG0874,Chlorpheniramine DS 500mg Capsule,Chlorpheniramine,Chlorpheniramine DS,OTC Allergy,Capsule,500mg,GlaxoSmithKline Nigeria,Antihistamines,60,Prescription Only,Store below 25°C,48,B,N,122.09,162.63,327,1443,165
DRG0875,MetforminMax 20mg Cream,Metformin,MetforminMax,Chronic Disease Management,Cream,20mg,Evans Medical Plc,Antidiabetics,50,OTC,"Store below 30°C, away from moisture",18,C,V,41.52,59.5,457,1570,315
DRG0876,AspirinMax 10mg Injection,Aspirin (Low Dose),AspirinMax,Chronic Disease Management,Injection,10mg,Fidson Healthcare,Anticoagulants,24,Prescription Only,Store in a cool dry place,12,B,V,38.83,44.78,89,348,44
DRG0877,AtenololForte 100mg/5ml Tablet,Atenolol,AtenololForte,Chronic Disease Management,Tablet,100mg/5ml,Evans Medical Plc,Antihypertensives,1,Prescription Only,Protect from light,36,C,E,35.28,41.66,158,725,82
DRG0878,FurosemideExtra 2.5mg Syrup,Furosemide,FurosemideExtra,Chronic Disease Management,Syrup,2.5mg,Drugfield Pharmaceuticals,Cardiovascular,1,Prescription Only,Store in a cool dry place,18,C,V,63.14,89.51,123,313,72
DRG0879,Atorvastatin DS 10mg Ointment,Atorvastatin,Atorvastatin DS,Chronic Disease Management,Ointment,10mg,Marbis Pharmaceuticals,Cardiovascular,100,OTC,Store below 25°C,60,A,V,55.71,79.83,115,518,46
DRG0880,DiclofenacForte 1% Syrup,Diclofenac Gel,DiclofenacForte,OTC Pain Relief,Syrup,1%,Pfizer Nigeria,NSAIDs,10,Prescription Only,Refrigerate 2-8°C,48,C,N,150.22,229.19,217,1056,145
DRG0881,AtenololGold 2.5mg Inhaler,Atenolol,AtenololGold,Chronic Disease Management,Inhaler,2.5mg,May & Baker Nigeria,Antihypertensives,10,Controlled,Protect from light,18,A,E,58.54,71.18,311,802,172
DRG0882,OndansetronForte 2.5mg Sachet/Powder,Ondansetron,OndansetronForte,OTC Gastro,Sachet/Powder,2.5mg,Emzor Pharmaceuticals,Antiemetics,24,Controlled,Refrigerate 2-8°C,18,C,E,101.76,143.13,417,1090,225
DRG0883,Zinc Junior 0.5% Capsule,Zinc Sulphate,Zinc Junior,Wellness/Supplements,Capsule,0.50%,Nemel Pharmaceuticals,Vitamins & Supplements,5,Prescription Only,Store in a cool dry place,48,B,V,153.14,191,323,1085,212
DRG0884,Cefuroxime-D 5mg Ointment,Cefuroxime,Cefuroxime-D,Prescription Antimicrobials,Ointment,5mg,Emzor Pharmaceuticals,Antibiotics,100,OTC,Protect from light,24,C,E,57.49,68.79,386,1049,264
DRG0885,IvermectinForte 2.5mg Capsule,Ivermectin,IvermectinForte,OTC/Prescription Antiparasitic,Capsule,2.5mg,May & Baker Nigeria,Antiparasitics,24,OTC,"Store below 30°C, away from moisture",24,B,N,103.56,140.35,407,1505,214
DRG0886,Artesunate DS 5mg Sachet/Powder,Artesunate,Artesunate DS,OTC/Prescription Antimalarial,Sachet/Powder,5mg,Pharma-Deko Plc,Antimalarials,10,Prescription Only,Refrigerate 2-8°C,18,B,E,178.7,220.1,286,1236,129
DRG0887,Paracetamol DS 1g Capsule,Paracetamol,Paracetamol DS,OTC Pain Relief,Capsule,1g,Pharma-Deko Plc,Analgesics,24,OTC,Refrigerate 2-8°C,24,C,N,45.83,57.79,264,1034,170
DRG0888,AlbendazoleGold 0.5% Suspension,Albendazole,AlbendazoleGold,OTC/Prescription Antiparasitic,Suspension,0.50%,Fidson Healthcare,Antiparasitics,30,OTC,Protect from light,36,C,E,85.97,112.52,415,1241,216
DRG0889,Losartan-D 2.5mg Eye Drops,Losartan,Losartan-D,Chronic Disease Management,Eye Drops,2.5mg,Fidson Healthcare,Antihypertensives,100,OTC,Store below 25°C,36,C,E,57.6,73.71,335,1385,228
DRG0890,Vitamin 20mg/ml Inhaler,Vitamin C,Vitamin,Wellness/Supplements,Inhaler,20mg/ml,Bond Chemical Industries,Vitamins & Supplements,20,OTC,Protect from light,60,B,E,46.87,55.95,427,1798,292
DRG0891,Insulin DS 500mg Eye Drops,Insulin Glargine,Insulin DS,Chronic Disease Management,Eye Drops,500mg,Nemel Pharmaceuticals,Antidiabetics,5,OTC,"Store below 30°C, away from moisture",24,C,E,41.75,49.89,198,956,86
DRG0892,Diazepam 2.5mg Ointment,Diazepam,Diazepam,Prescription CNS,Ointment,2.5mg,Chi Pharmaceuticals,Antidepressants/CNS,1,OTC,Store in a cool dry place,48,A,N,46.6,58.09,367,1052,252
DRG0893,OseltamivirPlus 5mg/ml Tablet,Oseltamivir,OseltamivirPlus,Prescription Antimicrobials,Tablet,5mg/ml,Neimeth International,Antivirals,50,Prescription Only,Store in a cool dry place,24,A,E,87.98,103.4,443,1874,226
DRG0894,MagnesiumExtra 50mg Suppository,Magnesium Trisilicate,MagnesiumExtra,OTC Gastro,Suppository,50mg,Fidson Healthcare,Antacids/Antiulcerants,20,OTC,Store in a cool dry place,60,C,E,40.9,59.85,425,2030,252
DRG0895,Lisinopril 100mg/5ml Injection,Lisinopril,Lisinopril,Chronic Disease Management,Injection,100mg/5ml,Reckitt Benckiser Nigeria,Antihypertensives,30,Prescription Only,Refrigerate 2-8°C,60,B,V,61.48,79.53,156,585,64
DRG0896,Digoxin Junior 10mg Injection,Digoxin,Digoxin Junior,Chronic Disease Management,Injection,10mg,Sanofi Nigeria,Cardiovascular,60,OTC,Store in a cool dry place,48,C,E,153.12,197.51,190,646,126
DRG0897,AtorvastatinExtra 250mg Sachet/Powder,Atorvastatin,AtorvastatinExtra,Chronic Disease Management,Sachet/Powder,250mg,Sanofi Nigeria,Cardiovascular,1,OTC,Store below 25°C,60,C,N,115.54,152.05,125,365,74
DRG0898,Promethazine Junior 2.5mg Ointment,Promethazine,Promethazine Junior,OTC Allergy,Ointment,2.5mg,Codix Pharma,Antihistamines,20,Prescription Only,Store below 25°C,48,C,E,62.12,92.02,58,270,34
DRG0899,DiclofenacForte 100mg/5ml Cream,Diclofenac,DiclofenacForte,OTC Pain Relief,Cream,100mg/5ml,Novartis Nigeria,Analgesics,60,OTC,Store below 25°C,12,C,E,325.8,516.5,245,853,164
DRG0900,Diclofenac Junior 10mg Tablet,Diclofenac Gel,Diclofenac Junior,OTC Pain Relief,Tablet,10mg,Juhel Nigeria Limited,NSAIDs,10,Prescription Only,Refrigerate 2-8°C,18,C,N,392.5,600.35,344,1655,190
DRG0901,QuinineMax 10mg Suspension,Quinine,QuinineMax,OTC/Prescription Antimalarial,Suspension,10mg,Pfizer Nigeria,Antimalarials,1,Controlled,Store below 25°C,24,A,E,86.04,130.24,329,1519,172
DRG0902,OndansetronGold 10mg Tablet,Ondansetron,OndansetronGold,OTC Gastro,Tablet,10mg,Sanofi Nigeria,Antiemetics,100,OTC,Refrigerate 2-8°C,48,C,E,34.62,48.2,430,1479,283
DRG0903,Combined 20mg/ml Suspension,Combined Oral Contraceptive Pill,Combined,Family Planning,Suspension,20mg/ml,Neimeth International,Contraceptives,24,OTC,"Store below 30°C, away from moisture",60,B,E,162.48,243.22,167,657,103
DRG0904,ArtesunateGold 1% Suppository,Artesunate,ArtesunateGold,OTC/Prescription Antimalarial,Suppository,1%,Bond Chemical Industries,Antimalarials,50,OTC,Store below 25°C,60,B,N,35.51,50.65,339,870,232
DRG0905,Fluoxetine 250mg Eye Drops,Fluoxetine,Fluoxetine,Prescription CNS,Eye Drops,250mg,Novartis Nigeria,Antidepressants/CNS,100,Prescription Only,Store below 25°C,24,C,N,268.92,338.34,110,347,75
DRG0906,BenzylForte 2.5mg Sachet/Powder,Benzyl Benzoate,BenzylForte,OTC Skincare,Sachet/Powder,2.5mg,Bond Chemical Industries,Dermatologicals,1,OTC,Protect from light,12,C,E,191.35,240.01,474,2026,243
DRG0907,Vitamin DS 5mg/ml Suppository,Vitamin C,Vitamin DS,Wellness/Supplements,Suppository,5mg/ml,Bond Chemical Industries,Vitamins & Supplements,60,OTC,"Store below 30°C, away from moisture",24,C,E,351.89,456.82,438,1837,233
DRG0908,QuinineGold 500mg Ointment,Quinine,QuinineGold,OTC/Prescription Antimalarial,Ointment,500mg,Emzor Pharmaceuticals,Antimalarials,30,OTC,Refrigerate 2-8°C,24,B,N,100.83,161.87,384,1299,183
DRG0909,Artemether Junior 0.5% Ointment,Artemether/Lumefantrine,Artemether Junior,OTC/Prescription Antimalarial,Ointment,0.50%,Emzor Pharmaceuticals,Antimalarials,10,Prescription Only,Refrigerate 2-8°C,24,C,V,68.04,96.87,355,1605,212
DRG0910,VitaminGold 250mg Cream,Vitamin C,VitaminGold,Wellness/Supplements,Cream,250mg,Drugfield Pharmaceuticals,Vitamins & Supplements,60,Prescription Only,"Store below 30°C, away from moisture",12,A,E,64.81,98.31,437,1350,222
DRG0911,TetracyclineForte 5mg/ml Sachet/Powder,Tetracycline Eye Ointment,TetracyclineForte,OTC Eye Care,Sachet/Powder,5mg/ml,Bioraj Pharmaceuticals,Ophthalmics,20,OTC,Store below 25°C,12,C,V,61.62,81.54,100,365,63
DRG0912,IvermectinForte 250mg Syrup,Ivermectin,IvermectinForte,OTC/Prescription Antiparasitic,Syrup,250mg,Sanofi Nigeria,Antiparasitics,1,OTC,Protect from light,60,C,N,175.63,237.78,101,371,44
DRG0913,HydrocortisonePlus 250mg Suppository,Hydrocortisone Cream,HydrocortisonePlus,OTC Skincare,Suppository,250mg,GlaxoSmithKline Nigeria,Dermatologicals,50,Prescription Only,Store in a cool dry place,12,C,V,141.3,171.37,171,573,74
DRG0914,GentamicinPlus 100mg/5ml Eye Drops,Gentamicin Eye Drops,GentamicinPlus,OTC Eye Care,Eye Drops,100mg/5ml,Chi Pharmaceuticals,Ophthalmics,1,Prescription Only,Protect from light,48,B,E,91.57,113.15,216,1055,99
DRG0915,LosartanPlus 2.5mg Eye Drops,Losartan,LosartanPlus,Chronic Disease Management,Eye Drops,2.5mg,Pfizer Nigeria,Antihypertensives,60,Prescription Only,Store below 25°C,12,A,V,56.52,88.38,57,241,24
DRG0916,TramadolForte 0.5% Inhaler,Tramadol,TramadolForte,OTC Pain Relief,Inhaler,0.50%,Sanofi Nigeria,Analgesics,30,Prescription Only,"Store below 30°C, away from moisture",60,A,E,786.89,1135.03,418,1608,244
DRG0917,Combined DS 1% Eye Drops,Combined Oral Contraceptive Pill,Combined DS,Family Planning,Eye Drops,1%,Evans Medical Plc,Contraceptives,1,OTC,"Store below 30°C, away from moisture",12,C,N,165.96,218.86,94,354,41
DRG0918,Metronidazole DS 20mg/ml Suppository,Metronidazole,Metronidazole DS,Prescription Antimicrobials,Suppository,20mg/ml,Pharma-Deko Plc,Antibiotics,60,OTC,Protect from light,18,C,E,41.05,63.69,393,1139,176
DRG0919,Gliclazide-D 1g Injection,Gliclazide,Gliclazide-D,Chronic Disease Management,Injection,1g,Pharma-Deko Plc,Antidiabetics,10,Prescription Only,"Store below 30°C, away from moisture",12,B,E,62.58,79.68,294,1008,118
DRG0920,VitaminPlus 1g Ointment,Vitamin B Complex,VitaminPlus,Wellness/Supplements,Ointment,1g,Codix Pharma,Vitamins & Supplements,30,Controlled,"Store below 30°C, away from moisture",12,C,E,168.63,276.22,333,1392,211
DRG0921,Simvastatin Junior 50mg Eye Drops,Simvastatin,Simvastatin Junior,Chronic Disease Management,Eye Drops,50mg,Novartis Nigeria,Cardiovascular,60,Prescription Only,Protect from light,24,C,E,54.54,72.12,424,2040,272
DRG0922,Gentamicin-D 500mg Syrup,Gentamicin Eye Drops,Gentamicin-D,OTC Eye Care,Syrup,500mg,Cipla Nigeria,Ophthalmics,1,Prescription Only,Store below 25°C,36,C,N,107.6,141.89,156,708,69
DRG0923,VitaminGold 5mg/ml Suspension,Vitamin C,VitaminGold,Wellness/Supplements,Suspension,5mg/ml,Pfizer Nigeria,Vitamins & Supplements,30,OTC,Refrigerate 2-8°C,60,C,E,171.29,223.7,76,247,47
DRG0924,MebendazoleExtra 1g Tablet,Mebendazole,MebendazoleExtra,OTC/Prescription Antiparasitic,Tablet,1g,Sun Pharmaceuticals Nigeria,Antiparasitics,10,OTC,Store below 25°C,48,C,N,31.84,38.56,242,867,128
DRG0925,Lisinopril Junior 20mg/ml Suspension,Lisinopril,Lisinopril Junior,Chronic Disease Management,Suspension,20mg/ml,Pharma-Deko Plc,Antihypertensives,60,OTC,Store below 25°C,18,B,V,79.01,95.25,467,1264,220
DRG0926,MagnesiumGold 1% Injection,Magnesium Trisilicate,MagnesiumGold,OTC Gastro,Injection,1%,Neimeth International,Antacids/Antiulcerants,24,OTC,Protect from light,18,B,V,80.97,119.35,386,1063,226
DRG0927,LoratadineExtra 500mg Injection,Loratadine,LoratadineExtra,OTC Allergy,Injection,500mg,Emzor Pharmaceuticals,Antihistamines,10,Prescription Only,"Store below 30°C, away from moisture",36,A,E,66.16,105.03,406,1492,184
DRG0928,LosartanMax 10mg Eye Drops,Losartan,LosartanMax,Chronic Disease Management,Eye Drops,10mg,Juhel Nigeria Limited,Antihypertensives,60,Prescription Only,"Store below 30°C, away from moisture",48,C,E,103.82,160.43,111,424,69
DRG0929,GentamicinForte 5mg Capsule,Gentamicin Eye Drops,GentamicinForte,OTC Eye Care,Capsule,5mg,Sanofi Nigeria,Ophthalmics,24,Prescription Only,"Store below 30°C, away from moisture",48,C,E,135.37,165.23,111,350,45
DRG0930,Ivermectin DS 10mg Sachet/Powder,Ivermectin,Ivermectin DS,OTC/Prescription Antiparasitic,Sachet/Powder,10mg,Ranbaxy Nigeria,Antiparasitics,10,Prescription Only,Protect from light,18,C,N,92.93,132.22,471,1934,323
DRG0931,Fluoxetine-D 250mg Suspension,Fluoxetine,Fluoxetine-D,Prescription CNS,Suspension,250mg,Swiss Pharma Nigeria,Antidepressants/CNS,50,Prescription Only,Protect from light,48,A,V,67.57,81.27,331,1409,139
DRG0932,MetoclopramideForte 0.5% Eye Drops,Metoclopramide,MetoclopramideForte,OTC Gastro,Eye Drops,0.50%,Reckitt Benckiser Nigeria,Antiemetics,20,OTC,Store in a cool dry place,60,B,V,132.78,155.7,170,552,97
DRG0933,Combined 5mg Eye Drops,Combined Oral Contraceptive Pill,Combined,Family Planning,Eye Drops,5mg,Drugfield Pharmaceuticals,Contraceptives,60,Prescription Only,Protect from light,60,A,N,87.34,129.11,329,1446,220
DRG0934,Ondansetron Junior 50mg Injection,Ondansetron,Ondansetron Junior,OTC Gastro,Injection,50mg,Drugfield Pharmaceuticals,Antiemetics,100,Prescription Only,Protect from light,60,A,N,73.35,103.98,88,265,35
DRG0935,AzithromycinGold 10mg Eye Drops,Azithromycin,AzithromycinGold,Prescription Antimicrobials,Eye Drops,10mg,Chi Pharmaceuticals,Antibiotics,100,OTC,Store in a cool dry place,36,C,V,44.7,53.24,429,1656,235
DRG0936,WarfarinMax 500mg Suppository,Warfarin,WarfarinMax,Chronic Disease Management,Suppository,500mg,Evans Medical Plc,Anticoagulants,24,Prescription Only,Refrigerate 2-8°C,36,C,E,41.44,48.38,326,1470,164
DRG0937,CombinedPlus 2.5mg Eye Drops,Combined Oral Contraceptive Pill,CombinedPlus,Family Planning,Eye Drops,2.5mg,Chi Pharmaceuticals,Contraceptives,60,OTC,Store in a cool dry place,36,C,E,44.42,73.07,143,549,82
DRG0938,Whitfield's-D 100mg/5ml Injection,Whitfield's Ointment,Whitfield's-D,OTC Skincare,Injection,100mg/5ml,Drugfield Pharmaceuticals,Dermatologicals,10,OTC,"Store below 30°C, away from moisture",24,C,N,102.12,118.97,480,2289,224
DRG0939,AmodiaquineMax 2.5mg Suppository,Amodiaquine,AmodiaquineMax,OTC/Prescription Antimalarial,Suppository,2.5mg,May & Baker Nigeria,Antimalarials,5,Prescription Only,Refrigerate 2-8°C,18,A,N,80.45,110.4,164,433,68
DRG0940,Amlodipine-D 2.5mg Tablet,Amlodipine,Amlodipine-D,Chronic Disease Management,Tablet,2.5mg,May & Baker Nigeria,Antihypertensives,30,OTC,Refrigerate 2-8°C,24,B,N,42.43,59.5,225,893,132
DRG0941,OseltamivirMax 1% Suspension,Oseltamivir,OseltamivirMax,Prescription Antimicrobials,Suspension,1%,Novartis Nigeria,Antivirals,24,Controlled,Protect from light,24,B,N,134.16,162.15,170,663,89
DRG0942,Aspirin-D 100mg/5ml Ointment,Aspirin,Aspirin-D,OTC Pain Relief,Ointment,100mg/5ml,Pharma-Deko Plc,Analgesics,10,OTC,Protect from light,18,C,E,245.79,303.44,62,257,36
DRG0943,MebendazoleGold 10mg Eye Drops,Mebendazole,MebendazoleGold,OTC/Prescription Antiparasitic,Eye Drops,10mg,Chi Pharmaceuticals,Antiparasitics,5,Prescription Only,Protect from light,36,C,N,60.01,79.57,436,1998,201
DRG0944,Diclofenac-D 100mg/5ml Suspension,Diclofenac Gel,Diclofenac-D,OTC Pain Relief,Suspension,100mg/5ml,May & Baker Nigeria,NSAIDs,100,OTC,Store in a cool dry place,48,B,E,39.57,60.58,465,2006,233
DRG0945,AspirinExtra 1% Injection,Aspirin,AspirinExtra,OTC Pain Relief,Injection,1%,Swiss Pharma Nigeria,Analgesics,10,OTC,Refrigerate 2-8°C,24,B,V,56.87,79.82,212,948,120
DRG0946,Ferrous DS 20mg Suppository,Ferrous Sulphate,Ferrous DS,Wellness/Supplements,Suppository,20mg,Cipla Nigeria,Vitamins & Supplements,60,Prescription Only,Protect from light,12,A,E,158.31,232.55,324,1043,187
DRG0947,Glibenclamide DS 10mg Ointment,Glibenclamide,Glibenclamide DS,Chronic Disease Management,Ointment,10mg,Ranbaxy Nigeria,Antidiabetics,100,OTC,Store in a cool dry place,18,B,N,124.49,204.49,447,1550,228
DRG0948,Metoclopramide Junior 20mg Sachet/Powder,Metoclopramide,Metoclopramide Junior,OTC Gastro,Sachet/Powder,20mg,Ranbaxy Nigeria,Antiemetics,20,OTC,Protect from light,18,B,N,51.71,79.32,225,915,108
DRG0949,CefuroximeExtra 500mg Suspension,Cefuroxime,CefuroximeExtra,Prescription Antimicrobials,Suspension,500mg,Emzor Pharmaceuticals,Antibiotics,100,OTC,"Store below 30°C, away from moisture",24,A,V,279.93,382.71,386,1499,186
DRG0950,LevonorgestrelPlus 2.5mg Cream,Levonorgestrel,LevonorgestrelPlus,Family Planning,Cream,2.5mg,Bioraj Pharmaceuticals,Contraceptives,10,OTC,Store in a cool dry place,36,B,N,240.25,329.92,428,2098,193
DRG0951,Cetirizine 5mg/ml Ointment,Cetirizine,Cetirizine,OTC Allergy,Ointment,5mg/ml,Swiss Pharma Nigeria,Antihistamines,20,OTC,"Store below 30°C, away from moisture",18,C,N,56.23,82.06,373,1106,185
DRG0952,Magnesium Junior 50mg Syrup,Magnesium Trisilicate,Magnesium Junior,OTC Gastro,Syrup,50mg,Cipla Nigeria,Antacids/Antiulcerants,50,Prescription Only,Protect from light,60,C,E,55.96,82.97,222,749,102
DRG0953,DiclofenacPlus 5mg/ml Syrup,Diclofenac Gel,DiclofenacPlus,OTC Pain Relief,Syrup,5mg/ml,Juhel Nigeria Limited,NSAIDs,20,Prescription Only,Protect from light,18,A,E,60.18,84.27,324,1273,191
DRG0954,Combined Junior 5mg/ml Eye Drops,Combined Oral Contraceptive Pill,Combined Junior,Family Planning,Eye Drops,5mg/ml,Nemel Pharmaceuticals,Contraceptives,10,Prescription Only,Refrigerate 2-8°C,60,A,N,62.87,92.57,113,527,64
DRG0955,DiclofenacMax 50mg Ointment,Diclofenac Gel,DiclofenacMax,OTC Pain Relief,Ointment,50mg,Sanofi Nigeria,NSAIDs,24,OTC,"Store below 30°C, away from moisture",48,B,E,171.25,198.95,150,723,77
DRG0956,BenzylExtra 500mg Inhaler,Benzyl Benzoate,BenzylExtra,OTC Skincare,Inhaler,500mg,Sun Pharmaceuticals Nigeria,Dermatologicals,100,Prescription Only,Store below 25°C,18,B,V,113.54,154.96,371,1239,184
DRG0957,Chlorpheniramine 20mg/ml Injection,Chlorpheniramine,Chlorpheniramine,OTC Allergy,Injection,20mg/ml,Pfizer Nigeria,Antihistamines,20,Prescription Only,"Store below 30°C, away from moisture",36,B,N,161.25,207.93,115,306,54
DRG0958,HydrocortisoneForte 2.5mg Capsule,Hydrocortisone Cream,HydrocortisoneForte,OTC Skincare,Capsule,2.5mg,Evans Medical Plc,Dermatologicals,60,OTC,"Store below 30°C, away from moisture",24,C,N,137.08,166.5,380,1350,213
DRG0959,OmeprazolePlus 20mg/ml Capsule,Omeprazole,OmeprazolePlus,OTC Gastro,Capsule,20mg/ml,Bioraj Pharmaceuticals,Antacids/Antiulcerants,1,OTC,Store in a cool dry place,18,C,E,333.24,399.81,94,327,63
DRG0960,AlbendazoleMax 1% Capsule,Albendazole,AlbendazoleMax,OTC/Prescription Antiparasitic,Capsule,1%,Emzor Pharmaceuticals,Antiparasitics,24,OTC,Store in a cool dry place,36,C,N,48.93,71.03,136,675,82
DRG0961,Naproxen 10mg Sachet/Powder,Naproxen,Naproxen,OTC Pain Relief,Sachet/Powder,10mg,May & Baker Nigeria,NSAIDs,1,OTC,Refrigerate 2-8°C,18,B,E,109.87,155.11,116,415,72
DRG0962,CetirizineForte 20mg Syrup,Cetirizine,CetirizineForte,OTC Allergy,Syrup,20mg,Marbis Pharmaceuticals,Antihistamines,20,Prescription Only,Store in a cool dry place,18,C,V,36.21,46.23,308,1005,200
DRG0963,ArtemetherMax 5mg/ml Syrup,Artemether/Lumefantrine,ArtemetherMax,OTC/Prescription Antimalarial,Syrup,5mg/ml,Novartis Nigeria,Antimalarials,60,OTC,Store below 25°C,60,B,E,44.63,61.83,471,1607,238
DRG0964,DiazepamPlus 0.5% Sachet/Powder,Diazepam,DiazepamPlus,Prescription CNS,Sachet/Powder,0.50%,Bioraj Pharmaceuticals,Antidepressants/CNS,5,Prescription Only,Store below 25°C,36,A,E,80.66,112.61,254,887,106
DRG0965,LamivudinePlus 0.5% Tablet,Lamivudine/Tenofovir/Dolutegravir,LamivudinePlus,Prescription Antimicrobials,Tablet,0.50%,Fidson Healthcare,Antivirals,100,Prescription Only,"Store below 30°C, away from moisture",24,C,N,112.95,140.91,475,2163,278
DRG0966,MultivitaminPlus 250mg Ointment,Multivitamin,MultivitaminPlus,Wellness/Supplements,Ointment,250mg,May & Baker Nigeria,Vitamins & Supplements,10,OTC,"Store below 30°C, away from moisture",60,C,V,79.31,117.07,473,1278,215
DRG0967,ArtesunateExtra 250mg Syrup,Artesunate,ArtesunateExtra,OTC/Prescription Antimalarial,Syrup,250mg,GlaxoSmithKline Nigeria,Antimalarials,100,Prescription Only,Refrigerate 2-8°C,24,C,E,60.96,93.91,227,747,129
DRG0968,DiazepamGold 100mg/5ml Suppository,Diazepam,DiazepamGold,Prescription CNS,Suppository,100mg/5ml,Marbis Pharmaceuticals,Antidepressants/CNS,100,OTC,"Store below 30°C, away from moisture",12,C,E,66.99,103.55,468,2300,291
DRG0969,BromhexinePlus 20mg/ml Ointment,Bromhexine,BromhexinePlus,OTC Respiratory,Ointment,20mg/ml,Neimeth International,Respiratory/Antitussives,60,OTC,"Store below 30°C, away from moisture",36,C,N,244.74,355.18,329,948,208
DRG0970,VitaminMax 50mg Sachet/Powder,Vitamin C,VitaminMax,Wellness/Supplements,Sachet/Powder,50mg,Novartis Nigeria,Vitamins & Supplements,60,OTC,"Store below 30°C, away from moisture",36,C,V,67.19,94.46,393,1712,192
DRG0971,OseltamivirForte 0.5% Suppository,Oseltamivir,OseltamivirForte,Prescription Antimicrobials,Suppository,0.50%,Drugfield Pharmaceuticals,Antivirals,24,OTC,Store below 25°C,48,C,V,343.95,406.03,66,223,36
DRG0972,FurosemideExtra 5mg Cream,Furosemide,FurosemideExtra,Chronic Disease Management,Cream,5mg,Novartis Nigeria,Cardiovascular,60,Controlled,Store in a cool dry place,12,C,V,150.79,195.11,345,1364,202
DRG0973,Atorvastatin Junior 2.5mg Ointment,Atorvastatin,Atorvastatin Junior,Chronic Disease Management,Ointment,2.5mg,Marbis Pharmaceuticals,Cardiovascular,30,Prescription Only,Store below 25°C,18,C,N,116.27,139.13,251,689,162
DRG0974,TramadolMax 1% Suspension,Tramadol,TramadolMax,OTC Pain Relief,Suspension,1%,GlaxoSmithKline Nigeria,Analgesics,100,Prescription Only,Protect from light,12,C,V,46.55,75.97,499,1629,313
DRG0975,Metronidazole Junior 10mg Injection,Metronidazole,Metronidazole Junior,Prescription Antimicrobials,Injection,10mg,Evans Medical Plc,Antibiotics,24,OTC,Store below 25°C,18,C,V,169.11,205.9,221,829,153
DRG0976,Gentamicin-D 20mg Syrup,Gentamicin Eye Drops,Gentamicin-D,OTC Eye Care,Syrup,20mg,Reckitt Benckiser Nigeria,Ophthalmics,60,Prescription Only,Store below 25°C,48,A,V,63.32,77.62,456,1404,183
DRG0977,Whitfield'sGold 1g Cream,Whitfield's Ointment,Whitfield'sGold,OTC Skincare,Cream,1g,Emzor Pharmaceuticals,Dermatologicals,30,OTC,Store below 25°C,60,C,N,46.54,74.22,311,1198,165
DRG0978,ZincGold 100mg/5ml Inhaler,Zinc Sulphate,ZincGold,Wellness/Supplements,Inhaler,100mg/5ml,Sanofi Nigeria,Vitamins & Supplements,5,OTC,Store in a cool dry place,60,A,V,121.18,196.55,243,741,115
DRG0979,ParacetamolForte 250mg Suspension,Paracetamol,ParacetamolForte,OTC Pain Relief,Suspension,250mg,Drugfield Pharmaceuticals,Analgesics,24,Controlled,"Store below 30°C, away from moisture",12,B,E,43.63,66.88,198,816,86
DRG0980,Loratadine 100mg/5ml Capsule,Loratadine,Loratadine,OTC Allergy,Capsule,100mg/5ml,Chi Pharmaceuticals,Antihistamines,1,OTC,"Store below 30°C, away from moisture",18,B,E,55.48,63.95,424,2018,285
DRG0981,BetamethasoneGold 20mg Injection,Betamethasone Cream,BetamethasoneGold,OTC Skincare,Injection,20mg,Marbis Pharmaceuticals,Dermatologicals,1,Controlled,"Store below 30°C, away from moisture",24,C,E,84.05,96.71,425,1153,297
DRG0982,Metoclopramide DS 5mg Ointment,Metoclopramide,Metoclopramide DS,OTC Gastro,Ointment,5mg,Evans Medical Plc,Antiemetics,1,OTC,Protect from light,48,C,N,531.91,712.25,84,255,38
DRG0983,BetamethasonePlus 100mg/5ml Ointment,Betamethasone Cream,BetamethasonePlus,OTC Skincare,Ointment,100mg/5ml,Drugfield Pharmaceuticals,Dermatologicals,20,Prescription Only,Refrigerate 2-8°C,48,B,E,57.47,70.21,418,1927,172
DRG0984,DiazepamExtra 100mg/5ml Injection,Diazepam,DiazepamExtra,Prescription CNS,Injection,100mg/5ml,Codix Pharma,Antidepressants/CNS,1,OTC,Refrigerate 2-8°C,36,A,N,64.53,74.8,78,318,37
DRG0985,Carbamazepine-D 1% Syrup,Carbamazepine,Carbamazepine-D,Prescription CNS,Syrup,1%,May & Baker Nigeria,Antidepressants/CNS,1,OTC,"Store below 30°C, away from moisture",12,B,N,143.56,198.4,312,841,202
DRG0986,Tramadol-D 100mg/5ml Eye Drops,Tramadol,Tramadol-D,OTC Pain Relief,Eye Drops,100mg/5ml,Reckitt Benckiser Nigeria,Analgesics,100,Controlled,Refrigerate 2-8°C,36,C,E,45.83,74.31,270,1003,131
DRG0987,PromethazineForte 250mg Ointment,Promethazine Injection,PromethazineForte,OTC Gastro,Ointment,250mg,Pfizer Nigeria,Antiemetics,20,OTC,Protect from light,18,B,N,115.01,150.88,102,308,42
DRG0988,Esomeprazole-D 1% Suppository,Esomeprazole,Esomeprazole-D,OTC Gastro,Suppository,1%,Bond Chemical Industries,Antacids/Antiulcerants,1,Prescription Only,Refrigerate 2-8°C,60,B,N,212.35,314.4,470,1408,195
DRG0989,DoxycyclineGold 5mg/ml Suspension,Doxycycline,DoxycyclineGold,Prescription Antimicrobials,Suspension,5mg/ml,Cipla Nigeria,Antibiotics,10,Controlled,Refrigerate 2-8°C,60,A,N,70.16,103.56,328,1591,173
DRG0990,Ibuprofen Junior 5mg Sachet/Powder,Ibuprofen,Ibuprofen Junior,OTC Pain Relief,Sachet/Powder,5mg,Bond Chemical Industries,Analgesics,50,OTC,Protect from light,60,B,E,182.35,232.59,402,1770,273
DRG0991,CetirizineForte 1% Sachet/Powder,Cetirizine,CetirizineForte,OTC Allergy,Sachet/Powder,1%,GlaxoSmithKline Nigeria,Antihistamines,100,OTC,Protect from light,12,B,E,103.07,152.05,441,1870,214
DRG0992,LevonorgestrelExtra 20mg Ointment,Levonorgestrel,LevonorgestrelExtra,Family Planning,Ointment,20mg,Cipla Nigeria,Contraceptives,50,Prescription Only,Protect from light,60,C,E,56.29,70.71,125,387,66
DRG0993,Ivermectin DS 500mg Capsule,Ivermectin,Ivermectin DS,OTC/Prescription Antiparasitic,Capsule,500mg,Reckitt Benckiser Nigeria,Antiparasitics,60,Prescription Only,Refrigerate 2-8°C,60,A,N,74.8,90.58,225,629,96
DRG0994,EsomeprazoleMax 5mg Tablet,Esomeprazole,EsomeprazoleMax,OTC Gastro,Tablet,5mg,Sanofi Nigeria,Antacids/Antiulcerants,1,OTC,Store below 25°C,60,C,V,67.35,101.07,59,275,32
DRG0995,BenzylMax 5mg Ointment,Benzyl Benzoate,BenzylMax,OTC Skincare,Ointment,5mg,Pfizer Nigeria,Dermatologicals,24,OTC,"Store below 30°C, away from moisture",18,B,V,80.02,96.56,166,417,101
DRG0996,MetoclopramideForte 50mg Eye Drops,Metoclopramide,MetoclopramideForte,OTC Gastro,Eye Drops,50mg,SKG Pharma,Antiemetics,30,OTC,Store below 25°C,60,B,E,93.61,154.31,329,1141,158
DRG0997,Loratadine DS 20mg/ml Eye Drops,Loratadine,Loratadine DS,OTC Allergy,Eye Drops,20mg/ml,Bond Chemical Industries,Antihistamines,20,Prescription Only,"Store below 30°C, away from moisture",12,B,V,128.32,159.34,267,852,130
DRG0998,AcyclovirForte 500mg Injection,Acyclovir,AcyclovirForte,Prescription Antimicrobials,Injection,500mg,Sun Pharmaceuticals Nigeria,Antivirals,60,OTC,"Store below 30°C, away from moisture",36,C,E,120.8,174.81,224,879,146
DRG0999,OndansetronPlus 20mg Tablet,Ondansetron,OndansetronPlus,OTC Gastro,Tablet,20mg,GlaxoSmithKline Nigeria,Antiemetics,10,Prescription Only,Store below 25°C,12,C,V,34.8,47.18,283,884,114
DRG1000,Omeprazole 5mg/ml Injection,Omeprazole,Omeprazole,OTC Gastro,Injection,5mg/ml,Sun Pharmaceuticals Nigeria,Antacids/Antiulcerants,1,Prescription Only,Protect from light,36,C,E,79.54,96.5,486,1593,287
DRG1001,Digoxin-D 10mg Cream,Digoxin,Digoxin-D,Chronic Disease Management,Cream,10mg,Novartis Nigeria,Cardiovascular,60,Prescription Only,Store in a cool dry place,48,C,N,42.07,48.97,301,1392,155
DRG1002,ErythromycinForte 5mg/ml Tablet,Erythromycin,ErythromycinForte,Prescription Antimicrobials,Tablet,5mg/ml,Ranbaxy Nigeria,Antibiotics,100,Prescription Only,"Store below 30°C, away from moisture",12,B,E,71.44,104.4,344,1378,168
DRG1003,ChloramphenicolMax 1g Suspension,Chloramphenicol Eye Drops,ChloramphenicolMax,OTC Eye Care,Suspension,1g,SKG Pharma,Ophthalmics,1,Prescription Only,Store in a cool dry place,48,C,N,78.24,121.54,371,1062,221
DRG1004,Betamethasone-D 20mg/ml Tablet,Betamethasone Cream,Betamethasone-D,OTC Skincare,Tablet,20mg/ml,Emzor Pharmaceuticals,Dermatologicals,60,Prescription Only,Refrigerate 2-8°C,60,C,V,174.92,274.8,55,237,35
DRG1005,Piroxicam Junior 1% Ointment,Piroxicam,Piroxicam Junior,OTC Pain Relief,Ointment,1%,Marbis Pharmaceuticals,NSAIDs,20,OTC,Store in a cool dry place,60,A,V,82.98,115.45,70,211,39
DRG1006,NifedipineGold 2.5mg Syrup,Nifedipine,NifedipineGold,Chronic Disease Management,Syrup,2.5mg,Pharma-Deko Plc,Antihypertensives,5,OTC,Store in a cool dry place,12,C,N,100.75,155.03,122,437,49
DRG1007,Oseltamivir Junior 5mg/ml Syrup,Oseltamivir,Oseltamivir Junior,Prescription Antimicrobials,Syrup,5mg/ml,Codix Pharma,Antivirals,20,OTC,Protect from light,18,B,N,150.67,223.96,379,1560,204
DRG1008,MultivitaminForte 100mg/5ml Capsule,Multivitamin,MultivitaminForte,Wellness/Supplements,Capsule,100mg/5ml,Neimeth International,Vitamins & Supplements,10,OTC,Refrigerate 2-8°C,36,A,E,216.37,327.18,85,270,45
DRG1009,KetoconazoleMax 5mg/ml Sachet/Powder,Ketoconazole,KetoconazoleMax,Prescription Antimicrobials,Sachet/Powder,5mg/ml,Reckitt Benckiser Nigeria,Antifungals,20,Prescription Only,Protect from light,60,B,N,78.28,109.3,436,1508,245
DRG1010,Metoclopramide-D 50mg Suspension,Metoclopramide,Metoclopramide-D,OTC Gastro,Suspension,50mg,Sanofi Nigeria,Antiemetics,20,Prescription Only,Store in a cool dry place,60,B,N,89.99,131.99,282,1222,169
DRG1011,PraziquantelGold 500mg Injection,Praziquantel,PraziquantelGold,OTC/Prescription Antiparasitic,Injection,500mg,Chi Pharmaceuticals,Antiparasitics,50,OTC,Store below 25°C,24,C,N,85.15,132.22,265,1283,107
DRG1012,WarfarinForte 1g Inhaler,Warfarin,WarfarinForte,Chronic Disease Management,Inhaler,1g,Reckitt Benckiser Nigeria,Anticoagulants,24,Prescription Only,Store in a cool dry place,48,B,E,61.73,83.27,255,974,140
DRG1013,Aspirin 100mg/5ml Suspension,Aspirin,Aspirin,OTC Pain Relief,Suspension,100mg/5ml,Fidson Healthcare,Analgesics,100,OTC,Refrigerate 2-8°C,60,A,V,55.3,85.88,475,1199,273
DRG1014,Glibenclamide DS 2.5mg Tablet,Glibenclamide,Glibenclamide DS,Chronic Disease Management,Tablet,2.5mg,GlaxoSmithKline Nigeria,Antidiabetics,1,OTC,Refrigerate 2-8°C,18,A,E,35.63,51.52,478,1599,240
DRG1015,OndansetronExtra 20mg Inhaler,Ondansetron,OndansetronExtra,OTC Gastro,Inhaler,20mg,Bioraj Pharmaceuticals,Antiemetics,24,Prescription Only,Store below 25°C,48,C,E,48.6,59.92,93,325,55
DRG1016,DigoxinForte 1% Injection,Digoxin,DigoxinForte,Chronic Disease Management,Injection,1%,SKG Pharma,Cardiovascular,1,Prescription Only,"Store below 30°C, away from moisture",36,C,V,39.22,45.59,140,468,65
DRG1017,OseltamivirPlus 5mg Cream,Oseltamivir,OseltamivirPlus,Prescription Antimicrobials,Cream,5mg,Sun Pharmaceuticals Nigeria,Antivirals,30,Prescription Only,"Store below 30°C, away from moisture",60,B,N,221.56,294.98,466,1673,230
DRG1018,Metronidazole DS 20mg/ml Injection,Metronidazole,Metronidazole DS,Prescription Antimicrobials,Injection,20mg/ml,Drugfield Pharmaceuticals,Antibiotics,24,Controlled,Protect from light,36,A,V,95.92,136.53,365,1489,251
DRG1019,Furosemide Junior 0.5% Cream,Furosemide,Furosemide Junior,Chronic Disease Management,Cream,0.50%,Novartis Nigeria,Cardiovascular,100,OTC,Protect from light,60,A,E,78.14,122.67,142,398,71
DRG1020,LamivudineGold 100mg/5ml Suppository,Lamivudine/Tenofovir/Dolutegravir,LamivudineGold,Prescription Antimicrobials,Suppository,100mg/5ml,Sanofi Nigeria,Antivirals,20,OTC,Protect from light,12,C,E,56.64,68.75,388,1234,195
DRG1021,LamivudineExtra 5mg Inhaler,Lamivudine/Tenofovir/Dolutegravir,LamivudineExtra,Prescription Antimicrobials,Inhaler,5mg,Pfizer Nigeria,Antivirals,1,Prescription Only,Refrigerate 2-8°C,18,B,N,86.25,133.7,132,497,76
DRG1022,RanitidineGold 250mg Sachet/Powder,Ranitidine,RanitidineGold,OTC Gastro,Sachet/Powder,250mg,Reckitt Benckiser Nigeria,Antacids/Antiulcerants,60,Prescription Only,Protect from light,12,B,E,53.38,84.42,382,1256,264
DRG1023,GliclazideExtra 500mg Tablet,Gliclazide,GliclazideExtra,Chronic Disease Management,Tablet,500mg,Cipla Nigeria,Antidiabetics,60,Controlled,"Store below 30°C, away from moisture",12,A,N,94.98,116.38,331,1647,230
DRG1024,Atenolol-D 100mg/5ml Inhaler,Atenolol,Atenolol-D,Chronic Disease Management,Inhaler,100mg/5ml,Pfizer Nigeria,Antihypertensives,24,Prescription Only,Store in a cool dry place,18,C,E,99.81,157.28,70,250,40
DRG1025,Ciprofloxacin DS 20mg Eye Drops,Ciprofloxacin,Ciprofloxacin DS,Prescription Antimicrobials,Eye Drops,20mg,Chi Pharmaceuticals,Antibiotics,24,Prescription Only,Store in a cool dry place,60,C,N,53.07,87.34,277,1294,110
DRG1026,Sulphadoxine DS 20mg/ml Injection,Sulphadoxine/Pyrimethamine,Sulphadoxine DS,OTC/Prescription Antimalarial,Injection,20mg/ml,Pfizer Nigeria,Antimalarials,1,OTC,Store below 25°C,12,B,N,52.64,79.67,425,2015,284
DRG1027,Artemether 250mg Suspension,Artemether/Lumefantrine,Artemether,OTC/Prescription Antimalarial,Suspension,250mg,Drugfield Pharmaceuticals,Antimalarials,1,OTC,Store below 25°C,48,A,E,172.91,266.69,179,821,102
DRG1028,Promethazine DS 50mg Injection,Promethazine,Promethazine DS,OTC Allergy,Injection,50mg,Drugfield Pharmaceuticals,Antihistamines,24,OTC,Store below 25°C,60,B,N,81.79,134.73,224,586,114
DRG1029,DiazepamPlus 2.5mg Ointment,Diazepam,DiazepamPlus,Prescription CNS,Ointment,2.5mg,Sun Pharmaceuticals Nigeria,Antidepressants/CNS,5,Prescription Only,Protect from light,36,C,V,55,79.9,157,764,101
DRG1030,Quinine 500mg Sachet/Powder,Quinine,Quinine,OTC/Prescription Antimalarial,Sachet/Powder,500mg,Nemel Pharmaceuticals,Antimalarials,30,Controlled,Store below 25°C,18,C,E,67.69,88.26,463,1306,240
DRG1031,TetracyclinePlus 5mg/ml Suppository,Tetracycline Eye Ointment,TetracyclinePlus,OTC Eye Care,Suppository,5mg/ml,Neimeth International,Ophthalmics,60,OTC,"Store below 30°C, away from moisture",48,C,V,49.87,78.23,332,858,136
DRG1032,Ranitidine 0.5% Injection,Ranitidine,Ranitidine,OTC Gastro,Injection,0.50%,May & Baker Nigeria,Antacids/Antiulcerants,10,OTC,Store below 25°C,48,C,E,81.05,118.11,120,424,77
DRG1033,LamivudineExtra 20mg/ml Ointment,Lamivudine/Tenofovir/Dolutegravir,LamivudineExtra,Prescription Antimicrobials,Ointment,20mg/ml,Codix Pharma,Antivirals,10,OTC,Store below 25°C,48,A,N,155.42,223.9,453,1352,255
DRG1034,Oseltamivir Junior 50mg Syrup,Oseltamivir,Oseltamivir Junior,Prescription Antimicrobials,Syrup,50mg,Codix Pharma,Antivirals,1,Prescription Only,Protect from light,24,C,V,83.11,106.12,99,293,49
DRG1035,TetracyclineGold 20mg/ml Capsule,Tetracycline Eye Ointment,TetracyclineGold,OTC Eye Care,Capsule,20mg/ml,SKG Pharma,Ophthalmics,10,OTC,"Store below 30°C, away from moisture",18,C,E,610.35,932.72,144,463,68
DRG1036,Acyclovir 50mg Suspension,Acyclovir,Acyclovir,Prescription Antimicrobials,Suspension,50mg,Swiss Pharma Nigeria,Antivirals,60,OTC,Protect from light,36,B,E,113.21,134.81,328,1023,189
DRG1037,QuinineMax 20mg/ml Ointment,Quinine,QuinineMax,OTC/Prescription Antimalarial,Ointment,20mg/ml,Bond Chemical Industries,Antimalarials,24,OTC,Store below 25°C,24,C,E,98.71,159.13,446,1878,206
DRG1038,BetamethasoneGold 20mg/ml Capsule,Betamethasone Cream,BetamethasoneGold,OTC Skincare,Capsule,20mg/ml,Codix Pharma,Dermatologicals,50,Controlled,"Store below 30°C, away from moisture",60,A,E,52.01,68.28,386,1145,191
DRG1039,DextromethorphanExtra 0.5% Cream,Dextromethorphan,DextromethorphanExtra,OTC Respiratory,Cream,0.50%,Cipla Nigeria,Respiratory/Antitussives,100,OTC,Protect from light,18,B,N,73.01,88.63,181,698,106
DRG1040,Amodiaquine 20mg/ml Capsule,Amodiaquine,Amodiaquine,OTC/Prescription Antimalarial,Capsule,20mg/ml,GlaxoSmithKline Nigeria,Antimalarials,5,OTC,Refrigerate 2-8°C,60,C,V,55.05,75.48,447,2219,297
DRG1041,AmodiaquineMax 0.5% Syrup,Amodiaquine,AmodiaquineMax,OTC/Prescription Antimalarial,Syrup,0.50%,Ranbaxy Nigeria,Antimalarials,30,OTC,Store below 25°C,36,C,E,36.26,42.47,325,1163,181
DRG1042,FerrousForte 2.5mg Syrup,Ferrous Sulphate,FerrousForte,Wellness/Supplements,Syrup,2.5mg,GlaxoSmithKline Nigeria,Vitamins & Supplements,50,Prescription Only,Store in a cool dry place,12,C,E,174.64,260.62,429,1760,269
DRG1043,CombinedMax 20mg Suppository,Combined Oral Contraceptive Pill,CombinedMax,Family Planning,Suppository,20mg,Sanofi Nigeria,Contraceptives,20,Prescription Only,"Store below 30°C, away from moisture",24,A,E,62.74,100.47,62,305,38
DRG1044,Mebendazole 50mg Suppository,Mebendazole,Mebendazole,OTC/Prescription Antiparasitic,Suppository,50mg,Evans Medical Plc,Antiparasitics,100,OTC,"Store below 30°C, away from moisture",24,C,E,55.52,87.09,52,147,31
DRG1045,TramadolExtra 5mg Sachet/Powder,Tramadol,TramadolExtra,OTC Pain Relief,Sachet/Powder,5mg,Sanofi Nigeria,Analgesics,24,OTC,Refrigerate 2-8°C,12,C,N,97.39,118.2,273,968,129
DRG1046,Dextromethorphan DS 5mg Eye Drops,Dextromethorphan,Dextromethorphan DS,OTC Respiratory,Eye Drops,5mg,Novartis Nigeria,Respiratory/Antitussives,1,Controlled,Store in a cool dry place,48,B,E,121.15,146.97,224,1036,147
DRG1047,Lamivudine 20mg Suspension,Lamivudine/Tenofovir/Dolutegravir,Lamivudine,Prescription Antimicrobials,Suspension,20mg,Cipla Nigeria,Antivirals,20,Controlled,Store in a cool dry place,24,C,E,69.62,108.38,436,2106,231
DRG1048,ArtemetherGold 5mg Capsule,Artemether/Lumefantrine,ArtemetherGold,OTC/Prescription Antimalarial,Capsule,5mg,May & Baker Nigeria,Antimalarials,10,OTC,Refrigerate 2-8°C,48,C,V,84.46,136.16,434,1737,179
DRG1049,Metoclopramide 5mg/ml Syrup,Metoclopramide,Metoclopramide,OTC Gastro,Syrup,5mg/ml,Cipla Nigeria,Antiemetics,1,Prescription Only,Protect from light,60,A,E,145.14,200.34,139,397,65
DRG1050,NifedipineGold 1% Tablet,Nifedipine,NifedipineGold,Chronic Disease Management,Tablet,1%,Emzor Pharmaceuticals,Antihypertensives,100,Prescription Only,Refrigerate 2-8°C,18,C,N,68.08,95.28,457,2172,287
DRG1051,MedroxyprogesteronePlus 5mg/ml Inhaler,Medroxyprogesterone,MedroxyprogesteronePlus,Family Planning,Inhaler,5mg/ml,Marbis Pharmaceuticals,Contraceptives,24,Prescription Only,Protect from light,18,A,V,103.87,135.98,290,851,122
DRG1052,CetirizineExtra 1g Suppository,Cetirizine,CetirizineExtra,OTC Allergy,Suppository,1g,Evans Medical Plc,Antihistamines,10,OTC,Store in a cool dry place,18,A,E,40.39,64.51,84,284,37
DRG1053,SalbutamolGold 0.5% Suppository,Salbutamol,SalbutamolGold,OTC Respiratory,Suppository,0.50%,Ranbaxy Nigeria,Respiratory/Antitussives,20,OTC,Store in a cool dry place,24,B,N,45.78,67.41,63,216,38
DRG1054,Ketoconazole DS 20mg Suspension,Ketoconazole,Ketoconazole DS,Prescription Antimicrobials,Suspension,20mg,Emzor Pharmaceuticals,Antifungals,5,Prescription Only,Store below 25°C,36,C,E,130.04,168.29,244,882,162
DRG1055,Gentamicin-D 50mg Tablet,Gentamicin Eye Drops,Gentamicin-D,OTC Eye Care,Tablet,50mg,Fidson Healthcare,Ophthalmics,1,OTC,Refrigerate 2-8°C,12,A,V,44.98,58.45,446,1996,263
DRG1056,AspirinExtra 1g Ointment,Aspirin,AspirinExtra,OTC Pain Relief,Ointment,1g,Reckitt Benckiser Nigeria,Analgesics,10,OTC,Store in a cool dry place,18,C,E,99,157.96,480,2162,224
DRG1057,QuinineExtra 500mg Ointment,Quinine,QuinineExtra,OTC/Prescription Antimalarial,Ointment,500mg,SKG Pharma,Antimalarials,1,OTC,Refrigerate 2-8°C,18,A,V,77.13,89.23,355,1526,147
DRG1058,PromethazineMax 100mg/5ml Cream,Promethazine Injection,PromethazineMax,OTC Gastro,Cream,100mg/5ml,Evans Medical Plc,Antiemetics,24,Prescription Only,Refrigerate 2-8°C,12,C,N,67.92,89.07,383,978,223
DRG1059,MefenamicExtra 1% Cream,Mefenamic Acid,MefenamicExtra,OTC Pain Relief,Cream,1%,Neimeth International,NSAIDs,100,OTC,"Store below 30°C, away from moisture",12,C,V,53.84,76.84,262,1024,108
DRG1060,MagnesiumExtra 100mg/5ml Ointment,Magnesium Trisilicate,MagnesiumExtra,OTC Gastro,Ointment,100mg/5ml,Fidson Healthcare,Antacids/Antiulcerants,60,Prescription Only,"Store below 30°C, away from moisture",60,C,N,165.55,202.65,459,2005,267
DRG1061,EsomeprazoleMax 100mg/5ml Capsule,Esomeprazole,EsomeprazoleMax,OTC Gastro,Capsule,100mg/5ml,Novartis Nigeria,Antacids/Antiulcerants,1,Prescription Only,"Store below 30°C, away from moisture",24,B,E,337.94,404.19,52,187,24
DRG1062,PraziquantelForte 0.5% Capsule,Praziquantel,PraziquantelForte,OTC/Prescription Antiparasitic,Capsule,0.50%,Swiss Pharma Nigeria,Antiparasitics,10,OTC,Refrigerate 2-8°C,48,C,N,103.71,161.54,228,1108,153
DRG1063,Ibuprofen-D 50mg Ointment,Ibuprofen,Ibuprofen-D,OTC Pain Relief,Ointment,50mg,Fidson Healthcare,Analgesics,10,OTC,Refrigerate 2-8°C,24,C,V,105.38,168.31,89,405,48
DRG1064,MetoclopramideGold 5mg Inhaler,Metoclopramide,MetoclopramideGold,OTC Gastro,Inhaler,5mg,Cipla Nigeria,Antiemetics,5,OTC,Refrigerate 2-8°C,12,C,E,57.6,89.96,213,872,99
DRG1065,Ketoconazole DS 5mg/ml Suspension,Ketoconazole,Ketoconazole DS,Prescription Antimicrobials,Suspension,5mg/ml,Novartis Nigeria,Antifungals,20,Prescription Only,Protect from light,48,B,E,46.51,74.39,356,945,233
DRG1066,LoratadineExtra 500mg Suspension,Loratadine,LoratadineExtra,OTC Allergy,Suspension,500mg,Nemel Pharmaceuticals,Antihistamines,24,OTC,Refrigerate 2-8°C,18,C,E,82.47,117.65,284,1173,135
DRG1067,GliclazideGold 250mg Capsule,Gliclazide,GliclazideGold,Chronic Disease Management,Capsule,250mg,Emzor Pharmaceuticals,Antidiabetics,100,OTC,Refrigerate 2-8°C,60,A,E,50.62,78.77,306,1462,150
DRG1068,Multivitamin DS 250mg Eye Drops,Multivitamin,Multivitamin DS,Wellness/Supplements,Eye Drops,250mg,Ranbaxy Nigeria,Vitamins & Supplements,5,OTC,Store below 25°C,24,C,N,39.28,52.71,409,1410,265
DRG1069,LosartanMax 1% Cream,Losartan,LosartanMax,Chronic Disease Management,Cream,1%,Evans Medical Plc,Antihypertensives,100,OTC,Store below 25°C,18,C,N,151.93,225.33,466,2141,229
DRG1070,Amoxicillin-D 20mg Suspension,Amoxicillin,Amoxicillin-D,Prescription Antimicrobials,Suspension,20mg,Fidson Healthcare,Antibiotics,1,OTC,Protect from light,12,A,V,158.02,259.85,440,1444,230
DRG1071,Betamethasone Junior 1g Cream,Betamethasone Cream,Betamethasone Junior,OTC Skincare,Cream,1g,Bond Chemical Industries,Dermatologicals,50,OTC,Store below 25°C,60,B,V,53.13,67.1,422,1656,212
DRG1072,Diazepam-D 1% Cream,Diazepam,Diazepam-D,Prescription CNS,Cream,1%,Ranbaxy Nigeria,Antidepressants/CNS,5,Prescription Only,"Store below 30°C, away from moisture",60,B,N,99.68,134.06,165,679,71
DRG1073,Ketoconazole DS 500mg Capsule,Ketoconazole,Ketoconazole DS,Prescription Antimicrobials,Capsule,500mg,Nemel Pharmaceuticals,Antifungals,24,Prescription Only,Protect from light,12,C,V,178.7,248.4,101,423,41
DRG1074,Azithromycin Junior 500mg Capsule,Azithromycin,Azithromycin Junior,Prescription Antimicrobials,Capsule,500mg,Juhel Nigeria Limited,Antibiotics,5,Prescription Only,Refrigerate 2-8°C,60,C,N,97.02,118.27,425,2000,262
DRG1075,MetoclopramideExtra 5mg Tablet,Metoclopramide,MetoclopramideExtra,OTC Gastro,Tablet,5mg,Codix Pharma,Antiemetics,30,OTC,Refrigerate 2-8°C,48,B,E,46.56,55.43,444,1370,263
DRG1076,BromhexineForte 500mg Ointment,Bromhexine,BromhexineForte,OTC Respiratory,Ointment,500mg,Bioraj Pharmaceuticals,Respiratory/Antitussives,1,OTC,Protect from light,12,B,E,73.25,114.63,460,1451,222
DRG1077,ChlorpheniramineExtra 250mg Injection,Chlorpheniramine,ChlorpheniramineExtra,OTC Allergy,Injection,250mg,Sanofi Nigeria,Antihistamines,10,Prescription Only,"Store below 30°C, away from moisture",60,B,V,235.78,386.3,191,813,93
DRG1078,Praziquantel 500mg Suppository,Praziquantel,Praziquantel,OTC/Prescription Antiparasitic,Suppository,500mg,Novartis Nigeria,Antiparasitics,24,OTC,Protect from light,36,B,V,99.9,135.1,135,397,92
DRG1079,CarbamazepineMax 5mg Suspension,Carbamazepine,CarbamazepineMax,Prescription CNS,Suspension,5mg,Sun Pharmaceuticals Nigeria,Antidepressants/CNS,10,OTC,"Store below 30°C, away from moisture",48,A,E,123.61,147.57,95,347,66
DRG1080,Tramadol 20mg Suppository,Tramadol,Tramadol,OTC Pain Relief,Suppository,20mg,Bioraj Pharmaceuticals,Analgesics,50,Prescription Only,Refrigerate 2-8°C,60,C,N,106.83,126.37,381,971,206
DRG1081,FluconazoleGold 2.5mg Tablet,Fluconazole,FluconazoleGold,Prescription Antimicrobials,Tablet,2.5mg,Neimeth International,Antifungals,30,OTC,"Store below 30°C, away from moisture",24,A,N,53.21,84.91,287,818,183
DRG1082,InsulinGold 2.5mg Suspension,Insulin Glargine,InsulinGold,Chronic Disease Management,Suspension,2.5mg,Fidson Healthcare,Antidiabetics,20,OTC,Refrigerate 2-8°C,60,C,V,59.35,82.02,59,247,36
DRG1083,GentamicinForte 20mg Suppository,Gentamicin Eye Drops,GentamicinForte,OTC Eye Care,Suppository,20mg,Ranbaxy Nigeria,Ophthalmics,24,OTC,Protect from light,24,C,V,106.62,139.67,201,878,98
DRG1084,AtorvastatinPlus 10mg Cream,Atorvastatin,AtorvastatinPlus,Chronic Disease Management,Cream,10mg,Pfizer Nigeria,Cardiovascular,50,OTC,Store below 25°C,48,B,V,153.58,213.2,110,306,45
DRG1085,Warfarin DS 20mg Sachet/Powder,Warfarin,Warfarin DS,Chronic Disease Management,Sachet/Powder,20mg,Reckitt Benckiser Nigeria,Anticoagulants,5,OTC,Store in a cool dry place,18,C,N,194.01,253.99,67,205,29
DRG1086,Digoxin DS 5mg/ml Syrup,Digoxin,Digoxin DS,Chronic Disease Management,Syrup,5mg/ml,Juhel Nigeria Limited,Cardiovascular,30,Prescription Only,Store in a cool dry place,24,C,E,53.15,74.12,135,370,87
DRG1087,Gliclazide Junior 5mg/ml Syrup,Gliclazide,Gliclazide Junior,Chronic Disease Management,Syrup,5mg/ml,May & Baker Nigeria,Antidiabetics,24,Prescription Only,"Store below 30°C, away from moisture",18,B,V,114.19,180.39,186,666,115
DRG1088,AspirinExtra 20mg Sachet/Powder,Aspirin (Low Dose),AspirinExtra,Chronic Disease Management,Sachet/Powder,20mg,Reckitt Benckiser Nigeria,Anticoagulants,10,OTC,"Store below 30°C, away from moisture",36,A,V,208.94,302.16,450,1266,269
DRG1089,ChloramphenicolExtra 100mg/5ml Capsule,Chloramphenicol Eye Drops,ChloramphenicolExtra,OTC Eye Care,Capsule,100mg/5ml,May & Baker Nigeria,Ophthalmics,30,OTC,Store in a cool dry place,12,B,E,50.35,75.39,279,1002,122
DRG1090,LevonorgestrelPlus 500mg Inhaler,Levonorgestrel,LevonorgestrelPlus,Family Planning,Inhaler,500mg,Reckitt Benckiser Nigeria,Contraceptives,100,OTC,Store below 25°C,12,B,N,271.47,361.69,177,766,104
DRG1091,MetronidazoleForte 5mg Injection,Metronidazole,MetronidazoleForte,Prescription Antimicrobials,Injection,5mg,Chi Pharmaceuticals,Antibiotics,10,Prescription Only,Store below 25°C,12,A,E,311.16,472.73,153,643,96
DRG1092,FluoxetineForte 5mg Suspension,Fluoxetine,FluoxetineForte,Prescription CNS,Suspension,5mg,Sanofi Nigeria,Antidepressants/CNS,1,Prescription Only,Store in a cool dry place,18,B,V,783.77,1162.57,235,752,154
DRG1093,LamivudineExtra 250mg Suspension,Lamivudine/Tenofovir/Dolutegravir,LamivudineExtra,Prescription Antimicrobials,Suspension,250mg,Drugfield Pharmaceuticals,Antivirals,5,Prescription Only,Protect from light,12,A,E,98.78,119.5,446,1866,180
DRG1094,Paracetamol 500mg Injection,Paracetamol,Paracetamol,OTC Pain Relief,Injection,500mg,GlaxoSmithKline Nigeria,Analgesics,5,Prescription Only,Store in a cool dry place,18,B,E,99.16,142.43,227,1093,137
DRG1095,IbuprofenGold 100mg/5ml Ointment,Ibuprofen,IbuprofenGold,OTC Pain Relief,Ointment,100mg/5ml,Emzor Pharmaceuticals,Analgesics,24,OTC,Refrigerate 2-8°C,18,A,V,154.84,197.94,406,1367,164
DRG1096,AlbendazoleExtra 10mg Capsule,Albendazole,AlbendazoleExtra,OTC/Prescription Antiparasitic,Capsule,10mg,Drugfield Pharmaceuticals,Antiparasitics,20,Controlled,Refrigerate 2-8°C,24,A,V,151.24,234.73,55,182,33
DRG1097,QuinineForte 500mg Cream,Quinine,QuinineForte,OTC/Prescription Antimalarial,Cream,500mg,Ranbaxy Nigeria,Antimalarials,10,Prescription Only,"Store below 30°C, away from moisture",36,A,E,198.4,270.41,390,1532,230
DRG1098,CombinedExtra 100mg/5ml Sachet/Powder,Combined Oral Contraceptive Pill,CombinedExtra,Family Planning,Sachet/Powder,100mg/5ml,Marbis Pharmaceuticals,Contraceptives,24,Prescription Only,Refrigerate 2-8°C,48,C,V,149.59,246.43,356,1108,158
DRG1099,LamivudineMax 20mg/ml Eye Drops,Lamivudine/Tenofovir/Dolutegravir,LamivudineMax,Prescription Antimicrobials,Eye Drops,20mg/ml,GlaxoSmithKline Nigeria,Antivirals,60,Controlled,Store below 25°C,12,A,V,79.1,94.62,85,350,53
DRG1100,GlibenclamideExtra 5mg/ml Ointment,Glibenclamide,GlibenclamideExtra,Chronic Disease Management,Ointment,5mg/ml,Ranbaxy Nigeria,Antidiabetics,1,Prescription Only,Store below 25°C,48,C,E,215.3,331.6,376,1722,158
DRG1101,Whitfield'sForte 5mg Cream,Whitfield's Ointment,Whitfield'sForte,OTC Skincare,Cream,5mg,Swiss Pharma Nigeria,Dermatologicals,24,Prescription Only,Refrigerate 2-8°C,24,A,N,48.7,72.41,405,1477,262
DRG1102,Promethazine DS 0.5% Inhaler,Promethazine Injection,Promethazine DS,OTC Gastro,Inhaler,0.50%,Drugfield Pharmaceuticals,Antiemetics,60,OTC,"Store below 30°C, away from moisture",36,C,E,84.92,130.25,330,1385,157
DRG1103,Benzyl 2.5mg Eye Drops,Benzyl Benzoate,Benzyl,OTC Skincare,Eye Drops,2.5mg,Codix Pharma,Dermatologicals,5,Prescription Only,Store in a cool dry place,12,A,E,290.8,379.13,444,1833,269
DRG1104,Clopidogrel 0.5% Inhaler,Clopidogrel,Clopidogrel,Chronic Disease Management,Inhaler,0.50%,Cipla Nigeria,Anticoagulants,30,Prescription Only,"Store below 30°C, away from moisture",24,C,E,45.64,63.71,349,906,236
DRG1105,Ibuprofen-D 5mg/ml Suppository,Ibuprofen,Ibuprofen-D,OTC Pain Relief,Suppository,5mg/ml,Emzor Pharmaceuticals,Analgesics,24,Controlled,Store below 25°C,24,C,E,57.73,89.38,63,186,31
DRG1106,Dextromethorphan Junior 2.5mg Syrup,Dextromethorphan,Dextromethorphan Junior,OTC Respiratory,Syrup,2.5mg,Pharma-Deko Plc,Respiratory/Antitussives,100,OTC,"Store below 30°C, away from moisture",12,A,V,136.88,173.33,286,1353,157
DRG1107,MetforminExtra 1% Ointment,Metformin,MetforminExtra,Chronic Disease Management,Ointment,1%,Sanofi Nigeria,Antidiabetics,10,Prescription Only,Store in a cool dry place,24,C,N,110.96,140.14,334,1618,180
DRG1108,CiprofloxacinForte 50mg Eye Drops,Ciprofloxacin,CiprofloxacinForte,Prescription Antimicrobials,Eye Drops,50mg,Novartis Nigeria,Antibiotics,24,OTC,Refrigerate 2-8°C,18,C,V,52.76,75.21,379,1686,169
DRG1109,ArtesunatePlus 100mg/5ml Inhaler,Artesunate,ArtesunatePlus,OTC/Prescription Antimalarial,Inhaler,100mg/5ml,May & Baker Nigeria,Antimalarials,24,Prescription Only,Store in a cool dry place,60,B,E,66.01,93.19,99,475,57
DRG1110,Insulin DS 5mg/ml Cream,Insulin Glargine,Insulin DS,Chronic Disease Management,Cream,5mg/ml,Drugfield Pharmaceuticals,Antidiabetics,10,OTC,"Store below 30°C, away from moisture",12,C,N,46.76,60.37,310,1012,193
DRG1111,MetronidazoleExtra 100mg/5ml Tablet,Metronidazole,MetronidazoleExtra,Prescription Antimicrobials,Tablet,100mg/5ml,SKG Pharma,Antibiotics,100,Prescription Only,Store in a cool dry place,48,C,E,175.54,228.03,159,495,107
DRG1112,GriseofulvinGold 5mg Ointment,Griseofulvin,GriseofulvinGold,Prescription Antimicrobials,Ointment,5mg,Sanofi Nigeria,Antifungals,50,Controlled,Protect from light,36,B,N,72.27,93.15,246,851,161
DRG1113,GlibenclamidePlus 100mg/5ml Suspension,Glibenclamide,GlibenclamidePlus,Chronic Disease Management,Suspension,100mg/5ml,Sun Pharmaceuticals Nigeria,Antidiabetics,24,Prescription Only,Protect from light,48,B,E,357.72,549.37,427,1126,236
DRG1114,Sulphadoxine-D 20mg/ml Sachet/Powder,Sulphadoxine/Pyrimethamine,Sulphadoxine-D,OTC/Prescription Antimalarial,Sachet/Powder,20mg/ml,Drugfield Pharmaceuticals,Antimalarials,100,Prescription Only,"Store below 30°C, away from moisture",12,C,N,89.21,131.67,301,1361,185
DRG1115,GuaifenesinMax 500mg Capsule,Guaifenesin,GuaifenesinMax,OTC Respiratory,Capsule,500mg,Juhel Nigeria Limited,Respiratory/Antitussives,20,OTC,Refrigerate 2-8°C,12,C,N,73.83,115.63,137,679,87
DRG1116,Folic 500mg Capsule,Folic Acid,Folic,Wellness/Supplements,Capsule,500mg,Neimeth International,Vitamins & Supplements,30,Prescription Only,Refrigerate 2-8°C,18,C,N,69.77,114.26,362,1650,198
DRG1117,DiazepamPlus 20mg Suspension,Diazepam,DiazepamPlus,Prescription CNS,Suspension,20mg,Pfizer Nigeria,Antidepressants/CNS,20,Controlled,Protect from light,12,C,N,72.77,100.94,75,291,32
DRG1118,AspirinPlus 500mg Cream,Aspirin (Low Dose),AspirinPlus,Chronic Disease Management,Cream,500mg,Fidson Healthcare,Anticoagulants,50,OTC,Refrigerate 2-8°C,24,B,N,91,107.68,311,1007,165
DRG1119,Mebendazole DS 5mg Cream,Mebendazole,Mebendazole DS,OTC/Prescription Antiparasitic,Cream,5mg,Ranbaxy Nigeria,Antiparasitics,20,OTC,Protect from light,12,C,N,703.45,825.88,193,577,125
DRG1120,Levonorgestrel DS 50mg Eye Drops,Levonorgestrel,Levonorgestrel DS,Family Planning,Eye Drops,50mg,Emzor Pharmaceuticals,Contraceptives,10,OTC,"Store below 30°C, away from moisture",60,A,E,68.91,89.43,109,371,63
DRG1121,NaproxenForte 10mg Suspension,Naproxen,NaproxenForte,OTC Pain Relief,Suspension,10mg,Pfizer Nigeria,NSAIDs,24,Prescription Only,"Store below 30°C, away from moisture",48,B,V,70.19,113.45,405,1687,250
DRG1122,Medroxyprogesterone 5mg/ml Cream,Medroxyprogesterone,Medroxyprogesterone,Family Planning,Cream,5mg/ml,Marbis Pharmaceuticals,Contraceptives,24,OTC,Refrigerate 2-8°C,48,C,E,88.3,124.64,317,1146,144
DRG1123,Hydrocortisone DS 10mg Suspension,Hydrocortisone Cream,Hydrocortisone DS,OTC Skincare,Suspension,10mg,Sanofi Nigeria,Dermatologicals,20,Controlled,Protect from light,60,C,N,192.43,247.44,124,599,85
DRG1124,MetoclopramideExtra 2.5mg Injection,Metoclopramide,MetoclopramideExtra,OTC Gastro,Injection,2.5mg,Emzor Pharmaceuticals,Antiemetics,20,OTC,Store in a cool dry place,24,A,N,43.18,58.28,52,241,27
DRG1125,ChlorpheniramineForte 50mg Injection,Chlorpheniramine,ChlorpheniramineForte,OTC Allergy,Injection,50mg,Neimeth International,Antihistamines,60,OTC,Store below 25°C,18,C,N,116.06,168.21,112,308,66
DRG1126,DiclofenacMax 20mg/ml Eye Drops,Diclofenac Gel,DiclofenacMax,OTC Pain Relief,Eye Drops,20mg/ml,Drugfield Pharmaceuticals,NSAIDs,24,Controlled,Protect from light,36,B,N,54.11,79.89,285,806,115
DRG1127,Erythromycin DS 50mg Ointment,Erythromycin,Erythromycin DS,Prescription Antimicrobials,Ointment,50mg,Pharma-Deko Plc,Antibiotics,24,OTC,Protect from light,48,B,V,124.94,153.3,497,2082,217
DRG1128,Digoxin DS 5mg/ml Suppository,Digoxin,Digoxin DS,Chronic Disease Management,Suppository,5mg/ml,May & Baker Nigeria,Cardiovascular,50,Prescription Only,Store below 25°C,48,C,V,63.32,103.75,495,1523,314
DRG1129,Azithromycin 5mg Tablet,Azithromycin,Azithromycin,Prescription Antimicrobials,Tablet,5mg,Sanofi Nigeria,Antibiotics,20,OTC,"Store below 30°C, away from moisture",48,B,E,35.45,50.42,278,1244,191
DRG1130,Albendazole DS 20mg/ml Eye Drops,Albendazole,Albendazole DS,OTC/Prescription Antiparasitic,Eye Drops,20mg/ml,Chi Pharmaceuticals,Antiparasitics,20,OTC,Store in a cool dry place,60,A,V,109.01,132.76,439,1746,217
DRG1131,CarbamazepineForte 1% Syrup,Carbamazepine,CarbamazepineForte,Prescription CNS,Syrup,1%,GlaxoSmithKline Nigeria,Antidepressants/CNS,20,Prescription Only,Store in a cool dry place,36,A,E,108.35,173.02,324,996,133
DRG1132,EsomeprazoleForte 1g Cream,Esomeprazole,EsomeprazoleForte,OTC Gastro,Cream,1g,Ranbaxy Nigeria,Antacids/Antiulcerants,1,OTC,Store in a cool dry place,12,C,N,60.6,71.95,67,247,34
DRG1133,Clotrimazole 5mg/ml Syrup,Clotrimazole,Clotrimazole,Prescription Antimicrobials,Syrup,5mg/ml,Fidson Healthcare,Antifungals,24,Prescription Only,Refrigerate 2-8°C,48,A,N,58.84,94.37,129,453,52
DRG1134,Doxycycline-D 5mg/ml Ointment,Doxycycline,Doxycycline-D,Prescription Antimicrobials,Ointment,5mg/ml,Fidson Healthcare,Antibiotics,30,OTC,Store below 25°C,60,B,E,44.71,73.69,264,1236,120
DRG1135,Whitfield'sExtra 5mg Capsule,Whitfield's Ointment,Whitfield'sExtra,OTC Skincare,Capsule,5mg,Bond Chemical Industries,Dermatologicals,20,OTC,Store below 25°C,24,C,V,148.29,222.47,220,567,137
DRG1136,MefenamicGold 20mg Sachet/Powder,Mefenamic Acid,MefenamicGold,OTC Pain Relief,Sachet/Powder,20mg,SKG Pharma,NSAIDs,24,Prescription Only,Store below 25°C,36,B,E,161.92,248.58,378,1791,257
DRG1137,DigoxinGold 100mg/5ml Cream,Digoxin,DigoxinGold,Chronic Disease Management,Cream,100mg/5ml,Neimeth International,Cardiovascular,1,OTC,"Store below 30°C, away from moisture",60,A,E,52.67,69.45,304,1255,129
DRG1138,Whitfield's DS 2.5mg Tablet,Whitfield's Ointment,Whitfield's DS,OTC Skincare,Tablet,2.5mg,Sanofi Nigeria,Dermatologicals,30,OTC,Protect from light,48,C,E,61.82,100.2,436,1893,247
DRG1139,Insulin-D 5mg Tablet,Insulin Glargine,Insulin-D,Chronic Disease Management,Tablet,5mg,Novartis Nigeria,Antidiabetics,1,Controlled,Store in a cool dry place,24,B,V,81.25,114.96,175,438,83
DRG1140,Nifedipine 5mg/ml Tablet,Nifedipine,Nifedipine,Chronic Disease Management,Tablet,5mg/ml,Bond Chemical Industries,Antihypertensives,24,Prescription Only,Protect from light,12,C,E,558.93,847.45,304,1237,134
DRG1141,AzithromycinGold 1% Ointment,Azithromycin,AzithromycinGold,Prescription Antimicrobials,Ointment,1%,Reckitt Benckiser Nigeria,Antibiotics,5,Prescription Only,Protect from light,36,A,E,124.17,200.17,121,480,56
DRG1142,MagnesiumGold 50mg Sachet/Powder,Magnesium Trisilicate,MagnesiumGold,OTC Gastro,Sachet/Powder,50mg,Juhel Nigeria Limited,Antacids/Antiulcerants,10,OTC,Refrigerate 2-8°C,12,B,N,51.25,83.93,87,334,49
DRG1143,LamivudineForte 20mg/ml Eye Drops,Lamivudine/Tenofovir/Dolutegravir,LamivudineForte,Prescription Antimicrobials,Eye Drops,20mg/ml,SKG Pharma,Antivirals,1,OTC,Refrigerate 2-8°C,24,B,V,103.98,162.9,373,1665,156
DRG1144,Carbamazepine-D 5mg Capsule,Carbamazepine,Carbamazepine-D,Prescription CNS,Capsule,5mg,SKG Pharma,Antidepressants/CNS,1,OTC,"Store below 30°C, away from moisture",48,B,V,43.78,56.98,253,984,134
DRG1145,Chloramphenicol DS 20mg Ointment,Chloramphenicol Eye Drops,Chloramphenicol DS,OTC Eye Care,Ointment,20mg,Codix Pharma,Ophthalmics,100,Prescription Only,Protect from light,12,C,V,141.94,231.83,221,1026,97
DRG1146,ArtemetherPlus 100mg/5ml Inhaler,Artemether/Lumefantrine,ArtemetherPlus,OTC/Prescription Antimalarial,Inhaler,100mg/5ml,May & Baker Nigeria,Antimalarials,20,OTC,Protect from light,48,B,E,321.65,470.91,272,838,131
DRG1147,NifedipinePlus 20mg Sachet/Powder,Nifedipine,NifedipinePlus,Chronic Disease Management,Sachet/Powder,20mg,SKG Pharma,Antihypertensives,100,OTC,Store in a cool dry place,48,B,E,322.89,521.57,266,1200,121
DRG1148,Albendazole Junior 1g Capsule,Albendazole,Albendazole Junior,OTC/Prescription Antiparasitic,Capsule,1g,Juhel Nigeria Limited,Antiparasitics,1,OTC,Store in a cool dry place,12,C,N,143.85,214.06,294,866,195
DRG1149,DextromethorphanMax 20mg/ml Injection,Dextromethorphan,DextromethorphanMax,OTC Respiratory,Injection,20mg/ml,SKG Pharma,Respiratory/Antitussives,50,OTC,Store in a cool dry place,60,C,E,60.47,78.83,385,1745,235
DRG1150,VitaminPlus 250mg Tablet,Vitamin C,VitaminPlus,Wellness/Supplements,Tablet,250mg,Cipla Nigeria,Vitamins & Supplements,24,Prescription Only,Protect from light,60,B,E,44.87,59.9,240,1164,158
DRG1151,GentamicinExtra 100mg/5ml Inhaler,Gentamicin Eye Drops,GentamicinExtra,OTC Eye Care,Inhaler,100mg/5ml,Ranbaxy Nigeria,Ophthalmics,30,Prescription Only,Store in a cool dry place,18,A,E,43.46,61.94,347,1158,178
DRG1152,TetracyclinePlus 100mg/5ml Inhaler,Tetracycline Eye Ointment,TetracyclinePlus,OTC Eye Care,Inhaler,100mg/5ml,Sun Pharmaceuticals Nigeria,Ophthalmics,24,Controlled,Store in a cool dry place,60,A,E,33.3,51.45,369,1411,182
DRG1153,Promethazine 100mg/5ml Syrup,Promethazine,Promethazine,OTC Allergy,Syrup,100mg/5ml,Ranbaxy Nigeria,Antihistamines,30,OTC,"Store below 30°C, away from moisture",48,A,V,139.27,182.3,231,957,118
DRG1154,AtenololMax 5mg Suppository,Atenolol,AtenololMax,Chronic Disease Management,Suppository,5mg,Sun Pharmaceuticals Nigeria,Antihypertensives,60,OTC,Store below 25°C,12,A,E,79.26,114.12,383,1033,155
DRG1155,HydrocortisoneExtra 50mg Tablet,Hydrocortisone Cream,HydrocortisoneExtra,OTC Skincare,Tablet,50mg,Pfizer Nigeria,Dermatologicals,5,Controlled,Store below 25°C,48,C,N,165.53,218.97,432,1613,266
DRG1156,AlbendazoleExtra 20mg/ml Eye Drops,Albendazole,AlbendazoleExtra,OTC/Prescription Antiparasitic,Eye Drops,20mg/ml,Reckitt Benckiser Nigeria,Antiparasitics,60,OTC,"Store below 30°C, away from moisture",24,C,N,257.7,401.47,254,863,128
DRG1157,Ranitidine DS 20mg/ml Injection,Ranitidine,Ranitidine DS,OTC Gastro,Injection,20mg/ml,Reckitt Benckiser Nigeria,Antacids/Antiulcerants,10,OTC,"Store below 30°C, away from moisture",60,B,N,90.33,124.96,410,1919,202
DRG1158,TramadolForte 50mg Eye Drops,Tramadol,TramadolForte,OTC Pain Relief,Eye Drops,50mg,GlaxoSmithKline Nigeria,Analgesics,20,OTC,Refrigerate 2-8°C,24,B,V,93.18,110.73,248,1163,143
DRG1159,Cetirizine Junior 10mg Cream,Cetirizine,Cetirizine Junior,OTC Allergy,Cream,10mg,May & Baker Nigeria,Antihistamines,100,OTC,Store below 25°C,36,A,V,64.32,79.31,381,1619,202
DRG1160,SulphadoxineForte 20mg/ml Suspension,Sulphadoxine/Pyrimethamine,SulphadoxineForte,OTC/Prescription Antimalarial,Suspension,20mg/ml,Pfizer Nigeria,Antimalarials,100,OTC,Refrigerate 2-8°C,60,B,N,68.63,81.02,214,885,148
DRG1161,PiroxicamMax 5mg Tablet,Piroxicam,PiroxicamMax,OTC Pain Relief,Tablet,5mg,Neimeth International,NSAIDs,10,OTC,Refrigerate 2-8°C,24,A,V,143.12,200.32,291,1261,147
DRG1162,Ondansetron 5mg Tablet,Ondansetron,Ondansetron,OTC Gastro,Tablet,5mg,Marbis Pharmaceuticals,Antiemetics,5,Prescription Only,Store below 25°C,18,C,V,75.86,91.27,437,1492,255
DRG1163,ChloramphenicolPlus 2.5mg Suppository,Chloramphenicol Eye Drops,ChloramphenicolPlus,OTC Eye Care,Suppository,2.5mg,Codix Pharma,Ophthalmics,24,OTC,Refrigerate 2-8°C,12,C,V,69.69,84.12,179,628,88
DRG1164,OmeprazoleExtra 500mg Suspension,Omeprazole,OmeprazoleExtra,OTC Gastro,Suspension,500mg,Ranbaxy Nigeria,Antacids/Antiulcerants,24,OTC,Store in a cool dry place,18,C,E,83.61,135.49,276,1072,192
DRG1165,Amodiaquine 20mg Sachet/Powder,Amodiaquine,Amodiaquine,OTC/Prescription Antimalarial,Sachet/Powder,20mg,Sanofi Nigeria,Antimalarials,1,Prescription Only,Store in a cool dry place,36,C,V,162.47,257.73,171,828,91
DRG1166,CombinedMax 10mg Syrup,Combined Oral Contraceptive Pill,CombinedMax,Family Planning,Syrup,10mg,Juhel Nigeria Limited,Contraceptives,50,Controlled,Store below 25°C,48,B,E,57.31,78.86,93,400,54
DRG1167,AspirinGold 100mg/5ml Eye Drops,Aspirin (Low Dose),AspirinGold,Chronic Disease Management,Eye Drops,100mg/5ml,Neimeth International,Anticoagulants,1,OTC,Refrigerate 2-8°C,24,C,E,81.08,133.21,245,949,107
DRG1168,Chloramphenicol DS 10mg Ointment,Chloramphenicol Eye Drops,Chloramphenicol DS,OTC Eye Care,Ointment,10mg,Marbis Pharmaceuticals,Ophthalmics,60,OTC,Store below 25°C,36,A,N,99.78,114.76,407,1801,252
DRG1169,CetirizineMax 100mg/5ml Inhaler,Cetirizine,CetirizineMax,OTC Allergy,Inhaler,100mg/5ml,SKG Pharma,Antihistamines,50,Prescription Only,Protect from light,24,B,V,204.2,297.52,253,867,121
DRG1170,AlbendazoleExtra 100mg/5ml Cream,Albendazole,AlbendazoleExtra,OTC/Prescription Antiparasitic,Cream,100mg/5ml,GlaxoSmithKline Nigeria,Antiparasitics,24,OTC,Store below 25°C,18,C,E,72.98,106.42,367,1587,196
DRG1171,Bromhexine-D 250mg Capsule,Bromhexine,Bromhexine-D,OTC Respiratory,Capsule,250mg,Swiss Pharma Nigeria,Respiratory/Antitussives,60,Prescription Only,Refrigerate 2-8°C,18,A,E,56.63,78.08,306,1079,203
DRG1172,Diclofenac 100mg/5ml Capsule,Diclofenac Gel,Diclofenac,OTC Pain Relief,Capsule,100mg/5ml,Chi Pharmaceuticals,NSAIDs,50,Prescription Only,Protect from light,18,C,E,63.64,85.82,66,211,45
DRG1173,AtenololForte 20mg/ml Inhaler,Atenolol,AtenololForte,Chronic Disease Management,Inhaler,20mg/ml,Bond Chemical Industries,Antihypertensives,100,Prescription Only,Store in a cool dry place,24,B,E,186.5,256.94,321,1291,169
DRG1174,SimvastatinPlus 5mg/ml Eye Drops,Simvastatin,SimvastatinPlus,Chronic Disease Management,Eye Drops,5mg/ml,Juhel Nigeria Limited,Cardiovascular,10,Controlled,Store in a cool dry place,12,C,N,447.09,606.92,58,244,37
DRG1175,Nifedipine-D 100mg/5ml Inhaler,Nifedipine,Nifedipine-D,Chronic Disease Management,Inhaler,100mg/5ml,Neimeth International,Antihypertensives,30,Prescription Only,Refrigerate 2-8°C,12,C,V,44.68,67.7,298,1087,123
DRG1176,WarfarinMax 100mg/5ml Syrup,Warfarin,WarfarinMax,Chronic Disease Management,Syrup,100mg/5ml,Bioraj Pharmaceuticals,Anticoagulants,10,Prescription Only,Protect from light,12,C,N,48.26,58.77,486,1902,317
DRG1177,Atorvastatin Junior 0.5% Capsule,Atorvastatin,Atorvastatin Junior,Chronic Disease Management,Capsule,0.50%,May & Baker Nigeria,Cardiovascular,100,Prescription Only,Refrigerate 2-8°C,24,C,E,76.12,95.06,250,1058,147
DRG1178,Guaifenesin 5mg/ml Cream,Guaifenesin,Guaifenesin,OTC Respiratory,Cream,5mg/ml,May & Baker Nigeria,Respiratory/Antitussives,10,OTC,Store in a cool dry place,36,B,V,91.01,112.88,108,477,59
DRG1179,LosartanForte 10mg Tablet,Losartan,LosartanForte,Chronic Disease Management,Tablet,10mg,Marbis Pharmaceuticals,Antihypertensives,10,Prescription Only,"Store below 30°C, away from moisture",12,C,N,149.94,192.11,424,2009,282
DRG1180,FurosemideExtra 10mg Capsule,Furosemide,FurosemideExtra,Chronic Disease Management,Capsule,10mg,Chi Pharmaceuticals,Cardiovascular,60,Prescription Only,Protect from light,12,C,E,52.4,74.02,442,1496,288
DRG1181,AmpicloxForte 20mg Tablet,Ampiclox,AmpicloxForte,Prescription Antimicrobials,Tablet,20mg,Fidson Healthcare,Antibiotics,20,OTC,Protect from light,36,C,V,48.86,58.91,189,922,92
DRG1182,Ketoconazole Junior 5mg Capsule,Ketoconazole,Ketoconazole Junior,Prescription Antimicrobials,Capsule,5mg,Swiss Pharma Nigeria,Antifungals,60,Prescription Only,Protect from light,36,C,V,92.68,146.81,168,687,107
DRG1183,Naproxen 50mg Suspension,Naproxen,Naproxen,OTC Pain Relief,Suspension,50mg,SKG Pharma,NSAIDs,1,Prescription Only,Refrigerate 2-8°C,24,C,V,72.17,93.73,90,402,38
DRG1184,MetoclopramideMax 1% Injection,Metoclopramide,MetoclopramideMax,OTC Gastro,Injection,1%,May & Baker Nigeria,Antiemetics,20,OTC,"Store below 30°C, away from moisture",60,C,E,167.93,206.77,448,1903,289
DRG1185,Omeprazole Junior 10mg Tablet,Omeprazole,Omeprazole Junior,OTC Gastro,Tablet,10mg,May & Baker Nigeria,Antacids/Antiulcerants,10,Prescription Only,Store in a cool dry place,36,C,V,118.89,176.89,371,1118,223
DRG1186,Esomeprazole-D 50mg Suspension,Esomeprazole,Esomeprazole-D,OTC Gastro,Suspension,50mg,GlaxoSmithKline Nigeria,Antacids/Antiulcerants,5,Prescription Only,Refrigerate 2-8°C,24,C,V,125.14,146.29,380,1017,162
DRG1187,PiroxicamForte 10mg Syrup,Piroxicam,PiroxicamForte,OTC Pain Relief,Syrup,10mg,SKG Pharma,NSAIDs,60,OTC,Store in a cool dry place,48,C,V,79.18,115.6,316,1363,191
DRG1188,LevonorgestrelGold 20mg Capsule,Levonorgestrel,LevonorgestrelGold,Family Planning,Capsule,20mg,Sun Pharmaceuticals Nigeria,Contraceptives,100,OTC,Refrigerate 2-8°C,48,A,N,605.7,908,57,215,32
DRG1189,LisinoprilForte 10mg Capsule,Lisinopril,LisinoprilForte,Chronic Disease Management,Capsule,10mg,Bioraj Pharmaceuticals,Antihypertensives,10,Prescription Only,"Store below 30°C, away from moisture",24,B,N,53.62,67.42,232,987,134
DRG1190,Diclofenac 1g Eye Drops,Diclofenac,Diclofenac,OTC Pain Relief,Eye Drops,1g,Novartis Nigeria,Analgesics,50,OTC,Protect from light,12,B,N,130.57,152.9,183,675,89
DRG1191,GuaifenesinExtra 2.5mg Ointment,Guaifenesin,GuaifenesinExtra,OTC Respiratory,Ointment,2.5mg,Juhel Nigeria Limited,Respiratory/Antitussives,100,Prescription Only,Store below 25°C,36,A,V,45.34,60.38,230,754,110
DRG1192,GriseofulvinPlus 100mg/5ml Sachet/Powder,Griseofulvin,GriseofulvinPlus,Prescription Antimicrobials,Sachet/Powder,100mg/5ml,GlaxoSmithKline Nigeria,Antifungals,100,OTC,"Store below 30°C, away from moisture",36,A,N,48.66,58.36,453,1455,284
DRG1193,Chlorpheniramine Junior 100mg/5ml Suppository,Chlorpheniramine,Chlorpheniramine Junior,OTC Allergy,Suppository,100mg/5ml,SKG Pharma,Antihistamines,20,Prescription Only,"Store below 30°C, away from moisture",12,C,E,59.74,72.18,472,2042,225
DRG1194,VitaminPlus 20mg Inhaler,Vitamin C,VitaminPlus,Wellness/Supplements,Inhaler,20mg,Fidson Healthcare,Vitamins & Supplements,30,OTC,Store below 25°C,24,A,N,308.47,393.96,404,1289,215
DRG1195,Vitamin DS 100mg/5ml Ointment,Vitamin B Complex,Vitamin DS,Wellness/Supplements,Ointment,100mg/5ml,Sanofi Nigeria,Vitamins & Supplements,20,OTC,Refrigerate 2-8°C,36,B,E,101.09,131.19,121,518,73
DRG1196,Ranitidine-D 20mg Sachet/Powder,Ranitidine,Ranitidine-D,OTC Gastro,Sachet/Powder,20mg,Juhel Nigeria Limited,Antacids/Antiulcerants,50,Prescription Only,Store below 25°C,18,C,E,60.25,85.25,162,560,68
DRG1197,Medroxyprogesterone Junior 1% Injection,Medroxyprogesterone,Medroxyprogesterone Junior,Family Planning,Injection,1%,Marbis Pharmaceuticals,Contraceptives,30,OTC,Store below 25°C,18,C,N,109.4,162.92,156,690,90
DRG1198,ChlorpheniramineExtra 20mg/ml Tablet,Chlorpheniramine,ChlorpheniramineExtra,OTC Allergy,Tablet,20mg/ml,Bioraj Pharmaceuticals,Antihistamines,1,OTC,Store below 25°C,18,C,V,86.55,125.18,339,968,195
DRG1199,FluconazolePlus 1g Inhaler,Fluconazole,FluconazolePlus,Prescription Antimicrobials,Inhaler,1g,Neimeth International,Antifungals,1,Prescription Only,Store in a cool dry place,18,C,E,63.38,77.59,362,1090,219
DRG1200,MetoclopramidePlus 20mg/ml Inhaler,Metoclopramide,MetoclopramidePlus,OTC Gastro,Inhaler,20mg/ml,Fidson Healthcare,Antiemetics,50,Prescription Only,Protect from light,48,C,N,43.51,53.78,166,699,84
DRG1201,LoratadineForte 0.5% Injection,Loratadine,LoratadineForte,OTC Allergy,Injection,0.50%,GlaxoSmithKline Nigeria,Antihistamines,60,OTC,Refrigerate 2-8°C,48,B,N,260.11,413.41,169,659,90
DRG1202,Clotrimazole-D 250mg Eye Drops,Clotrimazole,Clotrimazole-D,Prescription Antimicrobials,Eye Drops,250mg,Bond Chemical Industries,Antifungals,60,OTC,Refrigerate 2-8°C,48,C,N,97.34,139.12,196,589,97
DRG1203,GentamicinMax 2.5mg Sachet/Powder,Gentamicin Eye Drops,GentamicinMax,OTC Eye Care,Sachet/Powder,2.5mg,GlaxoSmithKline Nigeria,Ophthalmics,10,OTC,Store in a cool dry place,18,C,E,509.98,808.3,376,1788,241
DRG1204,InsulinPlus 50mg Suspension,Insulin Glargine,InsulinPlus,Chronic Disease Management,Suspension,50mg,Drugfield Pharmaceuticals,Antidiabetics,100,OTC,Store below 25°C,18,B,V,169.82,226.84,464,1480,203
DRG1205,Albendazole 2.5mg Eye Drops,Albendazole,Albendazole,OTC/Prescription Antiparasitic,Eye Drops,2.5mg,Bond Chemical Industries,Antiparasitics,24,OTC,Refrigerate 2-8°C,24,A,V,124.76,181.8,259,920,178
DRG1206,PraziquantelMax 250mg Suspension,Praziquantel,PraziquantelMax,OTC/Prescription Antiparasitic,Suspension,250mg,Bond Chemical Industries,Antiparasitics,5,Prescription Only,Protect from light,12,C,E,65.33,92.23,345,1036,203
DRG1207,Benzyl-D 500mg Injection,Benzyl Benzoate,Benzyl-D,OTC Skincare,Injection,500mg,Nemel Pharmaceuticals,Dermatologicals,10,OTC,"Store below 30°C, away from moisture",36,A,E,48.26,63.2,447,1551,297
DRG1208,Insulin 5mg Sachet/Powder,Insulin Glargine,Insulin,Chronic Disease Management,Sachet/Powder,5mg,Marbis Pharmaceuticals,Antidiabetics,50,OTC,Store below 25°C,24,C,V,73.92,102.38,152,566,80
DRG1209,DiclofenacGold 50mg Injection,Diclofenac,DiclofenacGold,OTC Pain Relief,Injection,50mg,Fidson Healthcare,Analgesics,20,OTC,Refrigerate 2-8°C,12,A,V,47.74,66.9,173,560,86
DRG1210,Whitfield'sPlus 20mg Tablet,Whitfield's Ointment,Whitfield'sPlus,OTC Skincare,Tablet,20mg,Novartis Nigeria,Dermatologicals,24,OTC,Refrigerate 2-8°C,48,C,E,134.6,168.3,294,1300,197
DRG1211,DiazepamMax 1% Syrup,Diazepam,DiazepamMax,Prescription CNS,Syrup,1%,May & Baker Nigeria,Antidepressants/CNS,30,OTC,Store below 25°C,24,C,N,309.4,404.54,428,1491,183
DRG1212,Vitamin-D 0.5% Suspension,Vitamin C,Vitamin-D,Wellness/Supplements,Suspension,0.50%,Drugfield Pharmaceuticals,Vitamins & Supplements,100,OTC,Store below 25°C,24,A,N,72.06,111.38,405,1751,176
DRG1213,OseltamivirExtra 100mg/5ml Inhaler,Oseltamivir,OseltamivirExtra,Prescription Antimicrobials,Inhaler,100mg/5ml,Pharma-Deko Plc,Antivirals,60,Prescription Only,"Store below 30°C, away from moisture",60,B,N,170.4,273.99,258,778,126
DRG1214,Magnesium DS 10mg Suppository,Magnesium Trisilicate,Magnesium DS,OTC Gastro,Suppository,10mg,Swiss Pharma Nigeria,Antacids/Antiulcerants,50,OTC,Refrigerate 2-8°C,48,C,N,57.41,76.35,470,1618,323
DRG1215,Piroxicam DS 5mg Capsule,Piroxicam,Piroxicam DS,OTC Pain Relief,Capsule,5mg,Sun Pharmaceuticals Nigeria,NSAIDs,5,OTC,Refrigerate 2-8°C,48,C,E,70.35,91.7,477,1202,281
DRG1216,Guaifenesin DS 100mg/5ml Eye Drops,Guaifenesin,Guaifenesin DS,OTC Respiratory,Eye Drops,100mg/5ml,Evans Medical Plc,Respiratory/Antitussives,100,OTC,Protect from light,12,C,N,54.17,67.58,442,1943,250
DRG1217,HydrocortisoneMax 50mg Suspension,Hydrocortisone Cream,HydrocortisoneMax,OTC Skincare,Suspension,50mg,Swiss Pharma Nigeria,Dermatologicals,5,OTC,Protect from light,48,B,E,36.47,54.31,363,1475,222
DRG1218,Aspirin DS 100mg/5ml Syrup,Aspirin (Low Dose),Aspirin DS,Chronic Disease Management,Syrup,100mg/5ml,Fidson Healthcare,Anticoagulants,10,OTC,Protect from light,36,C,N,82.64,108.39,453,2058,237
DRG1219,CiprofloxacinMax 500mg Sachet/Powder,Ciprofloxacin,CiprofloxacinMax,Prescription Antimicrobials,Sachet/Powder,500mg,Fidson Healthcare,Antibiotics,60,Prescription Only,Refrigerate 2-8°C,48,B,N,92.08,151.37,158,574,99
DRG1220,OndansetronPlus 1% Capsule,Ondansetron,OndansetronPlus,OTC Gastro,Capsule,1%,Ranbaxy Nigeria,Antiemetics,5,Prescription Only,Store below 25°C,60,B,N,188.52,247.5,426,1916,220
DRG1221,Ranitidine Junior 10mg Syrup,Ranitidine,Ranitidine Junior,OTC Gastro,Syrup,10mg,Codix Pharma,Antacids/Antiulcerants,24,OTC,Refrigerate 2-8°C,60,A,E,150.96,203.35,397,1635,257
DRG1222,DiclofenacGold 500mg Capsule,Diclofenac,DiclofenacGold,OTC Pain Relief,Capsule,500mg,Marbis Pharmaceuticals,Analgesics,10,OTC,Store below 25°C,48,C,V,152.6,221.52,99,248,47
DRG1223,LisinoprilForte 250mg Eye Drops,Lisinopril,LisinoprilForte,Chronic Disease Management,Eye Drops,250mg,Juhel Nigeria Limited,Antihypertensives,5,OTC,Store below 25°C,12,B,V,50.61,78.49,453,1419,218
DRG1224,LamivudineExtra 2.5mg Suspension,Lamivudine/Tenofovir/Dolutegravir,LamivudineExtra,Prescription Antimicrobials,Suspension,2.5mg,Drugfield Pharmaceuticals,Antivirals,50,Prescription Only,Store in a cool dry place,60,A,V,116.44,161.24,154,575,85
DRG1225,ChloramphenicolExtra 250mg Sachet/Powder,Chloramphenicol Eye Drops,ChloramphenicolExtra,OTC Eye Care,Sachet/Powder,250mg,Cipla Nigeria,Ophthalmics,24,OTC,"Store below 30°C, away from moisture",18,C,V,295.76,402.63,469,1897,248
DRG1226,Medroxyprogesterone 5mg/ml Suspension,Medroxyprogesterone,Medroxyprogesterone,Family Planning,Suspension,5mg/ml,Sanofi Nigeria,Contraceptives,1,OTC,Store below 25°C,48,C,V,109.83,180.98,422,1124,250
DRG1227,PromethazineMax 100mg/5ml Ointment,Promethazine Injection,PromethazineMax,OTC Gastro,Ointment,100mg/5ml,Novartis Nigeria,Antiemetics,20,OTC,Store in a cool dry place,18,B,E,369.88,427.3,76,323,38
DRG1228,AspirinForte 100mg/5ml Inhaler,Aspirin,AspirinForte,OTC Pain Relief,Inhaler,100mg/5ml,Bioraj Pharmaceuticals,Analgesics,10,Prescription Only,Store below 25°C,60,A,E,441.15,704.75,337,1300,158
DRG1229,Gentamicin-D 5mg/ml Syrup,Gentamicin Eye Drops,Gentamicin-D,OTC Eye Care,Syrup,5mg/ml,Fidson Healthcare,Ophthalmics,1,OTC,"Store below 30°C, away from moisture",24,B,N,71.74,87.85,306,1167,165
DRG1230,Medroxyprogesterone-D 100mg/5ml Suppository,Medroxyprogesterone,Medroxyprogesterone-D,Family Planning,Suppository,100mg/5ml,Juhel Nigeria Limited,Contraceptives,5,OTC,"Store below 30°C, away from moisture",24,B,V,57.2,88.26,322,1040,182
DRG1231,AspirinExtra 0.5% Injection,Aspirin (Low Dose),AspirinExtra,Chronic Disease Management,Injection,0.50%,Bioraj Pharmaceuticals,Anticoagulants,50,Controlled,Store below 25°C,60,C,E,55.5,80.97,186,741,82
DRG1232,PromethazineExtra 1% Inhaler,Promethazine Injection,PromethazineExtra,OTC Gastro,Inhaler,1%,Drugfield Pharmaceuticals,Antiemetics,5,Prescription Only,Protect from light,24,B,N,41.99,55.47,389,999,220
DRG1233,Insulin-D 50mg Inhaler,Insulin Glargine,Insulin-D,Chronic Disease Management,Inhaler,50mg,Nemel Pharmaceuticals,Antidiabetics,100,OTC,Store below 25°C,60,C,E,62.51,99.2,350,931,173
DRG1234,LoratadineForte 20mg/ml Eye Drops,Loratadine,LoratadineForte,OTC Allergy,Eye Drops,20mg/ml,GlaxoSmithKline Nigeria,Antihistamines,1,OTC,"Store below 30°C, away from moisture",60,C,N,212.67,245.94,371,1608,192
DRG1235,Vitamin DS 500mg Ointment,Vitamin C,Vitamin DS,Wellness/Supplements,Ointment,500mg,Neimeth International,Vitamins & Supplements,10,Prescription Only,Store below 25°C,12,B,V,36.03,45.52,81,267,39
DRG1236,SulphadoxinePlus 1g Syrup,Sulphadoxine/Pyrimethamine,SulphadoxinePlus,OTC/Prescription Antimalarial,Syrup,1g,Evans Medical Plc,Antimalarials,20,Prescription Only,Store in a cool dry place,18,C,V,49.35,70.74,94,316,63
DRG1237,ClopidogrelGold 5mg/ml Injection,Clopidogrel,ClopidogrelGold,Chronic Disease Management,Injection,5mg/ml,Juhel Nigeria Limited,Anticoagulants,1,Prescription Only,"Store below 30°C, away from moisture",18,B,E,78.08,103.52,314,948,189
DRG1238,PromethazineGold 50mg Capsule,Promethazine,PromethazineGold,OTC Allergy,Capsule,50mg,SKG Pharma,Antihistamines,10,Prescription Only,Store below 25°C,18,B,V,52.71,76.7,79,285,37
DRG1239,Metronidazole-D 50mg Ointment,Metronidazole,Metronidazole-D,Prescription Antimicrobials,Ointment,50mg,Emzor Pharmaceuticals,Antibiotics,5,Prescription Only,Refrigerate 2-8°C,18,B,E,62.22,72.3,133,349,78
DRG1240,CombinedGold 5mg/ml Inhaler,Combined Oral Contraceptive Pill,CombinedGold,Family Planning,Inhaler,5mg/ml,Juhel Nigeria Limited,Contraceptives,5,OTC,Protect from light,48,A,E,62.71,75.77,215,698,140
DRG1241,Metformin DS 100mg/5ml Sachet/Powder,Metformin,Metformin DS,Chronic Disease Management,Sachet/Powder,100mg/5ml,Bioraj Pharmaceuticals,Antidiabetics,20,Prescription Only,"Store below 30°C, away from moisture",48,A,E,72.2,87.62,365,1393,189
DRG1242,Acyclovir Junior 250mg Suspension,Acyclovir,Acyclovir Junior,Prescription Antimicrobials,Suspension,250mg,GlaxoSmithKline Nigeria,Antivirals,5,OTC,"Store below 30°C, away from moisture",24,B,V,56.33,70.11,50,183,32
DRG1243,Clotrimazole-D 5mg Capsule,Clotrimazole,Clotrimazole-D,Prescription Antimicrobials,Capsule,5mg,Sanofi Nigeria,Antifungals,50,OTC,Protect from light,18,C,E,54.26,74.86,298,1489,133
DRG1244,MedroxyprogesteroneMax 50mg Ointment,Medroxyprogesterone,MedroxyprogesteroneMax,Family Planning,Ointment,50mg,SKG Pharma,Contraceptives,10,Prescription Only,Store below 25°C,48,C,E,168.98,257.87,310,1076,200
DRG1245,PromethazinePlus 1g Tablet,Promethazine Injection,PromethazinePlus,OTC Gastro,Tablet,1g,Pfizer Nigeria,Antiemetics,100,OTC,Refrigerate 2-8°C,12,C,E,185.97,298.07,112,388,62
DRG1246,Glibenclamide-D 250mg Sachet/Powder,Glibenclamide,Glibenclamide-D,Chronic Disease Management,Sachet/Powder,250mg,Codix Pharma,Antidiabetics,30,OTC,Protect from light,48,A,V,43.73,68.55,213,800,99
DRG1247,Erythromycin DS 1% Inhaler,Erythromycin,Erythromycin DS,Prescription Antimicrobials,Inhaler,1%,May & Baker Nigeria,Antibiotics,20,Prescription Only,Store in a cool dry place,18,C,V,33.46,41.77,370,1101,193
DRG1248,FluconazolePlus 2.5mg Eye Drops,Fluconazole,FluconazolePlus,Prescription Antimicrobials,Eye Drops,2.5mg,GlaxoSmithKline Nigeria,Antifungals,30,Prescription Only,Store in a cool dry place,36,C,V,188.12,257.83,383,1796,266
DRG1249,AcyclovirPlus 0.5% Tablet,Acyclovir,AcyclovirPlus,Prescription Antimicrobials,Tablet,0.50%,Emzor Pharmaceuticals,Antivirals,30,Prescription Only,Store in a cool dry place,60,C,V,45.98,57.46,250,982,158
DRG1250,TramadolPlus 0.5% Ointment,Tramadol,TramadolPlus,OTC Pain Relief,Ointment,0.50%,Drugfield Pharmaceuticals,Analgesics,100,Prescription Only,Store in a cool dry place,60,C,N,97.54,125.07,271,807,155
DRG1251,Betamethasone Junior 50mg Capsule,Betamethasone Cream,Betamethasone Junior,OTC Skincare,Capsule,50mg,GlaxoSmithKline Nigeria,Dermatologicals,60,OTC,Refrigerate 2-8°C,36,C,V,41.41,58.05,201,901,87
DRG1252,AzithromycinForte 250mg Inhaler,Azithromycin,AzithromycinForte,Prescription Antimicrobials,Inhaler,250mg,Chi Pharmaceuticals,Antibiotics,30,OTC,Protect from light,48,B,N,229.89,272.2,181,468,95
DRG1253,AmoxicillinGold 500mg Tablet,Amoxicillin,AmoxicillinGold,Prescription Antimicrobials,Tablet,500mg,Reckitt Benckiser Nigeria,Antibiotics,10,OTC,"Store below 30°C, away from moisture",24,C,N,724.83,912.62,163,807,78
DRG1254,ErythromycinGold 5mg Injection,Erythromycin,ErythromycinGold,Prescription Antimicrobials,Injection,5mg,Evans Medical Plc,Antibiotics,100,OTC,Store below 25°C,60,B,V,95.55,154.57,266,1240,112
DRG1255,Artemether 5mg/ml Suspension,Artemether/Lumefantrine,Artemether,OTC/Prescription Antimalarial,Suspension,5mg/ml,Bond Chemical Industries,Antimalarials,60,Prescription Only,"Store below 30°C, away from moisture",36,C,E,79.69,110.22,245,967,137
DRG1256,LamivudineMax 10mg Sachet/Powder,Lamivudine/Tenofovir/Dolutegravir,LamivudineMax,Prescription Antimicrobials,Sachet/Powder,10mg,Codix Pharma,Antivirals,5,Prescription Only,Refrigerate 2-8°C,60,A,N,69.56,95.48,330,916,220
DRG1257,Amitriptyline-D 1% Ointment,Amitriptyline,Amitriptyline-D,Prescription CNS,Ointment,1%,Fidson Healthcare,Antidepressants/CNS,1,OTC,"Store below 30°C, away from moisture",18,A,N,149.32,172.81,251,762,151
DRG1258,Levonorgestrel 500mg Suspension,Levonorgestrel,Levonorgestrel,Family Planning,Suspension,500mg,Pharma-Deko Plc,Contraceptives,60,Prescription Only,"Store below 30°C, away from moisture",12,A,E,126.32,160.89,184,588,87
DRG1259,Zinc Junior 250mg Capsule,Zinc Sulphate,Zinc Junior,Wellness/Supplements,Capsule,250mg,Bioraj Pharmaceuticals,Vitamins & Supplements,1,Prescription Only,Refrigerate 2-8°C,24,C,N,178.93,283.27,283,878,161
DRG1260,AspirinForte 20mg Tablet,Aspirin (Low Dose),AspirinForte,Chronic Disease Management,Tablet,20mg,Pharma-Deko Plc,Anticoagulants,100,OTC,Store in a cool dry place,36,B,N,59.14,72.88,190,711,129
DRG1261,NaproxenGold 5mg Ointment,Naproxen,NaproxenGold,OTC Pain Relief,Ointment,5mg,Chi Pharmaceuticals,NSAIDs,100,Prescription Only,Refrigerate 2-8°C,12,B,E,106.72,144.88,245,1191,151
DRG1262,Fluoxetine-D 0.5% Injection,Fluoxetine,Fluoxetine-D,Prescription CNS,Injection,0.50%,Emzor Pharmaceuticals,Antidepressants/CNS,30,Prescription Only,Refrigerate 2-8°C,60,C,N,61.74,71.44,92,332,55
DRG1263,GentamicinPlus 2.5mg Capsule,Gentamicin Eye Drops,GentamicinPlus,OTC Eye Care,Capsule,2.5mg,Cipla Nigeria,Ophthalmics,100,Controlled,Refrigerate 2-8°C,48,C,E,48.96,68.01,106,440,73
DRG1264,Mefenamic 5mg Injection,Mefenamic Acid,Mefenamic,OTC Pain Relief,Injection,5mg,Nemel Pharmaceuticals,NSAIDs,100,OTC,"Store below 30°C, away from moisture",18,B,E,82.4,95.63,469,1979,300
DRG1265,AspirinMax 10mg Capsule,Aspirin,AspirinMax,OTC Pain Relief,Capsule,10mg,Novartis Nigeria,Analgesics,5,OTC,Protect from light,36,B,N,51.7,80.64,191,893,84
DRG1266,AmpicloxMax 20mg Sachet/Powder,Ampiclox,AmpicloxMax,Prescription Antimicrobials,Sachet/Powder,20mg,Evans Medical Plc,Antibiotics,10,OTC,Protect from light,60,C,N,206.57,322.75,259,669,130
DRG1267,Digoxin Junior 250mg Eye Drops,Digoxin,Digoxin Junior,Chronic Disease Management,Eye Drops,250mg,Neimeth International,Cardiovascular,1,OTC,Store below 25°C,24,C,E,53.06,81.92,121,424,83
DRG1268,OndansetronGold 250mg Ointment,Ondansetron,OndansetronGold,OTC Gastro,Ointment,250mg,Codix Pharma,Antiemetics,20,OTC,Protect from light,48,C,V,108.54,140.2,273,1218,149
DRG1269,AtorvastatinExtra 0.5% Injection,Atorvastatin,AtorvastatinExtra,Chronic Disease Management,Injection,0.50%,Bioraj Pharmaceuticals,Cardiovascular,50,OTC,Store in a cool dry place,18,C,E,59.86,93.9,76,344,32
DRG1270,ZincExtra 20mg/ml Inhaler,Zinc Sulphate,ZincExtra,Wellness/Supplements,Inhaler,20mg/ml,Neimeth International,Vitamins & Supplements,10,OTC,Store below 25°C,18,B,N,102.03,145.04,177,852,95
DRG1271,Combined-D 2.5mg Tablet,Combined Oral Contraceptive Pill,Combined-D,Family Planning,Tablet,2.5mg,Nemel Pharmaceuticals,Contraceptives,30,OTC,Refrigerate 2-8°C,24,C,E,62.33,83.33,155,659,94
DRG1272,AspirinPlus 10mg Inhaler,Aspirin,AspirinPlus,OTC Pain Relief,Inhaler,10mg,Codix Pharma,Analgesics,60,OTC,Protect from light,36,C,N,45.53,66.6,214,666,149
DRG1273,AtenololGold 1g Suspension,Atenolol,AtenololGold,Chronic Disease Management,Suspension,1g,May & Baker Nigeria,Antihypertensives,60,Prescription Only,Store in a cool dry place,12,C,N,118.57,137.09,264,993,131
DRG1274,Whitfield'sPlus 50mg Cream,Whitfield's Ointment,Whitfield'sPlus,OTC Skincare,Cream,50mg,Swiss Pharma Nigeria,Dermatologicals,60,OTC,Store in a cool dry place,60,A,E,73.15,89.35,120,309,66
DRG1275,GuaifenesinPlus 1g Syrup,Guaifenesin,GuaifenesinPlus,OTC Respiratory,Syrup,1g,Pharma-Deko Plc,Respiratory/Antitussives,10,OTC,"Store below 30°C, away from moisture",48,C,V,102.67,156.18,253,1041,167
DRG1276,ParacetamolGold 2.5mg Cream,Paracetamol,ParacetamolGold,OTC Pain Relief,Cream,2.5mg,Marbis Pharmaceuticals,Analgesics,5,Prescription Only,Refrigerate 2-8°C,18,C,E,65.56,83.4,202,784,102
DRG1277,AlbendazoleExtra 0.5% Ointment,Albendazole,AlbendazoleExtra,OTC/Prescription Antiparasitic,Ointment,0.50%,Novartis Nigeria,Antiparasitics,20,Controlled,"Store below 30°C, away from moisture",48,A,E,44.47,64.44,116,483,50
DRG1278,Medroxyprogesterone 2.5mg Ointment,Medroxyprogesterone,Medroxyprogesterone,Family Planning,Ointment,2.5mg,Pfizer Nigeria,Contraceptives,20,Prescription Only,Protect from light,12,C,E,191.29,256.82,139,670,95
DRG1279,Gentamicin 5mg/ml Suppository,Gentamicin Eye Drops,Gentamicin,OTC Eye Care,Suppository,5mg/ml,Novartis Nigeria,Ophthalmics,60,OTC,Protect from light,24,C,E,144.06,227.24,309,1303,168
DRG1280,Folic-D 5mg/ml Suspension,Folic Acid,Folic-D,Wellness/Supplements,Suspension,5mg/ml,Chi Pharmaceuticals,Vitamins & Supplements,60,Prescription Only,Store below 25°C,60,C,E,60.97,99.15,411,1356,226
DRG1281,Ferrous DS 500mg Cream,Ferrous Sulphate,Ferrous DS,Wellness/Supplements,Cream,500mg,Reckitt Benckiser Nigeria,Vitamins & Supplements,60,Prescription Only,Store below 25°C,24,C,E,88.54,140.94,277,830,162
DRG1282,Ondansetron Junior 10mg Ointment,Ondansetron,Ondansetron Junior,OTC Gastro,Ointment,10mg,Chi Pharmaceuticals,Antiemetics,24,Controlled,"Store below 30°C, away from moisture",36,C,E,184.78,237.5,128,593,51
DRG1283,ClopidogrelMax 1g Injection,Clopidogrel,ClopidogrelMax,Chronic Disease Management,Injection,1g,Swiss Pharma Nigeria,Anticoagulants,60,OTC,Store in a cool dry place,36,C,E,64.57,80.52,145,432,98
DRG1284,Levonorgestrel Junior 0.5% Sachet/Powder,Levonorgestrel,Levonorgestrel Junior,Family Planning,Sachet/Powder,0.50%,Nemel Pharmaceuticals,Contraceptives,30,Prescription Only,Store in a cool dry place,12,A,V,70.37,97.62,398,1155,202
DRG1285,CetirizineMax 1% Suppository,Cetirizine,CetirizineMax,OTC Allergy,Suppository,1%,Cipla Nigeria,Antihistamines,1,Prescription Only,"Store below 30°C, away from moisture",12,A,E,99.66,114.97,379,1143,196
DRG1286,HydrocortisoneExtra 5mg Capsule,Hydrocortisone Cream,HydrocortisoneExtra,OTC Skincare,Capsule,5mg,Sanofi Nigeria,Dermatologicals,5,Prescription Only,Store in a cool dry place,36,A,E,64.5,75.01,431,1625,194
DRG1287,Dextromethorphan 1% Suspension,Dextromethorphan,Dextromethorphan,OTC Respiratory,Suspension,1%,Sun Pharmaceuticals Nigeria,Respiratory/Antitussives,50,OTC,Refrigerate 2-8°C,48,C,E,158.65,226.34,295,829,151
DRG1288,TetracyclinePlus 1% Capsule,Tetracycline Eye Ointment,TetracyclinePlus,OTC Eye Care,Capsule,1%,GlaxoSmithKline Nigeria,Ophthalmics,60,Controlled,Store in a cool dry place,60,C,V,76.11,107.33,321,1555,205
DRG1289,Mefenamic Junior 1% Syrup,Mefenamic Acid,Mefenamic Junior,OTC Pain Relief,Syrup,1%,Pharma-Deko Plc,NSAIDs,24,Prescription Only,Protect from light,48,C,N,54.93,90.49,452,2221,289
DRG1290,Artesunate-D 20mg/ml Sachet/Powder,Artesunate,Artesunate-D,OTC/Prescription Antimalarial,Sachet/Powder,20mg/ml,Emzor Pharmaceuticals,Antimalarials,1,OTC,Store in a cool dry place,18,C,E,130.35,163.06,206,1016,140
DRG1291,MedroxyprogesteroneMax 10mg Capsule,Medroxyprogesterone,MedroxyprogesteroneMax,Family Planning,Capsule,10mg,Nemel Pharmaceuticals,Contraceptives,50,OTC,Store below 25°C,48,C,E,47.42,60.65,165,428,85
DRG1292,Medroxyprogesterone 20mg Ointment,Medroxyprogesterone,Medroxyprogesterone,Family Planning,Ointment,20mg,Nemel Pharmaceuticals,Contraceptives,60,OTC,"Store below 30°C, away from moisture",18,C,N,439.48,530.35,484,2354,296
DRG1293,Azithromycin 50mg Injection,Azithromycin,Azithromycin,Prescription Antimicrobials,Injection,50mg,Cipla Nigeria,Antibiotics,60,OTC,Refrigerate 2-8°C,18,B,E,295.73,475.76,67,334,36
DRG1294,Losartan Junior 10mg Eye Drops,Losartan,Losartan Junior,Chronic Disease Management,Eye Drops,10mg,Bond Chemical Industries,Antihypertensives,24,OTC,Refrigerate 2-8°C,48,C,E,121.24,186.58,491,2384,314
DRG1295,LisinoprilMax 500mg Syrup,Lisinopril,LisinoprilMax,Chronic Disease Management,Syrup,500mg,Novartis Nigeria,Antihypertensives,30,Prescription Only,Protect from light,18,B,N,113.88,177.79,221,923,135
DRG1296,Tramadol 0.5% Suppository,Tramadol,Tramadol,OTC Pain Relief,Suppository,0.50%,Fidson Healthcare,Analgesics,30,OTC,Store below 25°C,24,C,N,110.03,176.2,65,276,33
DRG1297,Magnesium DS 2.5mg Eye Drops,Magnesium Trisilicate,Magnesium DS,OTC Gastro,Eye Drops,2.5mg,Nemel Pharmaceuticals,Antacids/Antiulcerants,24,Prescription Only,Refrigerate 2-8°C,12,C,N,63.48,89.66,498,1397,249
DRG1298,Nifedipine Junior 500mg Injection,Nifedipine,Nifedipine Junior,Chronic Disease Management,Injection,500mg,Cipla Nigeria,Antihypertensives,24,Controlled,Store below 25°C,24,C,N,103.5,142.37,289,1354,137
DRG1299,ArtesunateForte 5mg Cream,Artesunate,ArtesunateForte,OTC/Prescription Antimalarial,Cream,5mg,Reckitt Benckiser Nigeria,Antimalarials,5,OTC,Store in a cool dry place,60,A,V,51.69,67.98,435,1152,249
DRG1300,Medroxyprogesterone-D 100mg/5ml Tablet,Medroxyprogesterone,Medroxyprogesterone-D,Family Planning,Tablet,100mg/5ml,May & Baker Nigeria,Contraceptives,20,Controlled,Protect from light,24,B,V,120.36,173.87,105,345,72
DRG1301,OmeprazolePlus 5mg Suspension,Omeprazole,OmeprazolePlus,OTC Gastro,Suspension,5mg,Pfizer Nigeria,Antacids/Antiulcerants,100,Prescription Only,"Store below 30°C, away from moisture",60,C,E,160.04,220.4,128,637,58
DRG1302,MagnesiumExtra 5mg Eye Drops,Magnesium Trisilicate,MagnesiumExtra,OTC Gastro,Eye Drops,5mg,Drugfield Pharmaceuticals,Antacids/Antiulcerants,1,OTC,"Store below 30°C, away from moisture",60,C,E,67.41,92.74,152,540,65
DRG1303,QuinineGold 100mg/5ml Tablet,Quinine,QuinineGold,OTC/Prescription Antimalarial,Tablet,100mg/5ml,Reckitt Benckiser Nigeria,Antimalarials,20,OTC,Protect from light,18,B,E,60.11,97.29,333,941,145
DRG1304,CetirizineMax 100mg/5ml Inhaler,Cetirizine,CetirizineMax,OTC Allergy,Inhaler,100mg/5ml,Cipla Nigeria,Antihistamines,30,Prescription Only,Store in a cool dry place,48,C,N,46.24,75.93,242,1191,153
DRG1305,ChlorpheniramineMax 5mg/ml Sachet/Powder,Chlorpheniramine,ChlorpheniramineMax,OTC Allergy,Sachet/Powder,5mg/ml,Chi Pharmaceuticals,Antihistamines,1,Prescription Only,Store in a cool dry place,48,B,E,264.62,409.7,54,267,27
DRG1306,GuaifenesinForte 500mg Suspension,Guaifenesin,GuaifenesinForte,OTC Respiratory,Suspension,500mg,Pharma-Deko Plc,Respiratory/Antitussives,50,OTC,Store in a cool dry place,24,C,E,62.6,95.68,155,459,72
DRG1307,ZincForte 5mg/ml Syrup,Zinc Sulphate,ZincForte,Wellness/Supplements,Syrup,5mg/ml,Cipla Nigeria,Vitamins & Supplements,60,Prescription Only,Refrigerate 2-8°C,60,C,N,74.76,111.41,327,1524,165
DRG1308,Mebendazole Junior 100mg/5ml Inhaler,Mebendazole,Mebendazole Junior,OTC/Prescription Antiparasitic,Inhaler,100mg/5ml,Drugfield Pharmaceuticals,Antiparasitics,30,OTC,Refrigerate 2-8°C,48,C,N,103.71,127.88,422,1466,250
DRG1309,Esomeprazole 20mg Cream,Esomeprazole,Esomeprazole,OTC Gastro,Cream,20mg,Fidson Healthcare,Antacids/Antiulcerants,60,OTC,Store in a cool dry place,36,C,E,102.4,120.79,149,514,84
DRG1310,IvermectinMax 1% Eye Drops,Ivermectin,IvermectinMax,OTC/Prescription Antiparasitic,Eye Drops,1%,Fidson Healthcare,Antiparasitics,30,OTC,Store below 25°C,24,C,N,145.19,217.11,287,905,178
DRG1311,MefenamicExtra 10mg Suppository,Mefenamic Acid,MefenamicExtra,OTC Pain Relief,Suppository,10mg,Chi Pharmaceuticals,NSAIDs,20,Controlled,Protect from light,48,C,N,67.36,102.01,318,830,159
DRG1312,Simvastatin 1% Tablet,Simvastatin,Simvastatin,Chronic Disease Management,Tablet,1%,Marbis Pharmaceuticals,Cardiovascular,10,Prescription Only,Store below 25°C,60,A,E,47.48,55.72,370,1172,198
DRG1313,DigoxinForte 250mg Sachet/Powder,Digoxin,DigoxinForte,Chronic Disease Management,Sachet/Powder,250mg,Codix Pharma,Cardiovascular,5,OTC,Protect from light,18,B,V,44.68,72.11,449,1182,193
DRG1314,PromethazineGold 0.5% Injection,Promethazine,PromethazineGold,OTC Allergy,Injection,0.50%,Sanofi Nigeria,Antihistamines,24,Prescription Only,Refrigerate 2-8°C,36,B,V,60.59,72.44,135,649,56
DRG1315,RanitidinePlus 0.5% Tablet,Ranitidine,RanitidinePlus,OTC Gastro,Tablet,0.50%,Emzor Pharmaceuticals,Antacids/Antiulcerants,5,OTC,Store in a cool dry place,36,C,E,51.08,66.04,369,1532,198
DRG1316,MetronidazoleMax 10mg Tablet,Metronidazole,MetronidazoleMax,Prescription Antimicrobials,Tablet,10mg,Pharma-Deko Plc,Antibiotics,30,OTC,Store below 25°C,36,B,E,70.3,104.48,81,382,39
DRG1317,MebendazoleMax 500mg Capsule,Mebendazole,MebendazoleMax,OTC/Prescription Antiparasitic,Capsule,500mg,Reckitt Benckiser Nigeria,Antiparasitics,20,Prescription Only,Store in a cool dry place,12,B,N,231.86,286.33,385,1652,224
DRG1318,TramadolExtra 1% Capsule,Tramadol,TramadolExtra,OTC Pain Relief,Capsule,1%,Marbis Pharmaceuticals,Analgesics,100,OTC,Protect from light,24,A,N,67.44,79.42,100,282,41
DRG1319,FurosemidePlus 20mg Injection,Furosemide,FurosemidePlus,Chronic Disease Management,Injection,20mg,SKG Pharma,Cardiovascular,1,OTC,Refrigerate 2-8°C,60,A,N,67.43,88.71,128,620,55
DRG1320,AspirinMax 500mg Ointment,Aspirin (Low Dose),AspirinMax,Chronic Disease Management,Ointment,500mg,Sun Pharmaceuticals Nigeria,Anticoagulants,30,Controlled,Protect from light,24,B,N,83.71,128.33,235,1116,154
DRG1321,Promethazine 10mg Suppository,Promethazine Injection,Promethazine,OTC Gastro,Suppository,10mg,Sanofi Nigeria,Antiemetics,100,OTC,Store in a cool dry place,60,C,N,66.39,90.08,223,751,127
DRG1322,IvermectinForte 10mg Eye Drops,Ivermectin,IvermectinForte,OTC/Prescription Antiparasitic,Eye Drops,10mg,Codix Pharma,Antiparasitics,10,OTC,"Store below 30°C, away from moisture",36,C,E,81.04,119.65,485,1347,297
DRG1323,GuaifenesinForte 20mg Sachet/Powder,Guaifenesin,GuaifenesinForte,OTC Respiratory,Sachet/Powder,20mg,Nemel Pharmaceuticals,Respiratory/Antitussives,60,OTC,Store below 25°C,12,C,V,123.77,178.21,155,660,101
DRG1324,Diazepam Junior 10mg Inhaler,Diazepam,Diazepam Junior,Prescription CNS,Inhaler,10mg,Juhel Nigeria Limited,Antidepressants/CNS,20,OTC,Protect from light,36,C,N,162.26,188.4,112,483,60
DRG1325,MedroxyprogesteroneGold 0.5% Tablet,Medroxyprogesterone,MedroxyprogesteroneGold,Family Planning,Tablet,0.50%,Nemel Pharmaceuticals,Contraceptives,1,OTC,Refrigerate 2-8°C,60,B,E,178.89,294.14,125,592,78
DRG1326,Simvastatin-D 50mg Inhaler,Simvastatin,Simvastatin-D,Chronic Disease Management,Inhaler,50mg,Fidson Healthcare,Cardiovascular,100,Prescription Only,Refrigerate 2-8°C,60,C,E,457.03,535.05,365,960,203
DRG1327,Esomeprazole Junior 20mg/ml Cream,Esomeprazole,Esomeprazole Junior,OTC Gastro,Cream,20mg/ml,Codix Pharma,Antacids/Antiulcerants,30,OTC,Store in a cool dry place,48,A,E,126.48,206.66,370,1056,172
DRG1328,Amitriptyline DS 100mg/5ml Capsule,Amitriptyline,Amitriptyline DS,Prescription CNS,Capsule,100mg/5ml,GlaxoSmithKline Nigeria,Antidepressants/CNS,24,Prescription Only,"Store below 30°C, away from moisture",48,B,N,540.03,769.51,422,1686,211
DRG1329,Lisinopril Junior 250mg Capsule,Lisinopril,Lisinopril Junior,Chronic Disease Management,Capsule,250mg,Juhel Nigeria Limited,Antihypertensives,100,OTC,Protect from light,36,C,E,55.12,89.93,130,526,71
DRG1330,GliclazidePlus 500mg Injection,Gliclazide,GliclazidePlus,Chronic Disease Management,Injection,500mg,Sun Pharmaceuticals Nigeria,Antidiabetics,100,Controlled,Refrigerate 2-8°C,48,A,N,471.99,569.87,410,1059,202
DRG1331,DigoxinExtra 20mg Syrup,Digoxin,DigoxinExtra,Chronic Disease Management,Syrup,20mg,Nemel Pharmaceuticals,Cardiovascular,5,Prescription Only,Protect from light,60,C,E,67.32,93.93,177,618,88
DRG1332,Bromhexine Junior 1g Suspension,Bromhexine,Bromhexine Junior,OTC Respiratory,Suspension,1g,Drugfield Pharmaceuticals,Respiratory/Antitussives,24,OTC,Store in a cool dry place,12,B,E,71.18,87.89,232,918,116
DRG1333,FurosemideExtra 500mg Eye Drops,Furosemide,FurosemideExtra,Chronic Disease Management,Eye Drops,500mg,Neimeth International,Cardiovascular,10,OTC,"Store below 30°C, away from moisture",18,C,V,78.43,92.19,292,1268,127
DRG1334,Atenolol-D 250mg Capsule,Atenolol,Atenolol-D,Chronic Disease Management,Capsule,250mg,Bioraj Pharmaceuticals,Antihypertensives,1,Prescription Only,Store below 25°C,24,B,N,73.88,107.77,234,769,99
DRG1335,DiazepamPlus 20mg Suspension,Diazepam,DiazepamPlus,Prescription CNS,Suspension,20mg,Evans Medical Plc,Antidepressants/CNS,50,Prescription Only,Store in a cool dry place,48,A,V,89.49,112.21,269,997,111
DRG1336,Lamivudine DS 2.5mg Injection,Lamivudine/Tenofovir/Dolutegravir,Lamivudine DS,Prescription Antimicrobials,Injection,2.5mg,Marbis Pharmaceuticals,Antivirals,5,Prescription Only,"Store below 30°C, away from moisture",12,C,N,60.57,87.45,120,544,51
DRG1337,WarfarinGold 5mg Injection,Warfarin,WarfarinGold,Chronic Disease Management,Injection,5mg,GlaxoSmithKline Nigeria,Anticoagulants,50,Prescription Only,"Store below 30°C, away from moisture",48,B,V,155.21,187.21,391,1909,196
DRG1338,Clopidogrel-D 0.5% Inhaler,Clopidogrel,Clopidogrel-D,Chronic Disease Management,Inhaler,0.50%,Sun Pharmaceuticals Nigeria,Anticoagulants,50,Controlled,Protect from light,60,B,E,61.41,80.82,203,624,117
DRG1339,MetoclopramidePlus 10mg Suspension,Metoclopramide,MetoclopramidePlus,OTC Gastro,Suspension,10mg,Neimeth International,Antiemetics,20,Controlled,Protect from light,18,A,E,135.17,208.27,294,920,134
DRG1340,GlibenclamidePlus 500mg Cream,Glibenclamide,GlibenclamidePlus,Chronic Disease Management,Cream,500mg,Drugfield Pharmaceuticals,Antidiabetics,10,OTC,Store in a cool dry place,36,C,E,281.57,385.34,189,916,125
DRG1341,Promethazine 10mg Capsule,Promethazine Injection,Promethazine,OTC Gastro,Capsule,10mg,Pharma-Deko Plc,Antiemetics,5,OTC,Store in a cool dry place,60,C,V,68.2,99.84,120,418,77
DRG1342,Promethazine 2.5mg Cream,Promethazine Injection,Promethazine,OTC Gastro,Cream,2.5mg,Pharma-Deko Plc,Antiemetics,20,Prescription Only,"Store below 30°C, away from moisture",18,B,E,150.83,222.28,95,408,52
DRG1343,Ketoconazole 5mg/ml Eye Drops,Ketoconazole,Ketoconazole,Prescription Antimicrobials,Eye Drops,5mg/ml,Cipla Nigeria,Antifungals,50,Prescription Only,Protect from light,36,C,N,125.5,197.27,96,386,59
DRG1344,Dextromethorphan-D 0.5% Eye Drops,Dextromethorphan,Dextromethorphan-D,OTC Respiratory,Eye Drops,0.50%,Emzor Pharmaceuticals,Respiratory/Antitussives,60,Prescription Only,"Store below 30°C, away from moisture",48,C,E,549.51,721.21,128,411,65
DRG1345,Diazepam-D 1% Syrup,Diazepam,Diazepam-D,Prescription CNS,Syrup,1%,Sun Pharmaceuticals Nigeria,Antidepressants/CNS,10,OTC,Refrigerate 2-8°C,48,C,V,62.96,94.04,471,1947,193
DRG1346,OmeprazoleMax 500mg Cream,Omeprazole,OmeprazoleMax,OTC Gastro,Cream,500mg,Nemel Pharmaceuticals,Antacids/Antiulcerants,60,Prescription Only,Protect from light,12,C,N,150.91,246.11,198,819,132
DRG1347,GentamicinMax 5mg/ml Sachet/Powder,Gentamicin Eye Drops,GentamicinMax,OTC Eye Care,Sachet/Powder,5mg/ml,Fidson Healthcare,Ophthalmics,100,OTC,Refrigerate 2-8°C,24,B,V,40.74,61.73,447,1779,195
DRG1348,Amoxicillin Junior 20mg/ml Inhaler,Amoxicillin,Amoxicillin Junior,Prescription Antimicrobials,Inhaler,20mg/ml,Sanofi Nigeria,Antibiotics,1,OTC,Store in a cool dry place,60,C,E,63.25,88.23,179,492,122
DRG1349,Amitriptyline-D 50mg Tablet,Amitriptyline,Amitriptyline-D,Prescription CNS,Tablet,50mg,Fidson Healthcare,Antidepressants/CNS,24,Prescription Only,"Store below 30°C, away from moisture",18,A,E,107.74,157.88,176,877,100
DRG1350,SulphadoxinePlus 20mg/ml Eye Drops,Sulphadoxine/Pyrimethamine,SulphadoxinePlus,OTC/Prescription Antimalarial,Eye Drops,20mg/ml,GlaxoSmithKline Nigeria,Antimalarials,10,OTC,Protect from light,24,A,E,249.9,379.81,414,1449,203
DRG1351,Omeprazole-D 50mg Syrup,Omeprazole,Omeprazole-D,OTC Gastro,Syrup,50mg,Ranbaxy Nigeria,Antacids/Antiulcerants,60,Prescription Only,Store in a cool dry place,36,C,E,46.02,67.01,168,688,92
DRG1352,Ciprofloxacin 1% Syrup,Ciprofloxacin,Ciprofloxacin,Prescription Antimicrobials,Syrup,1%,Juhel Nigeria Limited,Antibiotics,50,OTC,Store in a cool dry place,12,C,N,149.83,173.55,406,1914,223
DRG1353,Ketoconazole 5mg Ointment,Ketoconazole,Ketoconazole,Prescription Antimicrobials,Ointment,5mg,Sanofi Nigeria,Antifungals,10,OTC,Protect from light,24,B,E,81.25,101.35,466,1658,189
DRG1354,LosartanForte 5mg/ml Inhaler,Losartan,LosartanForte,Chronic Disease Management,Inhaler,5mg/ml,Bioraj Pharmaceuticals,Antihypertensives,20,OTC,Store below 25°C,18,B,V,41.92,65.2,311,1379,157
DRG1355,ArtesunatePlus 0.5% Syrup,Artesunate,ArtesunatePlus,OTC/Prescription Antimalarial,Syrup,0.50%,Ranbaxy Nigeria,Antimalarials,10,OTC,Refrigerate 2-8°C,36,C,E,95.47,122.81,293,1444,182
DRG1356,ArtesunateGold 20mg Syrup,Artesunate,ArtesunateGold,OTC/Prescription Antimalarial,Syrup,20mg,Pharma-Deko Plc,Antimalarials,10,OTC,Refrigerate 2-8°C,18,A,N,331.62,502.66,431,1464,238
DRG1357,Ketoconazole-D 10mg Ointment,Ketoconazole,Ketoconazole-D,Prescription Antimicrobials,Ointment,10mg,Nemel Pharmaceuticals,Antifungals,30,OTC,"Store below 30°C, away from moisture",18,A,E,47.81,63.88,152,534,71
DRG1358,Lamivudine Junior 500mg Injection,Lamivudine/Tenofovir/Dolutegravir,Lamivudine Junior,Prescription Antimicrobials,Injection,500mg,Sanofi Nigeria,Antivirals,1,OTC,Refrigerate 2-8°C,24,A,N,78.91,111.34,86,409,43
DRG1359,CombinedExtra 50mg Tablet,Combined Oral Contraceptive Pill,CombinedExtra,Family Planning,Tablet,50mg,Pfizer Nigeria,Contraceptives,100,OTC,Protect from light,18,B,N,50.36,59.63,191,553,125
DRG1360,Whitfield'sMax 1g Suspension,Whitfield's Ointment,Whitfield'sMax,OTC Skincare,Suspension,1g,Pfizer Nigeria,Dermatologicals,5,Prescription Only,Refrigerate 2-8°C,12,C,N,64.17,79.61,86,221,47
DRG1361,LevonorgestrelGold 20mg Eye Drops,Levonorgestrel,LevonorgestrelGold,Family Planning,Eye Drops,20mg,Bond Chemical Industries,Contraceptives,10,Controlled,Protect from light,60,A,N,258.64,421.22,57,272,31
DRG1362,Promethazine Junior 1g Inhaler,Promethazine,Promethazine Junior,OTC Allergy,Inhaler,1g,Swiss Pharma Nigeria,Antihistamines,60,Prescription Only,Protect from light,12,C,V,71.62,114.24,280,1275,192
DRG1363,Atorvastatin-D 5mg Tablet,Atorvastatin,Atorvastatin-D,Chronic Disease Management,Tablet,5mg,Pfizer Nigeria,Cardiovascular,100,OTC,Refrigerate 2-8°C,60,B,N,251.75,371.62,382,1883,189
DRG1364,LisinoprilMax 5mg/ml Syrup,Lisinopril,LisinoprilMax,Chronic Disease Management,Syrup,5mg/ml,Evans Medical Plc,Antihypertensives,5,OTC,Store below 25°C,36,C,V,195.51,269.77,446,1179,242
DRG1365,Gentamicin DS 5mg/ml Ointment,Gentamicin Eye Drops,Gentamicin DS,OTC Eye Care,Ointment,5mg/ml,Nemel Pharmaceuticals,Ophthalmics,30,OTC,Refrigerate 2-8°C,48,C,N,67.99,101.16,345,997,222
DRG1366,Furosemide DS 250mg Injection,Furosemide,Furosemide DS,Chronic Disease Management,Injection,250mg,Novartis Nigeria,Cardiovascular,30,Prescription Only,Protect from light,12,C,E,63.03,91.98,156,431,97
DRG1367,Benzyl DS 250mg Inhaler,Benzyl Benzoate,Benzyl DS,OTC Skincare,Inhaler,250mg,Bond Chemical Industries,Dermatologicals,24,Prescription Only,Refrigerate 2-8°C,48,C,N,52.29,75,397,1670,190
DRG1368,LevonorgestrelExtra 20mg/ml Syrup,Levonorgestrel,LevonorgestrelExtra,Family Planning,Syrup,20mg/ml,Nemel Pharmaceuticals,Contraceptives,60,Prescription Only,Store below 25°C,12,C,E,51.52,60.77,491,1971,218
DRG1369,Acyclovir Junior 5mg Ointment,Acyclovir,Acyclovir Junior,Prescription Antimicrobials,Ointment,5mg,Evans Medical Plc,Antivirals,1,OTC,"Store below 30°C, away from moisture",18,B,E,107.73,157.98,67,227,40
DRG1370,ChlorpheniramineForte 10mg Syrup,Chlorpheniramine,ChlorpheniramineForte,OTC Allergy,Syrup,10mg,Pharma-Deko Plc,Antihistamines,30,OTC,"Store below 30°C, away from moisture",18,C,N,83.53,128.17,362,956,172
DRG1371,Fluoxetine Junior 1g Syrup,Fluoxetine,Fluoxetine Junior,Prescription CNS,Syrup,1g,Emzor Pharmaceuticals,Antidepressants/CNS,20,OTC,Store in a cool dry place,60,C,V,59.27,97.62,132,541,89
DRG1372,Esomeprazole DS 1% Eye Drops,Esomeprazole,Esomeprazole DS,OTC Gastro,Eye Drops,1%,Novartis Nigeria,Antacids/Antiulcerants,30,Prescription Only,Store below 25°C,36,B,E,41.6,48.07,471,1848,206
DRG1373,Insulin DS 20mg Cream,Insulin Glargine,Insulin DS,Chronic Disease Management,Cream,20mg,Swiss Pharma Nigeria,Antidiabetics,100,Prescription Only,Protect from light,12,B,E,90.71,137.43,337,937,166
DRG1374,GuaifenesinPlus 50mg Suspension,Guaifenesin,GuaifenesinPlus,OTC Respiratory,Suspension,50mg,Novartis Nigeria,Respiratory/Antitussives,24,Prescription Only,Refrigerate 2-8°C,24,C,N,64.14,92.1,243,1159,101
DRG1375,Atorvastatin DS 20mg/ml Capsule,Atorvastatin,Atorvastatin DS,Chronic Disease Management,Capsule,20mg/ml,Marbis Pharmaceuticals,Cardiovascular,30,OTC,"Store below 30°C, away from moisture",12,C,V,74.91,102.4,264,791,161
DRG1376,MagnesiumForte 100mg/5ml Cream,Magnesium Trisilicate,MagnesiumForte,OTC Gastro,Cream,100mg/5ml,Cipla Nigeria,Antacids/Antiulcerants,24,OTC,Refrigerate 2-8°C,24,B,V,104.04,126.28,330,1438,220
DRG1377,PraziquantelMax 5mg Ointment,Praziquantel,PraziquantelMax,OTC/Prescription Antiparasitic,Ointment,5mg,Fidson Healthcare,Antiparasitics,24,OTC,Protect from light,12,B,V,34.47,46.69,269,1267,158
DRG1378,NaproxenForte 100mg/5ml Sachet/Powder,Naproxen,NaproxenForte,OTC Pain Relief,Sachet/Powder,100mg/5ml,Evans Medical Plc,NSAIDs,10,OTC,"Store below 30°C, away from moisture",48,C,V,41.78,55.45,491,1938,334
DRG1379,Combined Junior 5mg/ml Tablet,Combined Oral Contraceptive Pill,Combined Junior,Family Planning,Tablet,5mg/ml,Novartis Nigeria,Contraceptives,100,OTC,Store below 25°C,24,C,N,572.64,745.24,338,1053,148
DRG1380,Whitfield'sForte 0.5% Inhaler,Whitfield's Ointment,Whitfield'sForte,OTC Skincare,Inhaler,0.50%,Reckitt Benckiser Nigeria,Dermatologicals,1,Prescription Only,Store in a cool dry place,60,C,N,62.9,95.32,393,1286,167
DRG1381,DigoxinExtra 2.5mg Ointment,Digoxin,DigoxinExtra,Chronic Disease Management,Ointment,2.5mg,GlaxoSmithKline Nigeria,Cardiovascular,100,Prescription Only,Store below 25°C,18,C,E,34.4,51.61,243,1145,158
DRG1382,AspirinMax 2.5mg Suspension,Aspirin,AspirinMax,OTC Pain Relief,Suspension,2.5mg,Sanofi Nigeria,Analgesics,1,OTC,Store in a cool dry place,24,C,E,42.81,61.84,207,671,135
DRG1383,Ciprofloxacin Junior 250mg Cream,Ciprofloxacin,Ciprofloxacin Junior,Prescription Antimicrobials,Cream,250mg,Drugfield Pharmaceuticals,Antibiotics,60,OTC,Refrigerate 2-8°C,60,C,N,684.89,1109.06,153,667,99
DRG1384,AcyclovirMax 20mg Syrup,Acyclovir,AcyclovirMax,Prescription Antimicrobials,Syrup,20mg,Codix Pharma,Antivirals,60,OTC,Store in a cool dry place,24,C,V,57.03,75.56,83,412,53
DRG1385,OseltamivirForte 1% Cream,Oseltamivir,OseltamivirForte,Prescription Antimicrobials,Cream,1%,Fidson Healthcare,Antivirals,10,Prescription Only,Store in a cool dry place,18,C,E,203.99,259.46,151,754,76
DRG1386,CetirizineForte 1% Syrup,Cetirizine,CetirizineForte,OTC Allergy,Syrup,1%,Codix Pharma,Antihistamines,24,Prescription Only,Store in a cool dry place,24,C,E,91.63,135.42,176,674,81
DRG1387,GuaifenesinGold 50mg Suppository,Guaifenesin,GuaifenesinGold,OTC Respiratory,Suppository,50mg,Sanofi Nigeria,Respiratory/Antitussives,1,OTC,Refrigerate 2-8°C,24,B,V,63.62,79.49,263,1200,178
DRG1388,MetronidazoleForte 2.5mg Ointment,Metronidazole,MetronidazoleForte,Prescription Antimicrobials,Ointment,2.5mg,Marbis Pharmaceuticals,Antibiotics,20,OTC,Refrigerate 2-8°C,36,B,E,148.56,194.24,374,1860,184
DRG1389,AlbendazoleMax 1% Sachet/Powder,Albendazole,AlbendazoleMax,OTC/Prescription Antiparasitic,Sachet/Powder,1%,Neimeth International,Antiparasitics,20,Prescription Only,Store in a cool dry place,12,C,E,35.03,44.22,481,1653,249
DRG1390,Magnesium 0.5% Suppository,Magnesium Trisilicate,Magnesium,OTC Gastro,Suppository,0.50%,Pharma-Deko Plc,Antacids/Antiulcerants,30,Prescription Only,Store below 25°C,24,A,V,42.92,50.84,345,1080,210
DRG1391,Aspirin DS 1% Injection,Aspirin (Low Dose),Aspirin DS,Chronic Disease Management,Injection,1%,Juhel Nigeria Limited,Anticoagulants,24,OTC,Store below 25°C,48,B,V,63.37,99.09,228,635,111
DRG1392,MebendazoleMax 250mg Injection,Mebendazole,MebendazoleMax,OTC/Prescription Antiparasitic,Injection,250mg,Novartis Nigeria,Antiparasitics,100,OTC,Store in a cool dry place,60,B,N,44.25,56.52,129,367,83
DRG1393,Insulin Junior 0.5% Inhaler,Insulin Glargine,Insulin Junior,Chronic Disease Management,Inhaler,0.50%,Bond Chemical Industries,Antidiabetics,60,OTC,"Store below 30°C, away from moisture",12,C,V,60.55,83.95,190,880,79
DRG1394,SimvastatinMax 5mg/ml Inhaler,Simvastatin,SimvastatinMax,Chronic Disease Management,Inhaler,5mg/ml,May & Baker Nigeria,Cardiovascular,100,Prescription Only,Refrigerate 2-8°C,48,A,N,158.22,185.38,80,317,50
DRG1395,PraziquantelPlus 1g Cream,Praziquantel,PraziquantelPlus,OTC/Prescription Antiparasitic,Cream,1g,Codix Pharma,Antiparasitics,60,OTC,Store in a cool dry place,18,B,V,92.31,138.43,421,1972,244
DRG1396,Mefenamic 20mg/ml Syrup,Mefenamic Acid,Mefenamic,OTC Pain Relief,Syrup,20mg/ml,Juhel Nigeria Limited,NSAIDs,100,OTC,Store below 25°C,60,A,N,236.57,311.16,472,2111,269
DRG1397,Warfarin Junior 1g Suppository,Warfarin,Warfarin Junior,Chronic Disease Management,Suppository,1g,Pfizer Nigeria,Anticoagulants,20,OTC,Protect from light,24,C,N,96.38,146.73,112,468,60
DRG1398,Lamivudine Junior 5mg/ml Sachet/Powder,Lamivudine/Tenofovir/Dolutegravir,Lamivudine Junior,Prescription Antimicrobials,Sachet/Powder,5mg/ml,Ranbaxy Nigeria,Antivirals,10,OTC,Protect from light,18,B,N,177.3,240.45,97,390,46
DRG1399,Gentamicin DS 0.5% Ointment,Gentamicin Eye Drops,Gentamicin DS,OTC Eye Care,Ointment,0.50%,Nemel Pharmaceuticals,Ophthalmics,10,Prescription Only,Refrigerate 2-8°C,48,B,N,81.21,101.34,136,356,73
DRG1400,Metoclopramide 100mg/5ml Syrup,Metoclopramide,Metoclopramide,OTC Gastro,Syrup,100mg/5ml,Sun Pharmaceuticals Nigeria,Antiemetics,20,OTC,"Store below 30°C, away from moisture",18,B,E,60.26,84.76,353,1652,188
DRG1401,AtenololExtra 0.5% Syrup,Atenolol,AtenololExtra,Chronic Disease Management,Syrup,0.50%,Pharma-Deko Plc,Antihypertensives,100,Prescription Only,Refrigerate 2-8°C,18,C,E,269.98,328.09,110,389,63
DRG1402,Whitfield's-D 500mg Sachet/Powder,Whitfield's Ointment,Whitfield's-D,OTC Skincare,Sachet/Powder,500mg,Ranbaxy Nigeria,Dermatologicals,60,Prescription Only,Protect from light,36,B,E,56.86,77.91,445,1735,215
DRG1403,Ferrous Junior 5mg/ml Injection,Ferrous Sulphate,Ferrous Junior,Wellness/Supplements,Injection,5mg/ml,Drugfield Pharmaceuticals,Vitamins & Supplements,24,Controlled,"Store below 30°C, away from moisture",36,A,V,107,140.03,383,978,162
DRG1404,Acyclovir-D 20mg/ml Eye Drops,Acyclovir,Acyclovir-D,Prescription Antimicrobials,Eye Drops,20mg/ml,Codix Pharma,Antivirals,24,Prescription Only,Store below 25°C,36,C,V,147.79,237.35,489,2366,216
DRG1405,Clopidogrel DS 10mg Ointment,Clopidogrel,Clopidogrel DS,Chronic Disease Management,Ointment,10mg,Cipla Nigeria,Anticoagulants,10,Prescription Only,"Store below 30°C, away from moisture",48,C,N,156.66,184.93,323,1536,196
DRG1406,Tetracycline DS 1g Tablet,Tetracycline Eye Ointment,Tetracycline DS,OTC Eye Care,Tablet,1g,May & Baker Nigeria,Ophthalmics,30,OTC,Store in a cool dry place,60,C,E,47.02,70.39,460,1774,187
DRG1407,Amodiaquine DS 2.5mg Suppository,Amodiaquine,Amodiaquine DS,OTC/Prescription Antimalarial,Suppository,2.5mg,Emzor Pharmaceuticals,Antimalarials,30,Prescription Only,"Store below 30°C, away from moisture",36,C,E,186.33,231.31,333,1313,218
DRG1408,Dextromethorphan Junior 1g Suspension,Dextromethorphan,Dextromethorphan Junior,OTC Respiratory,Suspension,1g,Neimeth International,Respiratory/Antitussives,24,OTC,Store below 25°C,18,C,N,50.51,66.14,129,549,78
DRG1409,AspirinGold 50mg Sachet/Powder,Aspirin (Low Dose),AspirinGold,Chronic Disease Management,Sachet/Powder,50mg,Bioraj Pharmaceuticals,Anticoagulants,1,Controlled,"Store below 30°C, away from moisture",36,A,E,152.82,207.49,229,724,144
DRG1410,Medroxyprogesterone-D 10mg Syrup,Medroxyprogesterone,Medroxyprogesterone-D,Family Planning,Syrup,10mg,GlaxoSmithKline Nigeria,Contraceptives,1,Prescription Only,Store below 25°C,12,C,E,123.24,197.68,321,980,208
DRG1411,Doxycycline Junior 500mg Ointment,Doxycycline,Doxycycline Junior,Prescription Antimicrobials,Ointment,500mg,SKG Pharma,Antibiotics,100,Controlled,Protect from light,12,B,N,153.8,195.52,126,527,55
DRG1412,TetracyclinePlus 5mg/ml Eye Drops,Tetracycline Eye Ointment,TetracyclinePlus,OTC Eye Care,Eye Drops,5mg/ml,Codix Pharma,Ophthalmics,10,OTC,Store in a cool dry place,60,C,V,46.36,55.43,491,1355,317
DRG1413,Erythromycin 20mg/ml Sachet/Powder,Erythromycin,Erythromycin,Prescription Antimicrobials,Sachet/Powder,20mg/ml,Sun Pharmaceuticals Nigeria,Antibiotics,1,OTC,Store below 25°C,12,B,E,128.29,167.98,270,981,148
DRG1414,InsulinForte 1g Syrup,Insulin Glargine,InsulinForte,Chronic Disease Management,Syrup,1g,Nemel Pharmaceuticals,Antidiabetics,100,Prescription Only,"Store below 30°C, away from moisture",18,B,N,191.68,230.46,442,1649,294
DRG1415,MetoclopramideForte 20mg/ml Cream,Metoclopramide,MetoclopramideForte,OTC Gastro,Cream,20mg/ml,Bond Chemical Industries,Antiemetics,20,OTC,Store in a cool dry place,18,C,N,96.25,116.88,331,1143,220
DRG1416,Griseofulvin Junior 0.5% Cream,Griseofulvin,Griseofulvin Junior,Prescription Antimicrobials,Cream,0.50%,Pharma-Deko Plc,Antifungals,1,Prescription Only,Protect from light,24,B,N,54.08,77.71,77,228,31
DRG1417,ChloramphenicolExtra 20mg Suppository,Chloramphenicol Eye Drops,ChloramphenicolExtra,OTC Eye Care,Suppository,20mg,Swiss Pharma Nigeria,Ophthalmics,10,OTC,Refrigerate 2-8°C,48,C,E,166.97,197.1,410,1389,211
DRG1418,BromhexineExtra 20mg/ml Inhaler,Bromhexine,BromhexineExtra,OTC Respiratory,Inhaler,20mg/ml,Pharma-Deko Plc,Respiratory/Antitussives,50,OTC,Store in a cool dry place,60,A,N,91.19,106.28,126,421,70
DRG1419,AcyclovirExtra 50mg Syrup,Acyclovir,AcyclovirExtra,Prescription Antimicrobials,Syrup,50mg,Reckitt Benckiser Nigeria,Antivirals,50,Prescription Only,Refrigerate 2-8°C,60,A,V,40.23,60.63,213,798,128
DRG1420,VitaminMax 50mg Syrup,Vitamin C,VitaminMax,Wellness/Supplements,Syrup,50mg,Juhel Nigeria Limited,Vitamins & Supplements,10,OTC,Protect from light,60,C,V,52.28,69.58,58,242,28
DRG1421,CombinedExtra 20mg/ml Cream,Combined Oral Contraceptive Pill,CombinedExtra,Family Planning,Cream,20mg/ml,Drugfield Pharmaceuticals,Contraceptives,24,Prescription Only,Protect from light,24,C,E,62.26,75.5,224,1102,106
DRG1422,Combined Junior 5mg Sachet/Powder,Combined Oral Contraceptive Pill,Combined Junior,Family Planning,Sachet/Powder,5mg,Sun Pharmaceuticals Nigeria,Contraceptives,5,OTC,Store in a cool dry place,36,C,E,276.12,352.55,356,1018,183
DRG1423,ParacetamolGold 10mg Injection,Paracetamol,ParacetamolGold,OTC Pain Relief,Injection,10mg,Ranbaxy Nigeria,Analgesics,30,OTC,Protect from light,60,B,E,236.48,347.87,125,585,68
DRG1424,Lisinopril Junior 50mg Eye Drops,Lisinopril,Lisinopril Junior,Chronic Disease Management,Eye Drops,50mg,Evans Medical Plc,Antihypertensives,10,Prescription Only,Protect from light,18,C,E,235.81,303.67,294,943,201
DRG1425,MagnesiumPlus 20mg/ml Ointment,Magnesium Trisilicate,MagnesiumPlus,OTC Gastro,Ointment,20mg/ml,Novartis Nigeria,Antacids/Antiulcerants,20,Controlled,Protect from light,12,C,V,98.88,138.16,171,680,107
DRG1426,Fluconazole Junior 2.5mg Inhaler,Fluconazole,Fluconazole Junior,Prescription Antimicrobials,Inhaler,2.5mg,Fidson Healthcare,Antifungals,30,OTC,"Store below 30°C, away from moisture",60,C,E,166.13,201.16,234,904,123
DRG1427,Multivitamin Junior 250mg Syrup,Multivitamin,Multivitamin Junior,Wellness/Supplements,Syrup,250mg,Sanofi Nigeria,Vitamins & Supplements,50,Prescription Only,Store below 25°C,60,B,N,47.45,68.52,81,315,33
DRG1428,Omeprazole 250mg Injection,Omeprazole,Omeprazole,OTC Gastro,Injection,250mg,Swiss Pharma Nigeria,Antacids/Antiulcerants,30,OTC,Protect from light,48,C,E,84.97,111.14,299,1288,134
DRG1429,Promethazine 1g Tablet,Promethazine Injection,Promethazine,OTC Gastro,Tablet,1g,GlaxoSmithKline Nigeria,Antiemetics,20,OTC,Store below 25°C,36,C,V,115.77,169.43,106,366,56
DRG1430,SulphadoxineForte 50mg Suppository,Sulphadoxine/Pyrimethamine,SulphadoxineForte,OTC/Prescription Antimalarial,Suppository,50mg,Juhel Nigeria Limited,Antimalarials,30,Prescription Only,Refrigerate 2-8°C,48,C,E,48.64,75.6,359,1183,231
DRG1431,TramadolForte 0.5% Eye Drops,Tramadol,TramadolForte,OTC Pain Relief,Eye Drops,0.50%,Cipla Nigeria,Analgesics,30,Prescription Only,Protect from light,36,C,E,97.35,141.72,421,1950,216
DRG1432,AspirinMax 20mg/ml Eye Drops,Aspirin,AspirinMax,OTC Pain Relief,Eye Drops,20mg/ml,Cipla Nigeria,Analgesics,24,OTC,Store in a cool dry place,48,C,E,324.9,421.68,193,588,108
DRG1433,OseltamivirMax 10mg Suppository,Oseltamivir,OseltamivirMax,Prescription Antimicrobials,Suppository,10mg,Pharma-Deko Plc,Antivirals,60,OTC,Protect from light,48,A,E,125.47,160.33,367,1082,244
DRG1434,OseltamivirForte 5mg/ml Syrup,Oseltamivir,OseltamivirForte,Prescription Antimicrobials,Syrup,5mg/ml,Bioraj Pharmaceuticals,Antivirals,10,OTC,Protect from light,36,B,E,166.67,218.96,133,337,89
DRG1435,MetoclopramideForte 20mg/ml Ointment,Metoclopramide,MetoclopramideForte,OTC Gastro,Ointment,20mg/ml,Neimeth International,Antiemetics,50,OTC,Store in a cool dry place,24,C,N,34.7,42.76,105,317,48
DRG1436,DiazepamForte 10mg Suspension,Diazepam,DiazepamForte,Prescription CNS,Suspension,10mg,Juhel Nigeria Limited,Antidepressants/CNS,50,Prescription Only,Refrigerate 2-8°C,48,B,V,289.3,358.9,328,1245,135
DRG1437,MetoclopramideMax 10mg Inhaler,Metoclopramide,MetoclopramideMax,OTC Gastro,Inhaler,10mg,Novartis Nigeria,Antiemetics,24,OTC,"Store below 30°C, away from moisture",36,A,E,75.33,116.41,322,1238,158
DRG1438,LoratadineExtra 2.5mg Cream,Loratadine,LoratadineExtra,OTC Allergy,Cream,2.5mg,Marbis Pharmaceuticals,Antihistamines,1,Prescription Only,Store in a cool dry place,60,B,E,55.31,74.25,215,674,130
DRG1439,Ketoconazole Junior 1g Injection,Ketoconazole,Ketoconazole Junior,Prescription Antimicrobials,Injection,1g,Bond Chemical Industries,Antifungals,24,OTC,Refrigerate 2-8°C,60,B,E,75.85,103.76,207,554,141
DRG1440,Furosemide DS 100mg/5ml Inhaler,Furosemide,Furosemide DS,Chronic Disease Management,Inhaler,100mg/5ml,Pharma-Deko Plc,Cardiovascular,100,OTC,Store in a cool dry place,12,C,V,42.37,61.31,298,1299,126
DRG1441,Whitfield'sExtra 0.5% Eye Drops,Whitfield's Ointment,Whitfield'sExtra,OTC Skincare,Eye Drops,0.50%,Pfizer Nigeria,Dermatologicals,50,OTC,"Store below 30°C, away from moisture",18,C,V,185.7,268.3,235,1032,96
DRG1442,GriseofulvinPlus 100mg/5ml Cream,Griseofulvin,GriseofulvinPlus,Prescription Antimicrobials,Cream,100mg/5ml,Evans Medical Plc,Antifungals,100,OTC,Protect from light,60,B,E,69.04,81.72,127,634,84
DRG1443,Ranitidine 20mg Eye Drops,Ranitidine,Ranitidine,OTC Gastro,Eye Drops,20mg,Marbis Pharmaceuticals,Antacids/Antiulcerants,20,OTC,"Store below 30°C, away from moisture",24,A,N,56.09,87.82,71,337,44
DRG1444,Ondansetron Junior 0.5% Tablet,Ondansetron,Ondansetron Junior,OTC Gastro,Tablet,0.50%,Nemel Pharmaceuticals,Antiemetics,100,Prescription Only,Store in a cool dry place,18,C,N,76.15,94.32,157,755,109
DRG1445,ClotrimazoleForte 20mg/ml Tablet,Clotrimazole,ClotrimazoleForte,Prescription Antimicrobials,Tablet,20mg/ml,Fidson Healthcare,Antifungals,60,OTC,Refrigerate 2-8°C,36,C,E,197,297.77,322,1447,167
DRG1446,AcyclovirExtra 1g Capsule,Acyclovir,AcyclovirExtra,Prescription Antimicrobials,Capsule,1g,Drugfield Pharmaceuticals,Antivirals,100,Prescription Only,"Store below 30°C, away from moisture",48,C,N,92.27,141.76,301,1215,157
DRG1447,Oseltamivir 5mg/ml Capsule,Oseltamivir,Oseltamivir,Prescription Antimicrobials,Capsule,5mg/ml,Juhel Nigeria Limited,Antivirals,30,OTC,Protect from light,60,C,V,43.33,65.32,64,180,28
DRG1448,GriseofulvinPlus 0.5% Syrup,Griseofulvin,GriseofulvinPlus,Prescription Antimicrobials,Syrup,0.50%,Sanofi Nigeria,Antifungals,20,Prescription Only,Refrigerate 2-8°C,24,B,N,116.92,168.31,419,1699,182
DRG1449,Piroxicam-D 10mg Eye Drops,Piroxicam,Piroxicam-D,OTC Pain Relief,Eye Drops,10mg,Neimeth International,NSAIDs,1,OTC,"Store below 30°C, away from moisture",60,C,E,51.56,59.67,353,931,202
DRG1450,GriseofulvinPlus 500mg Syrup,Griseofulvin,GriseofulvinPlus,Prescription Antimicrobials,Syrup,500mg,Marbis Pharmaceuticals,Antifungals,100,OTC,Store in a cool dry place,12,C,E,36.32,48.31,209,985,106
DRG1451,Levonorgestrel-D 50mg Tablet,Levonorgestrel,Levonorgestrel-D,Family Planning,Tablet,50mg,SKG Pharma,Contraceptives,100,Controlled,Protect from light,24,C,N,273.72,397.56,254,940,107
DRG1452,Carbamazepine-D 500mg Sachet/Powder,Carbamazepine,Carbamazepine-D,Prescription CNS,Sachet/Powder,500mg,Pharma-Deko Plc,Antidepressants/CNS,20,Prescription Only,Protect from light,12,C,N,116.25,156.21,162,687,107
DRG1453,DiazepamForte 5mg/ml Inhaler,Diazepam,DiazepamForte,Prescription CNS,Inhaler,5mg/ml,SKG Pharma,Antidepressants/CNS,30,Prescription Only,Store in a cool dry place,24,B,N,80.49,127.31,217,570,99
DRG1454,MefenamicExtra 1g Sachet/Powder,Mefenamic Acid,MefenamicExtra,OTC Pain Relief,Sachet/Powder,1g,Reckitt Benckiser Nigeria,NSAIDs,20,OTC,Protect from light,24,C,V,68.64,89.53,402,1541,251
DRG1455,Mefenamic DS 20mg Inhaler,Mefenamic Acid,Mefenamic DS,OTC Pain Relief,Inhaler,20mg,Emzor Pharmaceuticals,NSAIDs,10,Prescription Only,Store in a cool dry place,12,C,N,250.76,325.18,302,982,146
DRG1456,Ibuprofen DS 20mg Syrup,Ibuprofen,Ibuprofen DS,OTC Pain Relief,Syrup,20mg,Ranbaxy Nigeria,Analgesics,30,Prescription Only,Refrigerate 2-8°C,48,B,N,1226.5,1573.6,490,1574,315
DRG1457,Piroxicam-D 5mg Inhaler,Piroxicam,Piroxicam-D,OTC Pain Relief,Inhaler,5mg,Nemel Pharmaceuticals,NSAIDs,30,Prescription Only,"Store below 30°C, away from moisture",24,B,E,115.52,152.07,235,816,102
DRG1458,Cetirizine 250mg Inhaler,Cetirizine,Cetirizine,OTC Allergy,Inhaler,250mg,Emzor Pharmaceuticals,Antihistamines,24,Prescription Only,Store below 25°C,24,B,V,49.5,70.72,396,990,248
DRG1459,SimvastatinGold 20mg Suspension,Simvastatin,SimvastatinGold,Chronic Disease Management,Suspension,20mg,Novartis Nigeria,Cardiovascular,24,OTC,Refrigerate 2-8°C,18,B,V,76.78,115.44,276,1011,118
DRG1460,MagnesiumExtra 500mg Eye Drops,Magnesium Trisilicate,MagnesiumExtra,OTC Gastro,Eye Drops,500mg,Emzor Pharmaceuticals,Antacids/Antiulcerants,100,OTC,"Store below 30°C, away from moisture",36,A,N,113.98,168.84,65,241,34
DRG1461,Cefuroxime DS 10mg Suspension,Cefuroxime,Cefuroxime DS,Prescription Antimicrobials,Suspension,10mg,Bioraj Pharmaceuticals,Antibiotics,100,Prescription Only,Store below 25°C,12,B,E,35.21,54.71,205,954,127
DRG1462,CetirizineGold 5mg/ml Capsule,Cetirizine,CetirizineGold,OTC Allergy,Capsule,5mg/ml,Neimeth International,Antihistamines,60,Prescription Only,Refrigerate 2-8°C,36,C,E,106.29,169.32,403,1459,182
DRG1463,Ranitidine 5mg/ml Cream,Ranitidine,Ranitidine,OTC Gastro,Cream,5mg/ml,May & Baker Nigeria,Antacids/Antiulcerants,50,Prescription Only,Store in a cool dry place,12,A,E,114.47,178.35,160,545,77
DRG1464,Diclofenac DS 1g Capsule,Diclofenac,Diclofenac DS,OTC Pain Relief,Capsule,1g,Cipla Nigeria,Analgesics,60,Controlled,Store below 25°C,36,B,E,235.68,273.26,50,249,32
DRG1465,AcyclovirForte 20mg/ml Sachet/Powder,Acyclovir,AcyclovirForte,Prescription Antimicrobials,Sachet/Powder,20mg/ml,Sanofi Nigeria,Antivirals,100,Prescription Only,Store below 25°C,24,C,E,215.33,326.86,90,353,59
DRG1466,AtorvastatinGold 50mg Syrup,Atorvastatin,AtorvastatinGold,Chronic Disease Management,Syrup,50mg,Swiss Pharma Nigeria,Cardiovascular,10,OTC,"Store below 30°C, away from moisture",18,C,E,91.02,114.16,97,357,40
DRG1467,MetoclopramideGold 20mg Sachet/Powder,Metoclopramide,MetoclopramideGold,OTC Gastro,Sachet/Powder,20mg,Fidson Healthcare,Antiemetics,60,Prescription Only,"Store below 30°C, away from moisture",36,C,N,278.3,338.54,464,1735,208
DRG1468,LoratadineExtra 5mg Sachet/Powder,Loratadine,LoratadineExtra,OTC Allergy,Sachet/Powder,5mg,SKG Pharma,Antihistamines,60,Prescription Only,Store below 25°C,18,B,E,448.08,658.34,469,2121,204
DRG1469,DiclofenacMax 20mg/ml Ointment,Diclofenac,DiclofenacMax,OTC Pain Relief,Ointment,20mg/ml,Juhel Nigeria Limited,Analgesics,60,Prescription Only,Refrigerate 2-8°C,48,C,N,86.15,112.85,157,526,71
DRG1470,Atorvastatin-D 5mg/ml Tablet,Atorvastatin,Atorvastatin-D,Chronic Disease Management,Tablet,5mg/ml,Emzor Pharmaceuticals,Cardiovascular,10,Prescription Only,"Store below 30°C, away from moisture",36,A,E,112.95,133.12,210,729,145
DRG1471,Doxycycline 5mg Syrup,Doxycycline,Doxycycline,Prescription Antimicrobials,Syrup,5mg,Marbis Pharmaceuticals,Antibiotics,20,OTC,"Store below 30°C, away from moisture",12,C,V,39.33,47.94,210,921,118
DRG1472,Hydrocortisone Junior 100mg/5ml Eye Drops,Hydrocortisone Cream,Hydrocortisone Junior,OTC Skincare,Eye Drops,100mg/5ml,GlaxoSmithKline Nigeria,Dermatologicals,5,OTC,Protect from light,60,A,E,42.79,49.23,408,1094,220
DRG1473,Aspirin Junior 5mg Injection,Aspirin,Aspirin Junior,OTC Pain Relief,Injection,5mg,Drugfield Pharmaceuticals,Analgesics,60,Prescription Only,Refrigerate 2-8°C,48,C,E,53.61,85.86,177,825,123
DRG1474,NifedipineGold 10mg Syrup,Nifedipine,NifedipineGold,Chronic Disease Management,Syrup,10mg,Drugfield Pharmaceuticals,Antihypertensives,5,OTC,"Store below 30°C, away from moisture",18,B,V,65.04,75.6,259,926,146
DRG1475,Artemether DS 50mg Injection,Artemether/Lumefantrine,Artemether DS,OTC/Prescription Antimalarial,Injection,50mg,Sanofi Nigeria,Antimalarials,20,OTC,Refrigerate 2-8°C,18,C,N,48.24,60.53,200,790,119
DRG1476,Lamivudine Junior 50mg Sachet/Powder,Lamivudine/Tenofovir/Dolutegravir,Lamivudine Junior,Prescription Antimicrobials,Sachet/Powder,50mg,Sanofi Nigeria,Antivirals,5,Prescription Only,Refrigerate 2-8°C,18,C,E,82.67,112.28,493,2166,246
DRG1477,FurosemideExtra 1% Inhaler,Furosemide,FurosemideExtra,Chronic Disease Management,Inhaler,1%,Evans Medical Plc,Cardiovascular,10,Prescription Only,Store in a cool dry place,60,B,V,66.1,87.8,304,962,156
DRG1478,AzithromycinPlus 20mg/ml Syrup,Azithromycin,AzithromycinPlus,Prescription Antimicrobials,Syrup,20mg/ml,Neimeth International,Antibiotics,10,Prescription Only,"Store below 30°C, away from moisture",18,A,V,189.32,304.02,267,1261,154
DRG1479,Ivermectin Junior 1g Eye Drops,Ivermectin,Ivermectin Junior,OTC/Prescription Antiparasitic,Eye Drops,1g,Emzor Pharmaceuticals,Antiparasitics,30,Prescription Only,Protect from light,36,C,E,63.96,74.84,79,390,33
DRG1480,PiroxicamMax 5mg/ml Suppository,Piroxicam,PiroxicamMax,OTC Pain Relief,Suppository,5mg/ml,Bioraj Pharmaceuticals,NSAIDs,20,Prescription Only,Protect from light,24,C,N,35.55,49.99,94,351,44
DRG1481,Simvastatin-D 0.5% Eye Drops,Simvastatin,Simvastatin-D,Chronic Disease Management,Eye Drops,0.50%,Bond Chemical Industries,Cardiovascular,5,OTC,Store below 25°C,60,C,E,91.91,136.97,129,624,59
DRG1482,Digoxin-D 20mg/ml Ointment,Digoxin,Digoxin-D,Chronic Disease Management,Ointment,20mg/ml,May & Baker Nigeria,Cardiovascular,10,Controlled,"Store below 30°C, away from moisture",12,A,E,83.83,135.46,88,220,35
DRG1483,FerrousForte 1% Suppository,Ferrous Sulphate,FerrousForte,Wellness/Supplements,Suppository,1%,GlaxoSmithKline Nigeria,Vitamins & Supplements,50,OTC,Refrigerate 2-8°C,24,B,E,53.06,77.48,289,1368,162
DRG1484,MefenamicForte 5mg Suppository,Mefenamic Acid,MefenamicForte,OTC Pain Relief,Suppository,5mg,Codix Pharma,NSAIDs,100,Prescription Only,Protect from light,18,C,E,90.04,139.73,94,308,53
DRG1485,GlibenclamideGold 2.5mg Cream,Glibenclamide,GlibenclamideGold,Chronic Disease Management,Cream,2.5mg,Emzor Pharmaceuticals,Antidiabetics,24,Prescription Only,Protect from light,48,C,V,48.63,57.96,127,416,65
DRG1486,ErythromycinGold 5mg Suppository,Erythromycin,ErythromycinGold,Prescription Antimicrobials,Suppository,5mg,Codix Pharma,Antibiotics,60,OTC,"Store below 30°C, away from moisture",60,C,V,105.93,142.26,386,1185,185
DRG1487,ChloramphenicolExtra 50mg Suppository,Chloramphenicol Eye Drops,ChloramphenicolExtra,OTC Eye Care,Suppository,50mg,Sanofi Nigeria,Ophthalmics,100,Prescription Only,Refrigerate 2-8°C,12,C,E,789.7,1055.81,445,1465,265
DRG1488,Ivermectin 5mg/ml Ointment,Ivermectin,Ivermectin,OTC/Prescription Antiparasitic,Ointment,5mg/ml,Sun Pharmaceuticals Nigeria,Antiparasitics,1,OTC,Refrigerate 2-8°C,12,C,V,38.97,62.08,398,1207,175
DRG1489,Amodiaquine 20mg Sachet/Powder,Amodiaquine,Amodiaquine,OTC/Prescription Antimalarial,Sachet/Powder,20mg,Sanofi Nigeria,Antimalarials,30,Controlled,Protect from light,48,C,V,62.58,76.7,337,1605,187
DRG1490,ArtemetherExtra 5mg/ml Syrup,Artemether/Lumefantrine,ArtemetherExtra,OTC/Prescription Antimalarial,Syrup,5mg/ml,Cipla Nigeria,Antimalarials,24,Prescription Only,"Store below 30°C, away from moisture",36,B,N,57.76,70.81,489,2321,308
DRG1491,PromethazineGold 1g Suspension,Promethazine,PromethazineGold,OTC Allergy,Suspension,1g,Sun Pharmaceuticals Nigeria,Antihistamines,20,OTC,Refrigerate 2-8°C,18,B,V,65.4,85.95,329,906,147
DRG1492,AlbendazoleExtra 5mg/ml Suspension,Albendazole,AlbendazoleExtra,OTC/Prescription Antiparasitic,Suspension,5mg/ml,Reckitt Benckiser Nigeria,Antiparasitics,24,Prescription Only,Refrigerate 2-8°C,12,C,N,181.4,213.55,165,471,103
DRG1493,Atenolol 0.5% Capsule,Atenolol,Atenolol,Chronic Disease Management,Capsule,0.50%,Pharma-Deko Plc,Antihypertensives,1,OTC,Store in a cool dry place,24,B,N,123.96,153.86,318,1480,199
DRG1494,Atenolol Junior 500mg Syrup,Atenolol,Atenolol Junior,Chronic Disease Management,Syrup,500mg,Reckitt Benckiser Nigeria,Antihypertensives,60,Prescription Only,Store below 25°C,36,B,E,157.58,257.27,453,1584,189
DRG1495,Fluconazole Junior 50mg Ointment,Fluconazole,Fluconazole Junior,Prescription Antimicrobials,Ointment,50mg,Pfizer Nigeria,Antifungals,24,Prescription Only,Store in a cool dry place,24,B,E,86.29,117.71,384,1122,155
DRG1496,VitaminForte 50mg Inhaler,Vitamin B Complex,VitaminForte,Wellness/Supplements,Inhaler,50mg,GlaxoSmithKline Nigeria,Vitamins & Supplements,60,OTC,Store in a cool dry place,60,A,V,44.55,65.31,361,1363,249
DRG1497,BenzylForte 1% Injection,Benzyl Benzoate,BenzylForte,OTC Skincare,Injection,1%,Fidson Healthcare,Dermatologicals,50,Prescription Only,Protect from light,24,C,N,47.91,72.49,102,361,46
DRG1498,Whitfield'sForte 500mg Tablet,Whitfield's Ointment,Whitfield'sForte,OTC Skincare,Tablet,500mg,Evans Medical Plc,Dermatologicals,1,OTC,Store in a cool dry place,18,C,E,145.15,193.55,117,356,75
DRG1499,AspirinMax 0.5% Capsule,Aspirin (Low Dose),AspirinMax,Chronic Disease Management,Capsule,0.50%,Novartis Nigeria,Anticoagulants,1,Prescription Only,Protect from light,36,B,E,94.77,115.96,231,993,131
DRG1500,Tetracycline DS 50mg Tablet,Tetracycline Eye Ointment,Tetracycline DS,OTC Eye Care,Tablet,50mg,Novartis Nigeria,Ophthalmics,20,Prescription Only,Store below 25°C,48,B,V,222.52,278.88,83,338,39
DRG1501,Amlodipine-D 20mg/ml Inhaler,Amlodipine,Amlodipine-D,Chronic Disease Management,Inhaler,20mg/ml,Chi Pharmaceuticals,Antihypertensives,100,Prescription Only,Store below 25°C,24,C,N,103.2,134.84,333,915,146
DRG1502,Mefenamic 100mg/5ml Tablet,Mefenamic Acid,Mefenamic,OTC Pain Relief,Tablet,100mg/5ml,Nemel Pharmaceuticals,NSAIDs,100,Prescription Only,Store below 25°C,18,A,V,46.73,68.6,355,1708,194
DRG1503,Warfarin-D 20mg Capsule,Warfarin,Warfarin-D,Chronic Disease Management,Capsule,20mg,Emzor Pharmaceuticals,Anticoagulants,100,Prescription Only,Store in a cool dry place,24,C,E,62.4,84.19,435,1694,227
DRG1504,BromhexineGold 5mg/ml Injection,Bromhexine,BromhexineGold,OTC Respiratory,Injection,5mg/ml,Evans Medical Plc,Respiratory/Antitussives,10,OTC,Refrigerate 2-8°C,18,C,E,126.04,145.38,298,931,181
DRG1505,Magnesium DS 0.5% Cream,Magnesium Trisilicate,Magnesium DS,OTC Gastro,Cream,0.50%,Reckitt Benckiser Nigeria,Antacids/Antiulcerants,24,Prescription Only,Store below 25°C,24,B,V,141.09,199.18,160,482,107
DRG1506,DextromethorphanMax 1% Capsule,Dextromethorphan,DextromethorphanMax,OTC Respiratory,Capsule,1%,Ranbaxy Nigeria,Respiratory/Antitussives,20,Prescription Only,Refrigerate 2-8°C,48,C,E,158.39,255.13,143,406,91
DRG1507,Ondansetron DS 20mg Suspension,Ondansetron,Ondansetron DS,OTC Gastro,Suspension,20mg,Neimeth International,Antiemetics,1,OTC,Store in a cool dry place,24,C,N,49.13,76.45,459,1634,221
DRG1508,LoratadinePlus 10mg Capsule,Loratadine,LoratadinePlus,OTC Allergy,Capsule,10mg,Ranbaxy Nigeria,Antihistamines,50,Prescription Only,Protect from light,24,B,N,46.43,72.55,228,647,151
DRG1509,DiazepamForte 500mg Suspension,Diazepam,DiazepamForte,Prescription CNS,Suspension,500mg,Sun Pharmaceuticals Nigeria,Antidepressants/CNS,20,Prescription Only,Store in a cool dry place,24,C,N,75.16,116.31,96,339,62
DRG1510,Insulin-D 5mg Ointment,Insulin Glargine,Insulin-D,Chronic Disease Management,Ointment,5mg,Codix Pharma,Antidiabetics,100,OTC,Refrigerate 2-8°C,48,B,E,260.46,341.69,331,950,224
DRG1511,WarfarinGold 250mg Eye Drops,Warfarin,WarfarinGold,Chronic Disease Management,Eye Drops,250mg,Ranbaxy Nigeria,Anticoagulants,30,Prescription Only,Refrigerate 2-8°C,12,B,E,57.28,87.79,389,1611,209
DRG1512,MetoclopramideGold 10mg Suspension,Metoclopramide,MetoclopramideGold,OTC Gastro,Suspension,10mg,Sanofi Nigeria,Antiemetics,1,Prescription Only,"Store below 30°C, away from moisture",18,C,V,116.05,141.76,411,1834,259
DRG1513,AspirinPlus 5mg/ml Inhaler,Aspirin,AspirinPlus,OTC Pain Relief,Inhaler,5mg/ml,Chi Pharmaceuticals,Analgesics,1,OTC,Protect from light,48,C,E,116.06,171.64,141,546,81
DRG1514,Esomeprazole 100mg/5ml Inhaler,Esomeprazole,Esomeprazole,OTC Gastro,Inhaler,100mg/5ml,Neimeth International,Antacids/Antiulcerants,100,Prescription Only,Refrigerate 2-8°C,24,C,V,146.84,215.97,425,1785,209
DRG1515,Whitfield'sGold 2.5mg Cream,Whitfield's Ointment,Whitfield'sGold,OTC Skincare,Cream,2.5mg,Evans Medical Plc,Dermatologicals,60,OTC,"Store below 30°C, away from moisture",24,A,E,318.43,370.27,261,1264,182
DRG1516,VitaminExtra 0.5% Capsule,Vitamin B Complex,VitaminExtra,Wellness/Supplements,Capsule,0.50%,Nemel Pharmaceuticals,Vitamins & Supplements,5,Prescription Only,Protect from light,24,A,E,290.32,448.25,124,507,51
DRG1517,Atenolol-D 2.5mg Sachet/Powder,Atenolol,Atenolol-D,Chronic Disease Management,Sachet/Powder,2.5mg,Chi Pharmaceuticals,Antihypertensives,30,OTC,Protect from light,12,C,E,60.13,96.31,427,1456,191
DRG1518,Mefenamic DS 5mg Capsule,Mefenamic Acid,Mefenamic DS,OTC Pain Relief,Capsule,5mg,Drugfield Pharmaceuticals,NSAIDs,10,Prescription Only,Protect from light,60,A,E,36.7,47.11,251,909,167
DRG1519,ErythromycinExtra 20mg/ml Capsule,Erythromycin,ErythromycinExtra,Prescription Antimicrobials,Capsule,20mg/ml,Drugfield Pharmaceuticals,Antibiotics,60,OTC,Refrigerate 2-8°C,48,C,N,57.7,89.79,494,2297,206
DRG1520,Fluconazole Junior 1% Ointment,Fluconazole,Fluconazole Junior,Prescription Antimicrobials,Ointment,1%,Sanofi Nigeria,Antifungals,24,Controlled,"Store below 30°C, away from moisture",60,C,E,88.89,105.89,456,1289,303
DRG1521,DiclofenacMax 10mg Cream,Diclofenac Gel,DiclofenacMax,OTC Pain Relief,Cream,10mg,Codix Pharma,NSAIDs,5,Controlled,"Store below 30°C, away from moisture",48,C,N,68.03,98.64,470,1557,288
DRG1522,AspirinPlus 50mg Cream,Aspirin (Low Dose),AspirinPlus,Chronic Disease Management,Cream,50mg,Emzor Pharmaceuticals,Anticoagulants,20,Prescription Only,Store below 25°C,48,C,N,420.68,585.93,346,1364,142
DRG1523,QuinineExtra 10mg Suspension,Quinine,QuinineExtra,OTC/Prescription Antimalarial,Suspension,10mg,Cipla Nigeria,Antimalarials,24,Prescription Only,Store below 25°C,60,B,E,85.63,121.85,357,1496,188
DRG1524,Ondansetron-D 500mg Capsule,Ondansetron,Ondansetron-D,OTC Gastro,Capsule,500mg,GlaxoSmithKline Nigeria,Antiemetics,100,Prescription Only,Store in a cool dry place,36,B,E,134.97,217.72,260,1146,162
DRG1525,Praziquantel-D 500mg Syrup,Praziquantel,Praziquantel-D,OTC/Prescription Antiparasitic,Syrup,500mg,Swiss Pharma Nigeria,Antiparasitics,50,OTC,Store in a cool dry place,24,B,V,97.84,155.14,387,1275,222
DRG1526,MetoclopramideMax 10mg Ointment,Metoclopramide,MetoclopramideMax,OTC Gastro,Ointment,10mg,Neimeth International,Antiemetics,30,OTC,Store below 25°C,24,C,N,68.6,105.82,482,1380,328
DRG1527,NaproxenMax 50mg Tablet,Naproxen,NaproxenMax,OTC Pain Relief,Tablet,50mg,SKG Pharma,NSAIDs,10,Controlled,Store below 25°C,60,C,E,37.97,48.86,460,2248,303
DRG1528,SalbutamolPlus 250mg Suppository,Salbutamol,SalbutamolPlus,OTC Respiratory,Suppository,250mg,Neimeth International,Respiratory/Antitussives,10,OTC,Refrigerate 2-8°C,12,C,N,80.47,129.23,183,492,91
DRG1529,ClopidogrelForte 10mg Syrup,Clopidogrel,ClopidogrelForte,Chronic Disease Management,Syrup,10mg,Evans Medical Plc,Anticoagulants,1,OTC,"Store below 30°C, away from moisture",24,C,E,1444.66,1731.79,379,1038,161
DRG1530,Lisinopril-D 5mg Inhaler,Lisinopril,Lisinopril-D,Chronic Disease Management,Inhaler,5mg,Marbis Pharmaceuticals,Antihypertensives,1,Prescription Only,"Store below 30°C, away from moisture",48,C,N,45.73,72.1,115,429,78
DRG1531,GliclazidePlus 0.5% Suppository,Gliclazide,GliclazidePlus,Chronic Disease Management,Suppository,0.50%,Emzor Pharmaceuticals,Antidiabetics,20,Prescription Only,Refrigerate 2-8°C,24,B,N,38.89,51.1,329,1496,182
DRG1532,LosartanExtra 2.5mg Inhaler,Losartan,LosartanExtra,Chronic Disease Management,Inhaler,2.5mg,Novartis Nigeria,Antihypertensives,24,Prescription Only,Store in a cool dry place,18,A,E,408.57,480.84,471,2089,198
DRG1533,Chloramphenicol-D 20mg/ml Eye Drops,Chloramphenicol Eye Drops,Chloramphenicol-D,OTC Eye Care,Eye Drops,20mg/ml,Marbis Pharmaceuticals,Ophthalmics,5,Prescription Only,Store in a cool dry place,12,B,E,144.67,214.79,77,373,49
DRG1534,AmitriptylineGold 5mg Cream,Amitriptyline,AmitriptylineGold,Prescription CNS,Cream,5mg,Ranbaxy Nigeria,Antidepressants/CNS,30,Controlled,Store in a cool dry place,18,C,E,95.85,121.31,461,1315,304
DRG1535,AlbendazolePlus 0.5% Eye Drops,Albendazole,AlbendazolePlus,OTC/Prescription Antiparasitic,Eye Drops,0.50%,Evans Medical Plc,Antiparasitics,20,Prescription Only,Store below 25°C,60,B,E,243.29,309.41,166,570,98
DRG1536,FurosemideGold 1g Injection,Furosemide,FurosemideGold,Chronic Disease Management,Injection,1g,Codix Pharma,Cardiovascular,24,OTC,"Store below 30°C, away from moisture",24,C,V,53.77,70.06,419,1343,223
DRG1537,Benzyl DS 5mg/ml Capsule,Benzyl Benzoate,Benzyl DS,OTC Skincare,Capsule,5mg/ml,Cipla Nigeria,Dermatologicals,10,OTC,Refrigerate 2-8°C,48,C,N,79.08,93.46,499,2321,298
DRG1538,OndansetronMax 0.5% Eye Drops,Ondansetron,OndansetronMax,OTC Gastro,Eye Drops,0.50%,Sun Pharmaceuticals Nigeria,Antiemetics,50,Prescription Only,Store below 25°C,48,C,E,171.9,212.91,366,1361,223
DRG1539,AzithromycinMax 1% Inhaler,Azithromycin,AzithromycinMax,Prescription Antimicrobials,Inhaler,1%,May & Baker Nigeria,Antibiotics,5,OTC,Refrigerate 2-8°C,60,C,N,480.5,553.81,479,1229,319
DRG1540,AmoxicillinMax 10mg Ointment,Amoxicillin,AmoxicillinMax,Prescription Antimicrobials,Ointment,10mg,Fidson Healthcare,Antibiotics,60,Controlled,Store below 25°C,60,A,N,46.97,64.48,374,1596,256
DRG1541,Betamethasone-D 1% Sachet/Powder,Betamethasone Cream,Betamethasone-D,OTC Skincare,Sachet/Powder,1%,SKG Pharma,Dermatologicals,10,Prescription Only,Store below 25°C,36,B,E,226.51,270.03,163,565,90
DRG1542,Loratadine-D 1% Capsule,Loratadine,Loratadine-D,OTC Allergy,Capsule,1%,Sanofi Nigeria,Antihistamines,30,OTC,Protect from light,60,C,N,109.98,164.02,124,474,79
DRG1543,Chloramphenicol DS 1% Suspension,Chloramphenicol Eye Drops,Chloramphenicol DS,OTC Eye Care,Suspension,1%,Fidson Healthcare,Ophthalmics,20,Controlled,Store below 25°C,18,B,E,94.27,119.52,251,1188,173
DRG1544,SimvastatinGold 100mg/5ml Cream,Simvastatin,SimvastatinGold,Chronic Disease Management,Cream,100mg/5ml,Sun Pharmaceuticals Nigeria,Cardiovascular,10,OTC,Protect from light,18,B,N,84.18,136.52,476,1495,211
DRG1545,Tetracycline DS 50mg Sachet/Powder,Tetracycline Eye Ointment,Tetracycline DS,OTC Eye Care,Sachet/Powder,50mg,Bond Chemical Industries,Ophthalmics,50,OTC,Refrigerate 2-8°C,36,C,E,43.67,69.24,108,334,43
DRG1546,Diclofenac DS 10mg Injection,Diclofenac,Diclofenac DS,OTC Pain Relief,Injection,10mg,Cipla Nigeria,Analgesics,1,OTC,Store below 25°C,60,B,E,173.03,224.03,435,1373,287
DRG1547,Albendazole Junior 20mg/ml Syrup,Albendazole,Albendazole Junior,OTC/Prescription Antiparasitic,Syrup,20mg/ml,Sanofi Nigeria,Antiparasitics,30,OTC,Store below 25°C,12,C,E,54.97,84.74,64,214,29
DRG1548,PromethazineExtra 1g Suppository,Promethazine,PromethazineExtra,OTC Allergy,Suppository,1g,May & Baker Nigeria,Antihistamines,24,Controlled,Refrigerate 2-8°C,60,C,E,48.55,75.33,280,775,115
DRG1549,IvermectinMax 50mg Injection,Ivermectin,IvermectinMax,OTC/Prescription Antiparasitic,Injection,50mg,Codix Pharma,Antiparasitics,50,OTC,Store below 25°C,36,A,E,162.35,266.79,154,653,68
DRG1550,Omeprazole Junior 5mg Suspension,Omeprazole,Omeprazole Junior,OTC Gastro,Suspension,5mg,Codix Pharma,Antacids/Antiulcerants,5,Controlled,Store in a cool dry place,36,B,E,150.2,217.63,214,645,110
DRG1551,AmlodipinePlus 5mg Ointment,Amlodipine,AmlodipinePlus,Chronic Disease Management,Ointment,5mg,Chi Pharmaceuticals,Antihypertensives,20,Prescription Only,Store below 25°C,18,B,E,89.09,106.1,248,1194,115
DRG1552,Whitfield'sExtra 50mg Eye Drops,Whitfield's Ointment,Whitfield'sExtra,OTC Skincare,Eye Drops,50mg,Bioraj Pharmaceuticals,Dermatologicals,10,Prescription Only,Protect from light,18,C,N,190.7,280.98,453,1376,222
DRG1553,MagnesiumPlus 1g Syrup,Magnesium Trisilicate,MagnesiumPlus,OTC Gastro,Syrup,1g,Fidson Healthcare,Antacids/Antiulcerants,50,Controlled,Refrigerate 2-8°C,36,A,E,257.22,376.18,403,1265,279
DRG1554,Omeprazole DS 20mg Syrup,Omeprazole,Omeprazole DS,OTC Gastro,Syrup,20mg,Sun Pharmaceuticals Nigeria,Antacids/Antiulcerants,5,OTC,"Store below 30°C, away from moisture",60,C,E,231.99,340.83,84,272,51
DRG1555,Magnesium Junior 5mg/ml Tablet,Magnesium Trisilicate,Magnesium Junior,OTC Gastro,Tablet,5mg/ml,Novartis Nigeria,Antacids/Antiulcerants,20,Prescription Only,Protect from light,48,B,E,62.19,81.07,211,932,129
DRG1556,OseltamivirExtra 1g Suppository,Oseltamivir,OseltamivirExtra,Prescription Antimicrobials,Suppository,1g,Neimeth International,Antivirals,10,OTC,Store below 25°C,36,A,N,180.52,285.19,294,1049,125
DRG1557,MedroxyprogesteroneExtra 1g Cream,Medroxyprogesterone,MedroxyprogesteroneExtra,Family Planning,Cream,1g,Emzor Pharmaceuticals,Contraceptives,10,OTC,Store below 25°C,60,B,N,97.47,158.85,336,1528,208
DRG1558,VitaminPlus 250mg Inhaler,Vitamin C,VitaminPlus,Wellness/Supplements,Inhaler,250mg,Sun Pharmaceuticals Nigeria,Vitamins & Supplements,100,Prescription Only,Store below 25°C,18,B,E,336.71,423.87,432,1927,268
DRG1559,Ciprofloxacin Junior 20mg/ml Inhaler,Ciprofloxacin,Ciprofloxacin Junior,Prescription Antimicrobials,Inhaler,20mg/ml,Emzor Pharmaceuticals,Antibiotics,100,OTC,Protect from light,36,B,V,78.24,93.42,68,328,40
DRG1560,Piroxicam Junior 20mg Inhaler,Piroxicam,Piroxicam Junior,OTC Pain Relief,Inhaler,20mg,Novartis Nigeria,NSAIDs,60,Controlled,Store in a cool dry place,36,C,E,68.23,85.1,329,1444,154
DRG1561,Gliclazide-D 5mg Suspension,Gliclazide,Gliclazide-D,Chronic Disease Management,Suspension,5mg,Codix Pharma,Antidiabetics,50,Prescription Only,"Store below 30°C, away from moisture",36,C,E,59.55,92.91,389,1022,204
DRG1562,KetoconazolePlus 0.5% Ointment,Ketoconazole,KetoconazolePlus,Prescription Antimicrobials,Ointment,0.50%,Evans Medical Plc,Antifungals,50,OTC,Store in a cool dry place,36,A,N,95.98,142.85,472,2167,308
DRG1563,DiazepamExtra 1g Sachet/Powder,Diazepam,DiazepamExtra,Prescription CNS,Sachet/Powder,1g,Sun Pharmaceuticals Nigeria,Antidepressants/CNS,30,Controlled,Store in a cool dry place,36,A,E,117.07,171.86,397,1923,238
DRG1564,Mefenamic DS 1g Eye Drops,Mefenamic Acid,Mefenamic DS,OTC Pain Relief,Eye Drops,1g,Bioraj Pharmaceuticals,NSAIDs,60,OTC,Store in a cool dry place,18,C,N,118.76,160.43,231,1151,143
DRG1565,LevonorgestrelGold 50mg Suspension,Levonorgestrel,LevonorgestrelGold,Family Planning,Suspension,50mg,Chi Pharmaceuticals,Contraceptives,30,Controlled,Protect from light,24,C,E,107.41,154.55,472,1327,271
DRG1566,MefenamicMax 100mg/5ml Suspension,Mefenamic Acid,MefenamicMax,OTC Pain Relief,Suspension,100mg/5ml,Evans Medical Plc,NSAIDs,24,OTC,Protect from light,60,B,N,136.81,178.39,450,1814,240
DRG1567,Diclofenac DS 10mg Tablet,Diclofenac Gel,Diclofenac DS,OTC Pain Relief,Tablet,10mg,Marbis Pharmaceuticals,NSAIDs,30,OTC,"Store below 30°C, away from moisture",60,C,V,73.7,102.34,196,587,123
DRG1568,Praziquantel Junior 1% Tablet,Praziquantel,Praziquantel Junior,OTC/Prescription Antiparasitic,Tablet,1%,Neimeth International,Antiparasitics,30,OTC,"Store below 30°C, away from moisture",24,B,N,52.82,81.69,423,1335,177
DRG1569,Warfarin DS 0.5% Inhaler,Warfarin,Warfarin DS,Chronic Disease Management,Inhaler,0.50%,Pfizer Nigeria,Anticoagulants,30,OTC,Refrigerate 2-8°C,36,C,N,50.91,83.52,225,981,135
DRG1570,Zinc Junior 50mg Cream,Zinc Sulphate,Zinc Junior,Wellness/Supplements,Cream,50mg,Swiss Pharma Nigeria,Vitamins & Supplements,5,Prescription Only,Store below 25°C,60,B,N,174.76,282.45,212,1048,148
DRG1571,AmlodipinePlus 250mg Tablet,Amlodipine,AmlodipinePlus,Chronic Disease Management,Tablet,250mg,May & Baker Nigeria,Antihypertensives,60,Prescription Only,Refrigerate 2-8°C,24,A,V,117.38,189.8,465,1854,294
DRG1572,RanitidineMax 1g Capsule,Ranitidine,RanitidineMax,OTC Gastro,Capsule,1g,Juhel Nigeria Limited,Antacids/Antiulcerants,60,Prescription Only,Store in a cool dry place,36,C,V,38.53,52.06,224,1036,109
DRG1573,SimvastatinMax 0.5% Capsule,Simvastatin,SimvastatinMax,Chronic Disease Management,Capsule,0.50%,Pharma-Deko Plc,Cardiovascular,5,OTC,"Store below 30°C, away from moisture",18,B,E,193.49,267.87,96,242,46
DRG1574,Hydrocortisone DS 2.5mg Syrup,Hydrocortisone Cream,Hydrocortisone DS,OTC Skincare,Syrup,2.5mg,Codix Pharma,Dermatologicals,5,Prescription Only,Refrigerate 2-8°C,60,C,V,387.96,583.03,305,790,183
DRG1575,VitaminExtra 500mg Eye Drops,Vitamin C,VitaminExtra,Wellness/Supplements,Eye Drops,500mg,Novartis Nigeria,Vitamins & Supplements,10,OTC,Store in a cool dry place,36,B,V,56.68,91.32,497,1983,332
DRG1576,PraziquantelPlus 1% Inhaler,Praziquantel,PraziquantelPlus,OTC/Prescription Antiparasitic,Inhaler,1%,Neimeth International,Antiparasitics,60,Controlled,Protect from light,48,C,V,106.41,129.93,223,774,127
DRG1577,Promethazine Junior 50mg Sachet/Powder,Promethazine,Promethazine Junior,OTC Allergy,Sachet/Powder,50mg,Emzor Pharmaceuticals,Antihistamines,60,Prescription Only,Store below 25°C,24,C,E,64.01,83.35,152,718,84
DRG1578,ArtesunateMax 100mg/5ml Sachet/Powder,Artesunate,ArtesunateMax,OTC/Prescription Antimalarial,Sachet/Powder,100mg/5ml,Swiss Pharma Nigeria,Antimalarials,24,OTC,"Store below 30°C, away from moisture",60,A,E,132.34,161.4,170,553,76
DRG1579,DigoxinForte 50mg Cream,Digoxin,DigoxinForte,Chronic Disease Management,Cream,50mg,Sanofi Nigeria,Cardiovascular,1,OTC,Protect from light,36,C,V,47.01,68.45,468,1675,287
DRG1580,ChlorpheniramineGold 20mg Suppository,Chlorpheniramine,ChlorpheniramineGold,OTC Allergy,Suppository,20mg,Bond Chemical Industries,Antihistamines,5,Prescription Only,Store below 25°C,36,C,V,80.83,105.33,399,1524,243
DRG1581,SimvastatinGold 20mg Injection,Simvastatin,SimvastatinGold,Chronic Disease Management,Injection,20mg,Fidson Healthcare,Cardiovascular,1,Controlled,Refrigerate 2-8°C,12,C,E,175.67,230.66,194,617,133
DRG1582,ClotrimazoleForte 2.5mg Cream,Clotrimazole,ClotrimazoleForte,Prescription Antimicrobials,Cream,2.5mg,Novartis Nigeria,Antifungals,10,OTC,Protect from light,12,C,E,217.86,258.26,91,434,44
DRG1583,Warfarin DS 5mg/ml Suspension,Warfarin,Warfarin DS,Chronic Disease Management,Suspension,5mg/ml,Pharma-Deko Plc,Anticoagulants,100,OTC,Refrigerate 2-8°C,60,C,V,113.64,150.56,416,1523,260
DRG1584,Ivermectin 100mg/5ml Ointment,Ivermectin,Ivermectin,OTC/Prescription Antiparasitic,Ointment,100mg/5ml,Evans Medical Plc,Antiparasitics,60,OTC,Refrigerate 2-8°C,60,A,E,68.9,108.95,78,277,41
DRG1585,KetoconazoleMax 500mg Injection,Ketoconazole,KetoconazoleMax,Prescription Antimicrobials,Injection,500mg,Drugfield Pharmaceuticals,Antifungals,1,Prescription Only,Store below 25°C,60,B,N,41.11,52.07,429,1983,243
DRG1586,AtorvastatinExtra 10mg Capsule,Atorvastatin,AtorvastatinExtra,Chronic Disease Management,Capsule,10mg,Emzor Pharmaceuticals,Cardiovascular,20,OTC,Store below 25°C,18,C,N,55.6,83.27,322,1056,207
DRG1587,WarfarinForte 1% Tablet,Warfarin,WarfarinForte,Chronic Disease Management,Tablet,1%,May & Baker Nigeria,Anticoagulants,10,Prescription Only,Refrigerate 2-8°C,48,C,N,64.15,93.97,63,286,29
DRG1588,Artesunate Junior 1g Sachet/Powder,Artesunate,Artesunate Junior,OTC/Prescription Antimalarial,Sachet/Powder,1g,Nemel Pharmaceuticals,Antimalarials,20,Prescription Only,Store below 25°C,60,A,N,57.17,90.43,457,1282,229
DRG1589,GlibenclamideForte 500mg Syrup,Glibenclamide,GlibenclamideForte,Chronic Disease Management,Syrup,500mg,Reckitt Benckiser Nigeria,Antidiabetics,20,OTC,"Store below 30°C, away from moisture",18,C,E,87.95,106.96,490,1448,309
DRG1590,Ciprofloxacin-D 2.5mg Sachet/Powder,Ciprofloxacin,Ciprofloxacin-D,Prescription Antimicrobials,Sachet/Powder,2.5mg,Sun Pharmaceuticals Nigeria,Antibiotics,30,OTC,"Store below 30°C, away from moisture",60,C,E,68.79,112.73,355,1731,202
DRG1591,OndansetronExtra 20mg Eye Drops,Ondansetron,OndansetronExtra,OTC Gastro,Eye Drops,20mg,Sanofi Nigeria,Antiemetics,10,OTC,Protect from light,12,B,E,94.85,136.71,362,1667,154
DRG1592,ArtesunateMax 2.5mg Syrup,Artesunate,ArtesunateMax,OTC/Prescription Antimalarial,Syrup,2.5mg,Juhel Nigeria Limited,Antimalarials,30,Prescription Only,Store below 25°C,18,B,E,211.75,348.91,238,825,125
DRG1593,ChlorpheniramineExtra 20mg/ml Ointment,Chlorpheniramine,ChlorpheniramineExtra,OTC Allergy,Ointment,20mg/ml,Chi Pharmaceuticals,Antihistamines,50,Prescription Only,Protect from light,60,C,E,66.36,106.56,409,1675,235
DRG1594,AcyclovirMax 1% Cream,Acyclovir,AcyclovirMax,Prescription Antimicrobials,Cream,1%,Cipla Nigeria,Antivirals,30,Prescription Only,Refrigerate 2-8°C,24,B,E,43.7,55.1,344,1670,231
DRG1595,CetirizineForte 1g Eye Drops,Cetirizine,CetirizineForte,OTC Allergy,Eye Drops,1g,Fidson Healthcare,Antihistamines,10,Prescription Only,Store in a cool dry place,12,C,E,57.07,67.23,232,702,105
DRG1596,NaproxenForte 50mg Cream,Naproxen,NaproxenForte,OTC Pain Relief,Cream,50mg,Reckitt Benckiser Nigeria,NSAIDs,60,Prescription Only,Protect from light,60,C,V,127.86,163.38,401,1061,257
DRG1597,Quinine-D 1g Eye Drops,Quinine,Quinine-D,OTC/Prescription Antimalarial,Eye Drops,1g,Bond Chemical Industries,Antimalarials,1,OTC,Refrigerate 2-8°C,36,B,N,137.55,194.47,85,326,37
DRG1598,SimvastatinExtra 1% Tablet,Simvastatin,SimvastatinExtra,Chronic Disease Management,Tablet,1%,Chi Pharmaceuticals,Cardiovascular,60,OTC,Store in a cool dry place,24,B,V,111.95,138.35,419,1196,198
DRG1599,Praziquantel Junior 5mg Syrup,Praziquantel,Praziquantel Junior,OTC/Prescription Antiparasitic,Syrup,5mg,Bioraj Pharmaceuticals,Antiparasitics,100,OTC,Store below 25°C,18,B,E,230.48,284.35,86,255,40
DRG1600,FurosemideExtra 1g Ointment,Furosemide,FurosemideExtra,Chronic Disease Management,Ointment,1g,Pfizer Nigeria,Cardiovascular,10,OTC,"Store below 30°C, away from moisture",18,B,V,75.31,104.03,63,297,41
DRG1601,WarfarinForte 100mg/5ml Tablet,Warfarin,WarfarinForte,Chronic Disease Management,Tablet,100mg/5ml,Juhel Nigeria Limited,Anticoagulants,1,OTC,Refrigerate 2-8°C,18,C,E,455.03,530.85,460,1158,211
DRG1602,DiclofenacExtra 2.5mg Injection,Diclofenac,DiclofenacExtra,OTC Pain Relief,Injection,2.5mg,Sun Pharmaceuticals Nigeria,Analgesics,50,OTC,Store in a cool dry place,48,B,V,153.74,186.17,172,781,109
DRG1603,PromethazineExtra 20mg/ml Eye Drops,Promethazine Injection,PromethazineExtra,OTC Gastro,Eye Drops,20mg/ml,Cipla Nigeria,Antiemetics,10,OTC,Store below 25°C,12,C,N,34.38,46.69,132,500,71
DRG1604,FurosemideMax 10mg Syrup,Furosemide,FurosemideMax,Chronic Disease Management,Syrup,10mg,Marbis Pharmaceuticals,Cardiovascular,5,Controlled,"Store below 30°C, away from moisture",36,B,E,360.52,425.98,208,810,145
DRG1605,MetoclopramideExtra 20mg/ml Cream,Metoclopramide,MetoclopramideExtra,OTC Gastro,Cream,20mg/ml,Pharma-Deko Plc,Antiemetics,50,Prescription Only,Store in a cool dry place,48,B,E,55.36,74.65,378,1579,246
DRG1606,Atenolol 1g Injection,Atenolol,Atenolol,Chronic Disease Management,Injection,1g,Swiss Pharma Nigeria,Antihypertensives,60,Prescription Only,"Store below 30°C, away from moisture",24,A,E,49.41,68.53,151,540,93
DRG1607,AspirinPlus 1g Eye Drops,Aspirin (Low Dose),AspirinPlus,Chronic Disease Management,Eye Drops,1g,May & Baker Nigeria,Anticoagulants,100,OTC,Refrigerate 2-8°C,60,A,E,122.18,168.07,386,1076,255
DRG1608,Folic Junior 2.5mg Injection,Folic Acid,Folic Junior,Wellness/Supplements,Injection,2.5mg,Pfizer Nigeria,Vitamins & Supplements,60,Prescription Only,Refrigerate 2-8°C,60,B,N,39.6,62.75,132,363,77
DRG1609,RanitidineGold 50mg Inhaler,Ranitidine,RanitidineGold,OTC Gastro,Inhaler,50mg,Ranbaxy Nigeria,Antacids/Antiulcerants,30,Prescription Only,"Store below 30°C, away from moisture",36,B,E,57.24,81,93,407,60
DRG1610,Aspirin-D 500mg Suppository,Aspirin (Low Dose),Aspirin-D,Chronic Disease Management,Suppository,500mg,Emzor Pharmaceuticals,Anticoagulants,100,Prescription Only,Protect from light,24,C,N,289.07,400.07,117,357,55
DRG1611,Quinine Junior 1% Inhaler,Quinine,Quinine Junior,OTC/Prescription Antimalarial,Inhaler,1%,Drugfield Pharmaceuticals,Antimalarials,50,OTC,Store in a cool dry place,18,C,N,125.22,169.72,97,249,41
DRG1612,KetoconazolePlus 10mg Eye Drops,Ketoconazole,KetoconazolePlus,Prescription Antimicrobials,Eye Drops,10mg,Evans Medical Plc,Antifungals,30,Prescription Only,Refrigerate 2-8°C,24,B,N,153.01,238.51,106,524,61
DRG1613,GentamicinExtra 1g Injection,Gentamicin Eye Drops,GentamicinExtra,OTC Eye Care,Injection,1g,Codix Pharma,Ophthalmics,1,Controlled,Protect from light,48,B,E,58.31,93.15,124,613,65
DRG1614,RanitidineForte 1% Injection,Ranitidine,RanitidineForte,OTC Gastro,Injection,1%,Marbis Pharmaceuticals,Antacids/Antiulcerants,10,Prescription Only,"Store below 30°C, away from moisture",48,B,V,41.72,65.78,71,244,37
DRG1615,Combined DS 1% Ointment,Combined Oral Contraceptive Pill,Combined DS,Family Planning,Ointment,1%,Chi Pharmaceuticals,Contraceptives,10,OTC,"Store below 30°C, away from moisture",18,B,E,140.7,209.19,181,464,101
DRG1616,Acyclovir DS 1g Capsule,Acyclovir,Acyclovir DS,Prescription Antimicrobials,Capsule,1g,Emzor Pharmaceuticals,Antivirals,1,Prescription Only,"Store below 30°C, away from moisture",36,B,E,168.41,205.24,351,1515,178
DRG1617,Mebendazole Junior 500mg Cream,Mebendazole,Mebendazole Junior,OTC/Prescription Antiparasitic,Cream,500mg,Marbis Pharmaceuticals,Antiparasitics,50,OTC,"Store below 30°C, away from moisture",60,B,N,162.29,209.1,492,2252,289
DRG1618,GentamicinExtra 5mg Inhaler,Gentamicin Eye Drops,GentamicinExtra,OTC Eye Care,Inhaler,5mg,Pharma-Deko Plc,Ophthalmics,60,Controlled,Store below 25°C,12,B,N,97.29,114.12,467,1313,191
DRG1619,FurosemideExtra 1% Cream,Furosemide,FurosemideExtra,Chronic Disease Management,Cream,1%,Evans Medical Plc,Cardiovascular,100,Prescription Only,Store in a cool dry place,60,A,N,50.76,82,316,897,218
DRG1620,Furosemide-D 0.5% Inhaler,Furosemide,Furosemide-D,Chronic Disease Management,Inhaler,0.50%,Neimeth International,Cardiovascular,10,Prescription Only,Refrigerate 2-8°C,48,A,N,655.01,969.68,336,1530,227
DRG1621,WarfarinPlus 5mg/ml Syrup,Warfarin,WarfarinPlus,Chronic Disease Management,Syrup,5mg/ml,SKG Pharma,Anticoagulants,20,Controlled,"Store below 30°C, away from moisture",18,A,V,118.22,180.07,444,2133,302
DRG1622,AtenololGold 0.5% Capsule,Atenolol,AtenololGold,Chronic Disease Management,Capsule,0.50%,Neimeth International,Antihypertensives,60,Controlled,Refrigerate 2-8°C,12,C,V,75.88,99.08,169,756,86
DRG1623,Whitfield's Junior 2.5mg Ointment,Whitfield's Ointment,Whitfield's Junior,OTC Skincare,Ointment,2.5mg,May & Baker Nigeria,Dermatologicals,10,Prescription Only,Store in a cool dry place,60,B,E,76.09,119.68,295,885,165
DRG1624,Metformin Junior 500mg Syrup,Metformin,Metformin Junior,Chronic Disease Management,Syrup,500mg,Juhel Nigeria Limited,Antidiabetics,50,OTC,Store below 25°C,60,B,N,93.41,119.55,105,370,72
DRG1625,AmitriptylineGold 250mg Eye Drops,Amitriptyline,AmitriptylineGold,Prescription CNS,Eye Drops,250mg,Fidson Healthcare,Antidepressants/CNS,10,OTC,"Store below 30°C, away from moisture",18,C,N,189.11,217.63,87,348,58
DRG1626,Insulin DS 20mg/ml Sachet/Powder,Insulin Glargine,Insulin DS,Chronic Disease Management,Sachet/Powder,20mg/ml,Ranbaxy Nigeria,Antidiabetics,100,OTC,Refrigerate 2-8°C,36,C,E,96,128.47,294,852,187
DRG1627,DiclofenacForte 10mg Tablet,Diclofenac,DiclofenacForte,OTC Pain Relief,Tablet,10mg,Codix Pharma,Analgesics,10,OTC,Protect from light,36,C,N,158.83,227.98,70,211,36
DRG1628,AspirinForte 1g Inhaler,Aspirin,AspirinForte,OTC Pain Relief,Inhaler,1g,Sanofi Nigeria,Analgesics,5,Prescription Only,"Store below 30°C, away from moisture",36,C,N,93.52,129.93,159,509,90
DRG1629,RanitidinePlus 1% Sachet/Powder,Ranitidine,RanitidinePlus,OTC Gastro,Sachet/Powder,1%,Codix Pharma,Antacids/Antiulcerants,50,OTC,Refrigerate 2-8°C,48,A,N,78.8,124.59,143,539,91
DRG1630,MebendazoleMax 10mg Cream,Mebendazole,MebendazoleMax,OTC/Prescription Antiparasitic,Cream,10mg,Juhel Nigeria Limited,Antiparasitics,60,Prescription Only,Store in a cool dry place,12,C,N,133.67,160.77,443,1673,213
DRG1631,Lamivudine Junior 20mg/ml Inhaler,Lamivudine/Tenofovir/Dolutegravir,Lamivudine Junior,Prescription Antimicrobials,Inhaler,20mg/ml,Emzor Pharmaceuticals,Antivirals,5,Prescription Only,"Store below 30°C, away from moisture",18,C,E,129.81,185.23,459,2081,269
DRG1632,AmlodipineForte 10mg Suspension,Amlodipine,AmlodipineForte,Chronic Disease Management,Suspension,10mg,Sun Pharmaceuticals Nigeria,Antihypertensives,50,Prescription Only,"Store below 30°C, away from moisture",48,A,E,76.08,107.01,185,810,119
DRG1633,LamivudinePlus 20mg/ml Sachet/Powder,Lamivudine/Tenofovir/Dolutegravir,LamivudinePlus,Prescription Antimicrobials,Sachet/Powder,20mg/ml,Bioraj Pharmaceuticals,Antivirals,30,Prescription Only,Refrigerate 2-8°C,18,C,V,55.81,72.03,280,1339,171
DRG1634,LevonorgestrelPlus 5mg Suspension,Levonorgestrel,LevonorgestrelPlus,Family Planning,Suspension,5mg,Pharma-Deko Plc,Contraceptives,60,OTC,Store in a cool dry place,60,C,E,106.84,166.79,57,261,30
DRG1635,FurosemideExtra 5mg/ml Eye Drops,Furosemide,FurosemideExtra,Chronic Disease Management,Eye Drops,5mg/ml,Sun Pharmaceuticals Nigeria,Cardiovascular,5,Prescription Only,"Store below 30°C, away from moisture",12,B,E,89.05,135.93,493,1545,283
DRG1636,ChloramphenicolPlus 250mg Inhaler,Chloramphenicol Eye Drops,ChloramphenicolPlus,OTC Eye Care,Inhaler,250mg,Emzor Pharmaceuticals,Ophthalmics,10,Controlled,Store below 25°C,24,A,V,61.35,93.03,377,1254,262
DRG1637,MefenamicExtra 250mg Capsule,Mefenamic Acid,MefenamicExtra,OTC Pain Relief,Capsule,250mg,Reckitt Benckiser Nigeria,NSAIDs,60,OTC,"Store below 30°C, away from moisture",36,A,N,53.51,84.98,424,1590,246
DRG1638,Salbutamol DS 250mg Sachet/Powder,Salbutamol,Salbutamol DS,OTC Respiratory,Sachet/Powder,250mg,Bond Chemical Industries,Respiratory/Antitussives,50,Prescription Only,Store below 25°C,24,B,E,112.31,169.74,339,859,215
DRG1639,InsulinGold 20mg/ml Capsule,Insulin Glargine,InsulinGold,Chronic Disease Management,Capsule,20mg/ml,Bioraj Pharmaceuticals,Antidiabetics,10,Prescription Only,Store in a cool dry place,18,A,N,124.64,157.78,300,1427,185
DRG1640,ParacetamolGold 50mg Eye Drops,Paracetamol,ParacetamolGold,OTC Pain Relief,Eye Drops,50mg,May & Baker Nigeria,Analgesics,5,OTC,Store below 25°C,60,C,E,68.09,102.32,449,1172,274
DRG1641,AspirinExtra 500mg Suspension,Aspirin (Low Dose),AspirinExtra,Chronic Disease Management,Suspension,500mg,May & Baker Nigeria,Anticoagulants,100,Prescription Only,Store below 25°C,12,C,E,60.57,78.97,410,1355,252
DRG1642,Promethazine DS 250mg Syrup,Promethazine Injection,Promethazine DS,OTC Gastro,Syrup,250mg,Bioraj Pharmaceuticals,Antiemetics,10,Prescription Only,Refrigerate 2-8°C,60,A,E,53.8,68.38,446,1749,239
DRG1643,OseltamivirGold 250mg Injection,Oseltamivir,OseltamivirGold,Prescription Antimicrobials,Injection,250mg,Drugfield Pharmaceuticals,Antivirals,50,Controlled,"Store below 30°C, away from moisture",18,C,V,110.02,130.54,136,516,73
DRG1644,NaproxenPlus 100mg/5ml Inhaler,Naproxen,NaproxenPlus,OTC Pain Relief,Inhaler,100mg/5ml,Pfizer Nigeria,NSAIDs,5,Controlled,Store in a cool dry place,18,B,E,54.44,82.86,253,1046,136
DRG1645,AmpicloxForte 1g Inhaler,Ampiclox,AmpicloxForte,Prescription Antimicrobials,Inhaler,1g,Evans Medical Plc,Antibiotics,1,Prescription Only,Protect from light,18,A,E,543.44,818.15,268,1023,109
DRG1646,Bromhexine 5mg Suppository,Bromhexine,Bromhexine,OTC Respiratory,Suppository,5mg,Reckitt Benckiser Nigeria,Respiratory/Antitussives,60,Prescription Only,Refrigerate 2-8°C,36,C,V,66.22,83.92,455,1397,214
DRG1647,Promethazine Junior 0.5% Cream,Promethazine,Promethazine Junior,OTC Allergy,Cream,0.50%,Evans Medical Plc,Antihistamines,50,OTC,Store in a cool dry place,60,C,E,34.83,53.1,290,870,129
DRG1648,Carbamazepine DS 50mg Capsule,Carbamazepine,Carbamazepine DS,Prescription CNS,Capsule,50mg,Evans Medical Plc,Antidepressants/CNS,50,Prescription Only,Refrigerate 2-8°C,24,C,V,82.98,133.51,460,2193,306
DRG1649,MefenamicExtra 1g Tablet,Mefenamic Acid,MefenamicExtra,OTC Pain Relief,Tablet,1g,Codix Pharma,NSAIDs,5,Prescription Only,"Store below 30°C, away from moisture",48,C,N,80.75,97.22,369,1166,178
DRG1650,SimvastatinExtra 1% Suspension,Simvastatin,SimvastatinExtra,Chronic Disease Management,Suspension,1%,Nemel Pharmaceuticals,Cardiovascular,100,OTC,Store in a cool dry place,12,C,V,195.96,248.15,307,983,135
DRG1651,Medroxyprogesterone 50mg Capsule,Medroxyprogesterone,Medroxyprogesterone,Family Planning,Capsule,50mg,Fidson Healthcare,Contraceptives,10,OTC,Protect from light,60,C,E,102.83,156.83,158,558,68
DRG1652,Loratadine-D 500mg Eye Drops,Loratadine,Loratadine-D,OTC Allergy,Eye Drops,500mg,Novartis Nigeria,Antihistamines,60,Prescription Only,Refrigerate 2-8°C,48,B,N,53.72,69.15,305,868,186
DRG1653,Praziquantel-D 1% Ointment,Praziquantel,Praziquantel-D,OTC/Prescription Antiparasitic,Ointment,1%,Chi Pharmaceuticals,Antiparasitics,20,OTC,Store in a cool dry place,18,C,E,71,103.83,331,1247,133
DRG1654,OmeprazoleForte 5mg Eye Drops,Omeprazole,OmeprazoleForte,OTC Gastro,Eye Drops,5mg,SKG Pharma,Antacids/Antiulcerants,20,Prescription Only,Refrigerate 2-8°C,18,C,N,105.75,125.9,269,1119,145
DRG1655,Ivermectin 500mg Sachet/Powder,Ivermectin,Ivermectin,OTC/Prescription Antiparasitic,Sachet/Powder,500mg,Juhel Nigeria Limited,Antiparasitics,30,OTC,Store below 25°C,24,C,N,36.27,49.91,132,589,57
DRG1656,LisinoprilForte 20mg Capsule,Lisinopril,LisinoprilForte,Chronic Disease Management,Capsule,20mg,Neimeth International,Antihypertensives,1,Controlled,Store in a cool dry place,24,A,N,238.23,362,156,667,102
DRG1657,AlbendazoleMax 100mg/5ml Cream,Albendazole,AlbendazoleMax,OTC/Prescription Antiparasitic,Cream,100mg/5ml,Sanofi Nigeria,Antiparasitics,60,OTC,Store in a cool dry place,48,C,V,53.78,80.31,118,338,81
DRG1658,AspirinPlus 5mg/ml Sachet/Powder,Aspirin (Low Dose),AspirinPlus,Chronic Disease Management,Sachet/Powder,5mg/ml,Pfizer Nigeria,Anticoagulants,10,OTC,Refrigerate 2-8°C,12,C,N,255.21,397.5,146,531,100
DRG1659,Clotrimazole 100mg/5ml Capsule,Clotrimazole,Clotrimazole,Prescription Antimicrobials,Capsule,100mg/5ml,Sun Pharmaceuticals Nigeria,Antifungals,60,Controlled,Store in a cool dry place,12,A,N,110.84,176.09,261,677,139
DRG1660,AlbendazoleForte 20mg Eye Drops,Albendazole,AlbendazoleForte,OTC/Prescription Antiparasitic,Eye Drops,20mg,Drugfield Pharmaceuticals,Antiparasitics,5,OTC,"Store below 30°C, away from moisture",60,C,E,132.47,203.55,335,852,198
DRG1661,Nifedipine-D 50mg Suspension,Nifedipine,Nifedipine-D,Chronic Disease Management,Suspension,50mg,Sun Pharmaceuticals Nigeria,Antihypertensives,1,OTC,Refrigerate 2-8°C,48,A,V,202.33,300.62,286,1029,165
DRG1662,Piroxicam DS 250mg Capsule,Piroxicam,Piroxicam DS,OTC Pain Relief,Capsule,250mg,Marbis Pharmaceuticals,NSAIDs,24,Prescription Only,Store below 25°C,48,A,E,126.85,147.89,57,178,28
DRG1663,NaproxenExtra 20mg Eye Drops,Naproxen,NaproxenExtra,OTC Pain Relief,Eye Drops,20mg,SKG Pharma,NSAIDs,100,Prescription Only,Protect from light,60,C,N,137.01,194.21,343,1443,182
DRG1664,AmpicloxForte 5mg/ml Suppository,Ampiclox,AmpicloxForte,Prescription Antimicrobials,Suppository,5mg/ml,Nemel Pharmaceuticals,Antibiotics,24,Prescription Only,Refrigerate 2-8°C,18,B,E,76.32,89.21,238,1025,99
DRG1665,Ampiclox-D 500mg Ointment,Ampiclox,Ampiclox-D,Prescription Antimicrobials,Ointment,500mg,Marbis Pharmaceuticals,Antibiotics,24,Controlled,Store below 25°C,18,A,N,109.22,169.73,130,616,83
DRG1666,PromethazinePlus 0.5% Ointment,Promethazine Injection,PromethazinePlus,OTC Gastro,Ointment,0.50%,Chi Pharmaceuticals,Antiemetics,24,Prescription Only,Store below 25°C,24,C,V,60.34,79.07,157,691,74
DRG1667,Loratadine Junior 1% Suspension,Loratadine,Loratadine Junior,OTC Allergy,Suspension,1%,Ranbaxy Nigeria,Antihistamines,1,Prescription Only,Store below 25°C,12,C,N,68.73,98.37,370,969,199
DRG1668,LoratadinePlus 5mg/ml Eye Drops,Loratadine,LoratadinePlus,OTC Allergy,Eye Drops,5mg/ml,Swiss Pharma Nigeria,Antihistamines,60,Prescription Only,Store in a cool dry place,12,A,E,419.43,540.95,116,397,63
DRG1669,Medroxyprogesterone 100mg/5ml Capsule,Medroxyprogesterone,Medroxyprogesterone,Family Planning,Capsule,100mg/5ml,Evans Medical Plc,Contraceptives,1,OTC,Store in a cool dry place,48,C,V,54.33,83.74,223,709,126
DRG1670,HydrocortisoneForte 20mg/ml Injection,Hydrocortisone Cream,HydrocortisoneForte,OTC Skincare,Injection,20mg/ml,May & Baker Nigeria,Dermatologicals,60,OTC,Protect from light,18,C,E,93.71,149.3,395,1368,254
DRG1671,MetforminExtra 50mg Capsule,Metformin,MetforminExtra,Chronic Disease Management,Capsule,50mg,Emzor Pharmaceuticals,Antidiabetics,24,Prescription Only,Store in a cool dry place,60,C,V,91.16,123,400,1160,243
DRG1672,FluoxetineMax 500mg Eye Drops,Fluoxetine,FluoxetineMax,Prescription CNS,Eye Drops,500mg,Codix Pharma,Antidepressants/CNS,24,Prescription Only,Store below 25°C,48,C,V,70.01,110.72,377,1034,225
DRG1673,AzithromycinExtra 5mg Injection,Azithromycin,AzithromycinExtra,Prescription Antimicrobials,Injection,5mg,Juhel Nigeria Limited,Antibiotics,100,OTC,Store below 25°C,48,C,E,121.32,155.72,92,349,51
DRG1674,ParacetamolMax 2.5mg Inhaler,Paracetamol,ParacetamolMax,OTC Pain Relief,Inhaler,2.5mg,SKG Pharma,Analgesics,10,OTC,"Store below 30°C, away from moisture",24,B,E,128.47,182.08,236,1015,101
DRG1675,FerrousGold 5mg/ml Sachet/Powder,Ferrous Sulphate,FerrousGold,Wellness/Supplements,Sachet/Powder,5mg/ml,Juhel Nigeria Limited,Vitamins & Supplements,1,OTC,Store below 25°C,18,B,N,51.63,81.54,351,1493,182
DRG1676,AlbendazoleExtra 5mg Suppository,Albendazole,AlbendazoleExtra,OTC/Prescription Antiparasitic,Suppository,5mg,Swiss Pharma Nigeria,Antiparasitics,20,OTC,Store below 25°C,48,C,N,90.42,118.72,249,903,171
DRG1677,Loratadine DS 1g Sachet/Powder,Loratadine,Loratadine DS,OTC Allergy,Sachet/Powder,1g,Pfizer Nigeria,Antihistamines,30,Prescription Only,Store in a cool dry place,12,C,E,48.5,78.91,430,1636,300
DRG1678,Hydrocortisone DS 10mg Tablet,Hydrocortisone Cream,Hydrocortisone DS,OTC Skincare,Tablet,10mg,Ranbaxy Nigeria,Dermatologicals,60,OTC,Protect from light,18,A,V,150.13,181.8,468,1774,289
DRG1679,Gliclazide 20mg/ml Ointment,Gliclazide,Gliclazide,Chronic Disease Management,Ointment,20mg/ml,Marbis Pharmaceuticals,Antidiabetics,24,OTC,Protect from light,24,C,E,95.14,110.28,88,372,41
DRG1680,MetoclopramidePlus 500mg Ointment,Metoclopramide,MetoclopramidePlus,OTC Gastro,Ointment,500mg,Cipla Nigeria,Antiemetics,5,OTC,"Store below 30°C, away from moisture",60,C,N,89.28,143.03,269,704,115
DRG1681,Erythromycin DS 5mg/ml Injection,Erythromycin,Erythromycin DS,Prescription Antimicrobials,Injection,5mg/ml,Bond Chemical Industries,Antibiotics,60,OTC,Protect from light,48,A,E,135.53,160.51,356,1521,186
DRG1682,Digoxin 100mg/5ml Eye Drops,Digoxin,Digoxin,Chronic Disease Management,Eye Drops,100mg/5ml,Drugfield Pharmaceuticals,Cardiovascular,5,Controlled,Protect from light,48,A,V,71.45,117.6,53,209,34
DRG1683,Warfarin-D 1% Capsule,Warfarin,Warfarin-D,Chronic Disease Management,Capsule,1%,Drugfield Pharmaceuticals,Anticoagulants,1,Controlled,Protect from light,48,B,E,166.19,270.17,170,509,104
DRG1684,TetracyclineMax 20mg Sachet/Powder,Tetracycline Eye Ointment,TetracyclineMax,OTC Eye Care,Sachet/Powder,20mg,May & Baker Nigeria,Ophthalmics,50,Prescription Only,Protect from light,48,C,N,51.15,62.33,385,1009,256
DRG1685,FolicGold 10mg Inhaler,Folic Acid,FolicGold,Wellness/Supplements,Inhaler,10mg,Ranbaxy Nigeria,Vitamins & Supplements,60,Controlled,"Store below 30°C, away from moisture",24,A,E,254.05,360.44,126,349,73
DRG1686,MedroxyprogesteroneMax 50mg Injection,Medroxyprogesterone,MedroxyprogesteroneMax,Family Planning,Injection,50mg,Cipla Nigeria,Contraceptives,100,Prescription Only,"Store below 30°C, away from moisture",48,B,N,61.47,76.37,228,869,100
DRG1687,Insulin-D 2.5mg Suppository,Insulin Glargine,Insulin-D,Chronic Disease Management,Suppository,2.5mg,Juhel Nigeria Limited,Antidiabetics,60,OTC,Store in a cool dry place,48,C,E,40.01,54.58,182,800,79
DRG1688,LevonorgestrelMax 10mg Sachet/Powder,Levonorgestrel,LevonorgestrelMax,Family Planning,Sachet/Powder,10mg,GlaxoSmithKline Nigeria,Contraceptives,30,Prescription Only,Refrigerate 2-8°C,18,C,V,69.31,81.84,360,1201,149
DRG1689,Promethazine DS 1% Eye Drops,Promethazine Injection,Promethazine DS,OTC Gastro,Eye Drops,1%,Chi Pharmaceuticals,Antiemetics,50,Controlled,Store in a cool dry place,48,B,E,65.09,82.14,278,958,158
DRG1690,SimvastatinForte 500mg Injection,Simvastatin,SimvastatinForte,Chronic Disease Management,Injection,500mg,Bond Chemical Industries,Cardiovascular,100,Prescription Only,Store in a cool dry place,12,B,E,69.01,91.9,325,1571,153
DRG1691,Artesunate Junior 2.5mg Eye Drops,Artesunate,Artesunate Junior,OTC/Prescription Antimalarial,Eye Drops,2.5mg,Bond Chemical Industries,Antimalarials,50,Prescription Only,Store in a cool dry place,18,C,V,98.83,135.33,201,609,124
DRG1692,Fluconazole Junior 500mg Inhaler,Fluconazole,Fluconazole Junior,Prescription Antimicrobials,Inhaler,500mg,Cipla Nigeria,Antifungals,1,OTC,Refrigerate 2-8°C,12,C,V,193.67,317.38,213,587,129
DRG1693,Glibenclamide-D 250mg Tablet,Glibenclamide,Glibenclamide-D,Chronic Disease Management,Tablet,250mg,GlaxoSmithKline Nigeria,Antidiabetics,20,OTC,Protect from light,48,C,V,75.07,116.65,339,1138,167
DRG1694,Ketoconazole DS 250mg Suspension,Ketoconazole,Ketoconazole DS,Prescription Antimicrobials,Suspension,250mg,GlaxoSmithKline Nigeria,Antifungals,10,OTC,Refrigerate 2-8°C,48,C,V,57.34,87.08,427,1863,193
DRG1695,GriseofulvinGold 10mg Suspension,Griseofulvin,GriseofulvinGold,Prescription Antimicrobials,Suspension,10mg,Cipla Nigeria,Antifungals,50,Controlled,Refrigerate 2-8°C,18,B,E,47.7,67.66,158,642,68
DRG1696,Metformin-D 5mg Suspension,Metformin,Metformin-D,Chronic Disease Management,Suspension,5mg,Codix Pharma,Antidiabetics,100,OTC,Protect from light,12,B,N,64.19,100.78,175,619,108
DRG1697,CetirizineMax 500mg Eye Drops,Cetirizine,CetirizineMax,OTC Allergy,Eye Drops,500mg,Nemel Pharmaceuticals,Antihistamines,20,OTC,Store in a cool dry place,18,A,E,38.27,50.5,289,1419,154
DRG1698,FerrousExtra 10mg Syrup,Ferrous Sulphate,FerrousExtra,Wellness/Supplements,Syrup,10mg,Marbis Pharmaceuticals,Vitamins & Supplements,50,OTC,"Store below 30°C, away from moisture",60,A,E,56.44,84.91,359,1557,178
DRG1699,Lamivudine DS 10mg Eye Drops,Lamivudine/Tenofovir/Dolutegravir,Lamivudine DS,Prescription Antimicrobials,Eye Drops,10mg,Nemel Pharmaceuticals,Antivirals,30,OTC,Store below 25°C,36,C,E,219.44,361.39,467,1239,306
DRG1700,Mefenamic DS 0.5% Inhaler,Mefenamic Acid,Mefenamic DS,OTC Pain Relief,Inhaler,0.50%,Swiss Pharma Nigeria,NSAIDs,100,OTC,Refrigerate 2-8°C,18,B,E,53.97,70.56,450,1962,260
DRG1701,Promethazine-D 250mg Cream,Promethazine Injection,Promethazine-D,OTC Gastro,Cream,250mg,SKG Pharma,Antiemetics,1,Prescription Only,Store in a cool dry place,36,B,V,132.38,196.85,438,1121,243
DRG1702,ChloramphenicolExtra 50mg Capsule,Chloramphenicol Eye Drops,ChloramphenicolExtra,OTC Eye Care,Capsule,50mg,Evans Medical Plc,Ophthalmics,100,OTC,Store in a cool dry place,18,C,E,46.01,72.33,394,1625,245
DRG1703,Magnesium DS 10mg Injection,Magnesium Trisilicate,Magnesium DS,OTC Gastro,Injection,10mg,Evans Medical Plc,Antacids/Antiulcerants,50,Prescription Only,Store in a cool dry place,48,A,E,350.89,564.2,195,590,125
DRG1704,MetoclopramideGold 1% Sachet/Powder,Metoclopramide,MetoclopramideGold,OTC Gastro,Sachet/Powder,1%,Novartis Nigeria,Antiemetics,20,OTC,Store below 25°C,36,A,V,372.96,562.78,301,1276,182
DRG1705,Aspirin DS 5mg/ml Tablet,Aspirin (Low Dose),Aspirin DS,Chronic Disease Management,Tablet,5mg/ml,Evans Medical Plc,Anticoagulants,100,Prescription Only,Store in a cool dry place,12,A,N,128.6,166.13,232,759,123
DRG1706,Whitfield'sGold 1g Injection,Whitfield's Ointment,Whitfield'sGold,OTC Skincare,Injection,1g,Evans Medical Plc,Dermatologicals,50,OTC,"Store below 30°C, away from moisture",18,C,E,429.92,564.55,358,1676,183
DRG1707,Clopidogrel 250mg Suspension,Clopidogrel,Clopidogrel,Chronic Disease Management,Suspension,250mg,SKG Pharma,Anticoagulants,100,OTC,"Store below 30°C, away from moisture",12,C,E,107.93,125.24,355,1186,224
DRG1708,Cetirizine 20mg Tablet,Cetirizine,Cetirizine,OTC Allergy,Tablet,20mg,Marbis Pharmaceuticals,Antihistamines,20,Prescription Only,Refrigerate 2-8°C,36,B,V,147.74,226.11,121,489,67
DRG1709,Insulin DS 5mg Injection,Insulin Glargine,Insulin DS,Chronic Disease Management,Injection,5mg,Swiss Pharma Nigeria,Antidiabetics,30,OTC,"Store below 30°C, away from moisture",48,C,E,222.85,261.04,268,861,163
DRG1710,ArtesunatePlus 20mg/ml Inhaler,Artesunate,ArtesunatePlus,OTC/Prescription Antimalarial,Inhaler,20mg/ml,May & Baker Nigeria,Antimalarials,24,OTC,Store in a cool dry place,36,C,N,95.35,150.87,256,1227,170
DRG1711,LoratadineGold 1% Inhaler,Loratadine,LoratadineGold,OTC Allergy,Inhaler,1%,Emzor Pharmaceuticals,Antihistamines,20,OTC,Store below 25°C,24,C,E,41.56,50.26,222,988,149
DRG1712,Cetirizine 1% Cream,Cetirizine,Cetirizine,OTC Allergy,Cream,1%,Bioraj Pharmaceuticals,Antihistamines,24,OTC,"Store below 30°C, away from moisture",18,C,V,150.18,185.61,190,590,91
DRG1713,AspirinMax 250mg Suppository,Aspirin,AspirinMax,OTC Pain Relief,Suppository,250mg,Neimeth International,Analgesics,5,Prescription Only,Store below 25°C,36,C,E,64.06,88.93,321,1563,146
DRG1714,Glibenclamide Junior 5mg Syrup,Glibenclamide,Glibenclamide Junior,Chronic Disease Management,Syrup,5mg,Fidson Healthcare,Antidiabetics,30,Prescription Only,Refrigerate 2-8°C,48,C,V,66.69,101.3,263,892,125
DRG1715,Clotrimazole Junior 1% Syrup,Clotrimazole,Clotrimazole Junior,Prescription Antimicrobials,Syrup,1%,Chi Pharmaceuticals,Antifungals,20,Prescription Only,"Store below 30°C, away from moisture",60,A,E,103.54,126.27,318,1313,198
DRG1716,Chloramphenicol DS 250mg Syrup,Chloramphenicol Eye Drops,Chloramphenicol DS,OTC Eye Care,Syrup,250mg,May & Baker Nigeria,Ophthalmics,50,OTC,Store in a cool dry place,60,A,E,126.19,172.88,69,300,35
DRG1717,Praziquantel Junior 2.5mg Sachet/Powder,Praziquantel,Praziquantel Junior,OTC/Prescription Antiparasitic,Sachet/Powder,2.5mg,SKG Pharma,Antiparasitics,60,Prescription Only,Protect from light,60,A,V,93.44,130.01,115,294,51
DRG1718,Ivermectin DS 2.5mg Syrup,Ivermectin,Ivermectin DS,OTC/Prescription Antiparasitic,Syrup,2.5mg,SKG Pharma,Antiparasitics,1,OTC,Store below 25°C,18,C,V,133.1,167.19,352,1723,151
DRG1719,QuinineMax 50mg Capsule,Quinine,QuinineMax,OTC/Prescription Antimalarial,Capsule,50mg,Evans Medical Plc,Antimalarials,100,OTC,Refrigerate 2-8°C,24,C,E,56.93,68.76,196,658,97
DRG1720,AspirinGold 10mg Tablet,Aspirin,AspirinGold,OTC Pain Relief,Tablet,10mg,Drugfield Pharmaceuticals,Analgesics,100,Prescription Only,"Store below 30°C, away from moisture",36,C,E,82.32,129.1,478,1421,210
DRG1721,ClopidogrelMax 10mg Ointment,Clopidogrel,ClopidogrelMax,Chronic Disease Management,Ointment,10mg,Swiss Pharma Nigeria,Anticoagulants,24,OTC,"Store below 30°C, away from moisture",36,A,V,157.62,220.86,214,990,95
DRG1722,Clotrimazole Junior 1g Eye Drops,Clotrimazole,Clotrimazole Junior,Prescription Antimicrobials,Eye Drops,1g,Sun Pharmaceuticals Nigeria,Antifungals,30,OTC,Store in a cool dry place,12,C,N,351.43,406.67,427,1817,258
DRG1723,MultivitaminForte 1g Injection,Multivitamin,MultivitaminForte,Wellness/Supplements,Injection,1g,Pfizer Nigeria,Vitamins & Supplements,10,OTC,Store in a cool dry place,60,C,E,487.8,756.82,359,975,145
DRG1724,HydrocortisoneMax 2.5mg Cream,Hydrocortisone Cream,HydrocortisoneMax,OTC Skincare,Cream,2.5mg,Marbis Pharmaceuticals,Dermatologicals,5,OTC,Store in a cool dry place,12,C,E,114.18,187.3,55,153,23
DRG1725,BromhexineMax 5mg Suppository,Bromhexine,BromhexineMax,OTC Respiratory,Suppository,5mg,Juhel Nigeria Limited,Respiratory/Antitussives,10,Controlled,"Store below 30°C, away from moisture",60,C,V,156.47,227.35,63,270,41
DRG1726,FluoxetinePlus 10mg Suppository,Fluoxetine,FluoxetinePlus,Prescription CNS,Suppository,10mg,Fidson Healthcare,Antidepressants/CNS,5,OTC,Store in a cool dry place,36,C,E,426.07,597.29,181,486,118
DRG1727,Furosemide-D 1g Injection,Furosemide,Furosemide-D,Chronic Disease Management,Injection,1g,Evans Medical Plc,Cardiovascular,10,Prescription Only,Protect from light,12,C,E,57.91,92.03,391,1874,195
DRG1728,Mefenamic 20mg/ml Tablet,Mefenamic Acid,Mefenamic,OTC Pain Relief,Tablet,20mg/ml,Cipla Nigeria,NSAIDs,5,Prescription Only,Protect from light,48,C,N,132.48,215.45,292,1271,124
DRG1729,Artesunate-D 1% Sachet/Powder,Artesunate,Artesunate-D,OTC/Prescription Antimalarial,Sachet/Powder,1%,Sun Pharmaceuticals Nigeria,Antimalarials,1,Prescription Only,Refrigerate 2-8°C,18,C,N,147.72,225.61,488,1629,298
DRG1730,Glibenclamide DS 100mg/5ml Injection,Glibenclamide,Glibenclamide DS,Chronic Disease Management,Injection,100mg/5ml,May & Baker Nigeria,Antidiabetics,30,OTC,Refrigerate 2-8°C,12,B,V,262.26,360.01,280,954,142
DRG1731,GlibenclamideGold 0.5% Ointment,Glibenclamide,GlibenclamideGold,Chronic Disease Management,Ointment,0.50%,Cipla Nigeria,Antidiabetics,24,OTC,Protect from light,24,A,E,47.51,68.7,277,1043,114
DRG1732,OmeprazoleExtra 20mg Tablet,Omeprazole,OmeprazoleExtra,OTC Gastro,Tablet,20mg,May & Baker Nigeria,Antacids/Antiulcerants,1,Prescription Only,"Store below 30°C, away from moisture",36,C,E,51.34,77.03,211,717,94
DRG1733,PromethazineForte 5mg/ml Sachet/Powder,Promethazine,PromethazineForte,OTC Allergy,Sachet/Powder,5mg/ml,GlaxoSmithKline Nigeria,Antihistamines,60,Prescription Only,Refrigerate 2-8°C,36,A,E,85.78,106.98,332,1480,146
DRG1734,Griseofulvin-D 5mg Suppository,Griseofulvin,Griseofulvin-D,Prescription Antimicrobials,Suppository,5mg,Pfizer Nigeria,Antifungals,5,Prescription Only,Protect from light,18,C,N,109.66,150.63,312,1540,179
DRG1735,Vitamin Junior 1g Injection,Vitamin C,Vitamin Junior,Wellness/Supplements,Injection,1g,Cipla Nigeria,Vitamins & Supplements,5,OTC,Store in a cool dry place,12,B,E,197.82,309.57,180,713,120
DRG1736,AspirinForte 2.5mg Syrup,Aspirin (Low Dose),AspirinForte,Chronic Disease Management,Syrup,2.5mg,Bond Chemical Industries,Anticoagulants,30,Prescription Only,"Store below 30°C, away from moisture",18,C,V,121.61,179.66,480,1735,306
DRG1737,Piroxicam 1g Suppository,Piroxicam,Piroxicam,OTC Pain Relief,Suppository,1g,GlaxoSmithKline Nigeria,NSAIDs,100,Prescription Only,Store in a cool dry place,48,B,E,76.93,104.29,274,837,154
DRG1738,DigoxinGold 50mg Syrup,Digoxin,DigoxinGold,Chronic Disease Management,Syrup,50mg,May & Baker Nigeria,Cardiovascular,1,Controlled,Store below 25°C,24,B,V,112.8,167.13,307,1269,161
DRG1739,Doxycycline DS 100mg/5ml Syrup,Doxycycline,Doxycycline DS,Prescription Antimicrobials,Syrup,100mg/5ml,Sun Pharmaceuticals Nigeria,Antibiotics,1,Controlled,Refrigerate 2-8°C,24,C,N,103.78,125.48,283,1192,165
DRG1740,Losartan Junior 100mg/5ml Eye Drops,Losartan,Losartan Junior,Chronic Disease Management,Eye Drops,100mg/5ml,Chi Pharmaceuticals,Antihypertensives,30,OTC,"Store below 30°C, away from moisture",24,B,E,342.63,462.81,385,1621,205
DRG1741,Vitamin-D 50mg Syrup,Vitamin B Complex,Vitamin-D,Wellness/Supplements,Syrup,50mg,Neimeth International,Vitamins & Supplements,60,Prescription Only,Store below 25°C,12,B,E,94.44,146.06,458,1175,217
DRG1742,ArtemetherPlus 2.5mg Syrup,Artemether/Lumefantrine,ArtemetherPlus,OTC/Prescription Antimalarial,Syrup,2.5mg,Reckitt Benckiser Nigeria,Antimalarials,100,OTC,Store below 25°C,60,A,E,67.22,84.71,365,1732,220
DRG1743,Metformin Junior 250mg Syrup,Metformin,Metformin Junior,Chronic Disease Management,Syrup,250mg,Emzor Pharmaceuticals,Antidiabetics,24,OTC,Refrigerate 2-8°C,60,C,N,115.59,143.68,73,244,48
DRG1744,SalbutamolExtra 1g Injection,Salbutamol,SalbutamolExtra,OTC Respiratory,Injection,1g,Fidson Healthcare,Respiratory/Antitussives,20,OTC,Protect from light,12,B,N,96.59,157,320,1395,163
DRG1745,AmoxicillinExtra 5mg/ml Ointment,Amoxicillin,AmoxicillinExtra,Prescription Antimicrobials,Ointment,5mg/ml,Juhel Nigeria Limited,Antibiotics,20,OTC,Refrigerate 2-8°C,48,C,E,41.35,51.89,144,633,93
DRG1746,LevonorgestrelMax 500mg Syrup,Levonorgestrel,LevonorgestrelMax,Family Planning,Syrup,500mg,Marbis Pharmaceuticals,Contraceptives,1,Prescription Only,Refrigerate 2-8°C,18,C,E,83.75,107.24,191,788,101
DRG1747,LevonorgestrelGold 250mg Injection,Levonorgestrel,LevonorgestrelGold,Family Planning,Injection,250mg,Drugfield Pharmaceuticals,Contraceptives,100,Prescription Only,"Store below 30°C, away from moisture",60,C,E,79.37,129.75,231,805,120
DRG1748,Promethazine 20mg Injection,Promethazine Injection,Promethazine,OTC Gastro,Injection,20mg,Evans Medical Plc,Antiemetics,100,OTC,"Store below 30°C, away from moisture",24,C,V,61.69,93.61,255,1025,104
DRG1749,Simvastatin Junior 1% Syrup,Simvastatin,Simvastatin Junior,Chronic Disease Management,Syrup,1%,Chi Pharmaceuticals,Cardiovascular,24,OTC,Store below 25°C,48,C,V,183.79,275.65,439,1141,267
DRG1750,Lisinopril Junior 5mg Syrup,Lisinopril,Lisinopril Junior,Chronic Disease Management,Syrup,5mg,GlaxoSmithKline Nigeria,Antihypertensives,20,OTC,Refrigerate 2-8°C,60,B,V,54.89,86.53,130,572,83
DRG1751,Simvastatin Junior 100mg/5ml Ointment,Simvastatin,Simvastatin Junior,Chronic Disease Management,Ointment,100mg/5ml,Sanofi Nigeria,Cardiovascular,20,Controlled,Protect from light,60,C,V,116.11,140.25,323,887,193
DRG1752,AspirinGold 20mg/ml Eye Drops,Aspirin (Low Dose),AspirinGold,Chronic Disease Management,Eye Drops,20mg/ml,Sanofi Nigeria,Anticoagulants,10,OTC,Store in a cool dry place,18,B,E,77.09,115.86,325,1134,144
DRG1753,SalbutamolPlus 100mg/5ml Injection,Salbutamol,SalbutamolPlus,OTC Respiratory,Injection,100mg/5ml,Fidson Healthcare,Respiratory/Antitussives,24,Prescription Only,Store in a cool dry place,60,C,N,90.81,127.3,420,1158,181
DRG1754,IvermectinExtra 1% Cream,Ivermectin,IvermectinExtra,OTC/Prescription Antiparasitic,Cream,1%,Bioraj Pharmaceuticals,Antiparasitics,100,Prescription Only,Protect from light,60,B,E,112.42,175.89,495,2273,283
DRG1755,CetirizineMax 500mg Ointment,Cetirizine,CetirizineMax,OTC Allergy,Ointment,500mg,Neimeth International,Antihistamines,1,Prescription Only,Refrigerate 2-8°C,18,C,V,44.77,62.86,257,996,133
DRG1756,Metronidazole 5mg/ml Inhaler,Metronidazole,Metronidazole,Prescription Antimicrobials,Inhaler,5mg/ml,Chi Pharmaceuticals,Antibiotics,50,Prescription Only,"Store below 30°C, away from moisture",36,B,E,96.13,140.36,345,1458,182
DRG1757,Amoxicillin-D 0.5% Cream,Amoxicillin,Amoxicillin-D,Prescription Antimicrobials,Cream,0.50%,Pfizer Nigeria,Antibiotics,60,OTC,Store below 25°C,36,B,E,568.59,789.7,88,370,60
DRG1758,LevonorgestrelExtra 20mg/ml Cream,Levonorgestrel,LevonorgestrelExtra,Family Planning,Cream,20mg/ml,Juhel Nigeria Limited,Contraceptives,5,OTC,Store in a cool dry place,48,C,V,41.51,57.66,485,2232,299
DRG1759,ClopidogrelGold 0.5% Ointment,Clopidogrel,ClopidogrelGold,Chronic Disease Management,Ointment,0.50%,Marbis Pharmaceuticals,Anticoagulants,10,OTC,Protect from light,48,C,N,81.54,125.08,337,954,176
DRG1760,OseltamivirPlus 1g Injection,Oseltamivir,OseltamivirPlus,Prescription Antimicrobials,Injection,1g,Bioraj Pharmaceuticals,Antivirals,10,OTC,Store below 25°C,36,A,E,197.88,289.75,173,717,70
DRG1761,BenzylGold 50mg Cream,Benzyl Benzoate,BenzylGold,OTC Skincare,Cream,50mg,Marbis Pharmaceuticals,Dermatologicals,30,OTC,Refrigerate 2-8°C,60,C,N,103.82,152.27,413,1626,169
DRG1762,AzithromycinMax 20mg Ointment,Azithromycin,AzithromycinMax,Prescription Antimicrobials,Ointment,20mg,Novartis Nigeria,Antibiotics,10,Prescription Only,Store below 25°C,18,C,E,138.63,190.64,332,855,201
DRG1763,PiroxicamPlus 250mg Ointment,Piroxicam,PiroxicamPlus,OTC Pain Relief,Ointment,250mg,Sun Pharmaceuticals Nigeria,NSAIDs,20,Prescription Only,Refrigerate 2-8°C,48,C,E,35.08,49.66,415,1246,270
DRG1764,Carbamazepine 0.5% Sachet/Powder,Carbamazepine,Carbamazepine,Prescription CNS,Sachet/Powder,0.50%,Emzor Pharmaceuticals,Antidepressants/CNS,50,Prescription Only,Store below 25°C,36,C,V,129.31,196.92,229,725,140
DRG1765,Warfarin 0.5% Injection,Warfarin,Warfarin,Chronic Disease Management,Injection,0.50%,Codix Pharma,Anticoagulants,20,Prescription Only,Store in a cool dry place,48,B,E,55.49,86.73,146,391,76
DRG1766,SimvastatinGold 20mg/ml Tablet,Simvastatin,SimvastatinGold,Chronic Disease Management,Tablet,20mg/ml,Codix Pharma,Cardiovascular,100,OTC,"Store below 30°C, away from moisture",36,B,V,104.43,156.47,240,812,98
DRG1767,ParacetamolMax 20mg/ml Syrup,Paracetamol,ParacetamolMax,OTC Pain Relief,Syrup,20mg/ml,Swiss Pharma Nigeria,Analgesics,50,Prescription Only,Store in a cool dry place,18,C,N,83.01,133.82,123,315,84
DRG1768,BetamethasoneExtra 500mg Cream,Betamethasone Cream,BetamethasoneExtra,OTC Skincare,Cream,500mg,Reckitt Benckiser Nigeria,Dermatologicals,50,OTC,Protect from light,60,C,N,562.9,878.22,496,1925,345
DRG1769,AmitriptylineExtra 250mg Capsule,Amitriptyline,AmitriptylineExtra,Prescription CNS,Capsule,250mg,May & Baker Nigeria,Antidepressants/CNS,30,OTC,Refrigerate 2-8°C,18,B,N,124.32,177.89,322,975,181
DRG1770,NifedipineForte 0.5% Suppository,Nifedipine,NifedipineForte,Chronic Disease Management,Suppository,0.50%,Ranbaxy Nigeria,Antihypertensives,5,OTC,Store below 25°C,36,B,N,78.78,117.04,98,315,41
DRG1771,Gentamicin-D 1g Capsule,Gentamicin Eye Drops,Gentamicin-D,OTC Eye Care,Capsule,1g,May & Baker Nigeria,Ophthalmics,24,OTC,"Store below 30°C, away from moisture",48,C,N,42.06,67.85,386,1843,217
DRG1772,FluconazoleForte 5mg Capsule,Fluconazole,FluconazoleForte,Prescription Antimicrobials,Capsule,5mg,Marbis Pharmaceuticals,Antifungals,24,OTC,Protect from light,60,B,V,91.63,133.74,259,973,172
DRG1773,Diazepam-D 1g Tablet,Diazepam,Diazepam-D,Prescription CNS,Tablet,1g,Drugfield Pharmaceuticals,Antidepressants/CNS,100,Prescription Only,Store in a cool dry place,12,B,E,154.37,241.19,165,523,99
DRG1774,CombinedExtra 50mg Suspension,Combined Oral Contraceptive Pill,CombinedExtra,Family Planning,Suspension,50mg,Juhel Nigeria Limited,Contraceptives,1,Prescription Only,Store below 25°C,60,A,E,80.37,120.11,72,287,44
DRG1775,Zinc 100mg/5ml Eye Drops,Zinc Sulphate,Zinc,Wellness/Supplements,Eye Drops,100mg/5ml,Drugfield Pharmaceuticals,Vitamins & Supplements,60,Prescription Only,"Store below 30°C, away from moisture",12,B,E,62.93,89.74,147,441,62
DRG1776,CefuroximePlus 1g Inhaler,Cefuroxime,CefuroximePlus,Prescription Antimicrobials,Inhaler,1g,Juhel Nigeria Limited,Antibiotics,10,Controlled,Refrigerate 2-8°C,60,B,N,60.8,77.27,377,1012,162
DRG1777,FurosemidePlus 5mg/ml Cream,Furosemide,FurosemidePlus,Chronic Disease Management,Cream,5mg/ml,Reckitt Benckiser Nigeria,Cardiovascular,20,OTC,Store below 25°C,48,C,V,123.24,167.98,446,1138,195
DRG1778,MedroxyprogesteroneExtra 5mg/ml Eye Drops,Medroxyprogesterone,MedroxyprogesteroneExtra,Family Planning,Eye Drops,5mg/ml,GlaxoSmithKline Nigeria,Contraceptives,5,Controlled,Refrigerate 2-8°C,12,B,V,146.67,239.64,456,2224,306
DRG1779,Chloramphenicol-D 20mg Suspension,Chloramphenicol Eye Drops,Chloramphenicol-D,OTC Eye Care,Suspension,20mg,Pfizer Nigeria,Ophthalmics,5,Prescription Only,Refrigerate 2-8°C,12,B,N,242.98,359.34,362,1560,201
DRG1780,AmlodipineExtra 100mg/5ml Injection,Amlodipine,AmlodipineExtra,Chronic Disease Management,Injection,100mg/5ml,Pharma-Deko Plc,Antihypertensives,24,OTC,Store in a cool dry place,12,B,E,50.19,71.88,239,1075,152
DRG1781,Combined Junior 1% Injection,Combined Oral Contraceptive Pill,Combined Junior,Family Planning,Injection,1%,May & Baker Nigeria,Contraceptives,50,OTC,Store below 25°C,24,B,V,122.39,197.84,231,1143,100
DRG1782,SimvastatinForte 2.5mg Syrup,Simvastatin,SimvastatinForte,Chronic Disease Management,Syrup,2.5mg,Sanofi Nigeria,Cardiovascular,20,OTC,Store below 25°C,24,A,N,78.34,113.06,197,951,133
DRG1783,DigoxinExtra 10mg Inhaler,Digoxin,DigoxinExtra,Chronic Disease Management,Inhaler,10mg,GlaxoSmithKline Nigeria,Cardiovascular,20,OTC,Refrigerate 2-8°C,24,B,N,79.79,112.75,391,1697,252
DRG1784,Amitriptyline 1% Inhaler,Amitriptyline,Amitriptyline,Prescription CNS,Inhaler,1%,Sanofi Nigeria,Antidepressants/CNS,5,OTC,Protect from light,60,C,V,111.6,170.71,485,2053,226
DRG1785,AcyclovirPlus 100mg/5ml Injection,Acyclovir,AcyclovirPlus,Prescription Antimicrobials,Injection,100mg/5ml,Sun Pharmaceuticals Nigeria,Antivirals,20,Prescription Only,Refrigerate 2-8°C,60,A,N,112.08,168.83,72,240,47
DRG1786,MetronidazoleForte 250mg Inhaler,Metronidazole,MetronidazoleForte,Prescription Antimicrobials,Inhaler,250mg,May & Baker Nigeria,Antibiotics,20,Prescription Only,Store below 25°C,36,A,N,122.64,152.88,154,425,73
DRG1787,GuaifenesinForte 5mg Injection,Guaifenesin,GuaifenesinForte,OTC Respiratory,Injection,5mg,Codix Pharma,Respiratory/Antitussives,5,Prescription Only,"Store below 30°C, away from moisture",12,A,N,48.96,67.84,212,834,97
DRG1788,SimvastatinForte 0.5% Sachet/Powder,Simvastatin,SimvastatinForte,Chronic Disease Management,Sachet/Powder,0.50%,Neimeth International,Cardiovascular,10,OTC,"Store below 30°C, away from moisture",18,C,N,55.8,77.35,116,457,55
DRG1789,LevonorgestrelPlus 2.5mg Sachet/Powder,Levonorgestrel,LevonorgestrelPlus,Family Planning,Sachet/Powder,2.5mg,Cipla Nigeria,Contraceptives,50,Prescription Only,"Store below 30°C, away from moisture",36,C,E,271.26,363.25,339,1654,228
DRG1790,Diazepam DS 50mg Suspension,Diazepam,Diazepam DS,Prescription CNS,Suspension,50mg,Fidson Healthcare,Antidepressants/CNS,100,OTC,Protect from light,24,A,E,73.79,103.94,338,1218,228
DRG1791,Dextromethorphan DS 20mg Inhaler,Dextromethorphan,Dextromethorphan DS,OTC Respiratory,Inhaler,20mg,Sun Pharmaceuticals Nigeria,Respiratory/Antitussives,50,OTC,Store below 25°C,60,C,V,104.14,141.27,95,401,47
DRG1792,Whitfield's Junior 500mg Tablet,Whitfield's Ointment,Whitfield's Junior,OTC Skincare,Tablet,500mg,Pfizer Nigeria,Dermatologicals,100,Prescription Only,Refrigerate 2-8°C,60,A,V,186.75,233.38,130,511,79
DRG1793,GlibenclamideForte 10mg Sachet/Powder,Glibenclamide,GlibenclamideForte,Chronic Disease Management,Sachet/Powder,10mg,Pfizer Nigeria,Antidiabetics,24,Prescription Only,"Store below 30°C, away from moisture",18,C,E,116.79,158.39,478,1406,288
DRG1794,Ciprofloxacin DS 10mg Syrup,Ciprofloxacin,Ciprofloxacin DS,Prescription Antimicrobials,Syrup,10mg,Novartis Nigeria,Antibiotics,50,Controlled,Protect from light,12,B,E,124.3,147.44,196,780,125
DRG1795,OmeprazolePlus 500mg Ointment,Omeprazole,OmeprazolePlus,OTC Gastro,Ointment,500mg,Sanofi Nigeria,Antacids/Antiulcerants,60,OTC,"Store below 30°C, away from moisture",18,C,V,163.56,235.18,271,1043,132
DRG1796,Losartan DS 20mg/ml Ointment,Losartan,Losartan DS,Chronic Disease Management,Ointment,20mg/ml,Ranbaxy Nigeria,Antihypertensives,5,Prescription Only,Store in a cool dry place,60,C,E,36.58,57.68,392,1464,216
DRG1797,Ranitidine DS 10mg Cream,Ranitidine,Ranitidine DS,OTC Gastro,Cream,10mg,Juhel Nigeria Limited,Antacids/Antiulcerants,30,OTC,Refrigerate 2-8°C,36,B,V,63.45,95.98,64,242,38
DRG1798,Ampiclox DS 5mg Eye Drops,Ampiclox,Ampiclox DS,Prescription Antimicrobials,Eye Drops,5mg,Emzor Pharmaceuticals,Antibiotics,10,Prescription Only,Store below 25°C,60,C,N,117.24,155.95,428,1245,174
DRG1799,Diclofenac DS 20mg Capsule,Diclofenac Gel,Diclofenac DS,OTC Pain Relief,Capsule,20mg,Juhel Nigeria Limited,NSAIDs,24,OTC,"Store below 30°C, away from moisture",36,C,E,248.69,296.82,170,621,87
DRG1800,DiclofenacForte 5mg/ml Inhaler,Diclofenac,DiclofenacForte,OTC Pain Relief,Inhaler,5mg/ml,SKG Pharma,Analgesics,60,OTC,"Store below 30°C, away from moisture",36,B,E,88.33,110.51,127,509,77
DRG1801,Magnesium DS 5mg Injection,Magnesium Trisilicate,Magnesium DS,OTC Gastro,Injection,5mg,Drugfield Pharmaceuticals,Antacids/Antiulcerants,1,OTC,"Store below 30°C, away from moisture",12,A,E,53.46,76.06,371,1381,176
DRG1802,Zinc DS 2.5mg Suspension,Zinc Sulphate,Zinc DS,Wellness/Supplements,Suspension,2.5mg,Drugfield Pharmaceuticals,Vitamins & Supplements,5,Prescription Only,"Store below 30°C, away from moisture",12,A,V,54.09,67.8,344,1280,236
DRG1803,GriseofulvinMax 20mg Capsule,Griseofulvin,GriseofulvinMax,Prescription Antimicrobials,Capsule,20mg,SKG Pharma,Antifungals,5,Prescription Only,Store in a cool dry place,12,C,N,162.14,230.56,290,781,118
DRG1804,QuinineGold 20mg Injection,Quinine,QuinineGold,OTC/Prescription Antimalarial,Injection,20mg,GlaxoSmithKline Nigeria,Antimalarials,30,Prescription Only,Protect from light,48,C,E,73.91,93.56,67,199,46
DRG1805,Clopidogrel Junior 250mg Suppository,Clopidogrel,Clopidogrel Junior,Chronic Disease Management,Suppository,250mg,Neimeth International,Anticoagulants,24,Controlled,Refrigerate 2-8°C,60,B,E,84.21,132.59,305,1007,141
DRG1806,Carbamazepine-D 5mg/ml Tablet,Carbamazepine,Carbamazepine-D,Prescription CNS,Tablet,5mg/ml,Nemel Pharmaceuticals,Antidepressants/CNS,30,OTC,Refrigerate 2-8°C,60,C,V,130.99,176.66,492,1745,204
DRG1807,Whitfield'sMax 10mg Inhaler,Whitfield's Ointment,Whitfield'sMax,OTC Skincare,Inhaler,10mg,Sanofi Nigeria,Dermatologicals,100,Prescription Only,Protect from light,48,C,E,33,42,465,1852,226
DRG1808,Aspirin DS 50mg Eye Drops,Aspirin (Low Dose),Aspirin DS,Chronic Disease Management,Eye Drops,50mg,GlaxoSmithKline Nigeria,Anticoagulants,30,Prescription Only,Refrigerate 2-8°C,12,C,V,433.58,674.72,326,1518,207
DRG1809,DigoxinGold 1g Suppository,Digoxin,DigoxinGold,Chronic Disease Management,Suppository,1g,Drugfield Pharmaceuticals,Cardiovascular,1,OTC,Protect from light,12,C,E,56.28,74.37,473,1370,295
DRG1810,ArtemetherExtra 100mg/5ml Suspension,Artemether/Lumefantrine,ArtemetherExtra,OTC/Prescription Antimalarial,Suspension,100mg/5ml,Nemel Pharmaceuticals,Antimalarials,10,OTC,Store in a cool dry place,48,C,E,99.54,120.02,76,192,35
DRG1811,Artemether 1% Eye Drops,Artemether/Lumefantrine,Artemether,OTC/Prescription Antimalarial,Eye Drops,1%,Novartis Nigeria,Antimalarials,24,OTC,"Store below 30°C, away from moisture",18,B,N,39.93,57.31,51,184,23
DRG1812,SalbutamolMax 50mg Tablet,Salbutamol,SalbutamolMax,OTC Respiratory,Tablet,50mg,Fidson Healthcare,Respiratory/Antitussives,100,OTC,Refrigerate 2-8°C,60,B,E,65.78,94.77,402,1439,238
DRG1813,AspirinForte 10mg Cream,Aspirin (Low Dose),AspirinForte,Chronic Disease Management,Cream,10mg,Juhel Nigeria Limited,Anticoagulants,20,OTC,Refrigerate 2-8°C,48,C,V,219.56,330.95,344,1334,184
DRG1814,Diazepam Junior 2.5mg Injection,Diazepam,Diazepam Junior,Prescription CNS,Injection,2.5mg,Fidson Healthcare,Antidepressants/CNS,24,Prescription Only,Store below 25°C,36,B,V,38.04,48.31,361,1654,230
DRG1815,EsomeprazoleForte 2.5mg Capsule,Esomeprazole,EsomeprazoleForte,OTC Gastro,Capsule,2.5mg,Ranbaxy Nigeria,Antacids/Antiulcerants,30,Controlled,Refrigerate 2-8°C,12,C,E,198.38,272.15,412,1856,167
DRG1816,Whitfield's Junior 1% Suppository,Whitfield's Ointment,Whitfield's Junior,OTC Skincare,Suppository,1%,Evans Medical Plc,Dermatologicals,24,OTC,Store below 25°C,60,A,V,71.53,92.36,432,1188,251
DRG1817,WarfarinMax 5mg Suspension,Warfarin,WarfarinMax,Chronic Disease Management,Suspension,5mg,Novartis Nigeria,Anticoagulants,24,OTC,Store below 25°C,60,A,V,118.87,141.51,288,1392,178
DRG1818,LoratadineGold 20mg Syrup,Loratadine,LoratadineGold,OTC Allergy,Syrup,20mg,Juhel Nigeria Limited,Antihistamines,1,OTC,Store in a cool dry place,18,C,N,135.37,215.01,62,172,43
DRG1819,ChloramphenicolForte 1g Suspension,Chloramphenicol Eye Drops,ChloramphenicolForte,OTC Eye Care,Suspension,1g,Fidson Healthcare,Ophthalmics,50,Prescription Only,Store in a cool dry place,18,C,V,114.9,174.01,431,1761,260
DRG1820,Artesunate DS 5mg Tablet,Artesunate,Artesunate DS,OTC/Prescription Antimalarial,Tablet,5mg,Drugfield Pharmaceuticals,Antimalarials,60,OTC,"Store below 30°C, away from moisture",60,B,N,52.99,68.93,233,974,109
DRG1821,HydrocortisoneExtra 500mg Suspension,Hydrocortisone Cream,HydrocortisoneExtra,OTC Skincare,Suspension,500mg,May & Baker Nigeria,Dermatologicals,24,OTC,Store in a cool dry place,18,C,V,67.92,98.46,243,1020,105
DRG1822,Chlorpheniramine 20mg/ml Suppository,Chlorpheniramine,Chlorpheniramine,OTC Allergy,Suppository,20mg/ml,Sanofi Nigeria,Antihistamines,5,Controlled,Protect from light,48,C,N,42.66,53.35,105,332,62
DRG1823,Furosemide 50mg Sachet/Powder,Furosemide,Furosemide,Chronic Disease Management,Sachet/Powder,50mg,Neimeth International,Cardiovascular,30,Controlled,Store in a cool dry place,18,C,E,119.28,190.27,279,927,155
DRG1824,Gentamicin-D 50mg Injection,Gentamicin Eye Drops,Gentamicin-D,OTC Eye Care,Injection,50mg,Bond Chemical Industries,Ophthalmics,30,Controlled,Store below 25°C,18,A,N,329.48,397.83,77,298,51
DRG1825,Ivermectin 500mg Eye Drops,Ivermectin,Ivermectin,OTC/Prescription Antiparasitic,Eye Drops,500mg,Sun Pharmaceuticals Nigeria,Antiparasitics,20,Prescription Only,"Store below 30°C, away from moisture",12,C,V,38.81,44.71,369,1106,228
DRG1826,Zinc 2.5mg Capsule,Zinc Sulphate,Zinc,Wellness/Supplements,Capsule,2.5mg,Sanofi Nigeria,Vitamins & Supplements,1,OTC,Protect from light,60,C,N,55.49,77.74,120,306,66
DRG1827,MetforminExtra 10mg Suppository,Metformin,MetforminExtra,Chronic Disease Management,Suppository,10mg,SKG Pharma,Antidiabetics,24,OTC,Store below 25°C,48,A,N,75.52,108.87,259,1011,134
DRG1828,TetracyclineGold 2.5mg Suppository,Tetracycline Eye Ointment,TetracyclineGold,OTC Eye Care,Suppository,2.5mg,May & Baker Nigeria,Ophthalmics,20,OTC,Protect from light,12,C,E,94.93,136.65,497,1820,259
DRG1829,Griseofulvin 5mg Syrup,Griseofulvin,Griseofulvin,Prescription Antimicrobials,Syrup,5mg,Ranbaxy Nigeria,Antifungals,10,OTC,"Store below 30°C, away from moisture",18,C,E,161.52,190.15,233,965,109
DRG1830,ZincForte 5mg Suppository,Zinc Sulphate,ZincForte,Wellness/Supplements,Suppository,5mg,Pfizer Nigeria,Vitamins & Supplements,1,OTC,Protect from light,12,C,N,76.89,100.5,474,1358,192
DRG1831,FurosemideMax 250mg Cream,Furosemide,FurosemideMax,Chronic Disease Management,Cream,250mg,Neimeth International,Cardiovascular,10,Prescription Only,Store below 25°C,60,C,V,69.81,97.71,424,1951,242
DRG1832,Paracetamol-D 0.5% Syrup,Paracetamol,Paracetamol-D,OTC Pain Relief,Syrup,0.50%,May & Baker Nigeria,Analgesics,20,OTC,"Store below 30°C, away from moisture",36,B,E,194.54,244.79,405,1160,187
DRG1833,Nifedipine-D 0.5% Tablet,Nifedipine,Nifedipine-D,Chronic Disease Management,Tablet,0.50%,Codix Pharma,Antihypertensives,10,Prescription Only,Refrigerate 2-8°C,24,B,N,135.85,215.5,90,425,41
DRG1834,AlbendazoleMax 20mg Injection,Albendazole,AlbendazoleMax,OTC/Prescription Antiparasitic,Injection,20mg,SKG Pharma,Antiparasitics,24,OTC,"Store below 30°C, away from moisture",48,C,E,123.6,147.52,309,1119,135
DRG1835,ClopidogrelMax 2.5mg Eye Drops,Clopidogrel,ClopidogrelMax,Chronic Disease Management,Eye Drops,2.5mg,Drugfield Pharmaceuticals,Anticoagulants,20,OTC,Refrigerate 2-8°C,48,C,V,91.1,126.97,490,1898,223
DRG1836,Chloramphenicol DS 250mg Eye Drops,Chloramphenicol Eye Drops,Chloramphenicol DS,OTC Eye Care,Eye Drops,250mg,Ranbaxy Nigeria,Ophthalmics,5,OTC,Store below 25°C,12,C,E,175.93,263.14,463,2195,189
DRG1837,ChloramphenicolMax 100mg/5ml Suspension,Chloramphenicol Eye Drops,ChloramphenicolMax,OTC Eye Care,Suspension,100mg/5ml,Emzor Pharmaceuticals,Ophthalmics,60,Prescription Only,Store below 25°C,24,C,N,58.32,74.7,393,1277,236
DRG1838,CombinedExtra 100mg/5ml Ointment,Combined Oral Contraceptive Pill,CombinedExtra,Family Planning,Ointment,100mg/5ml,SKG Pharma,Contraceptives,20,OTC,"Store below 30°C, away from moisture",24,A,V,54.71,79.99,133,392,69
DRG1839,Levonorgestrel-D 250mg Sachet/Powder,Levonorgestrel,Levonorgestrel-D,Family Planning,Sachet/Powder,250mg,Ranbaxy Nigeria,Contraceptives,60,OTC,"Store below 30°C, away from moisture",48,A,V,145.13,227.08,95,343,54
DRG1840,AlbendazolePlus 5mg/ml Sachet/Powder,Albendazole,AlbendazolePlus,OTC/Prescription Antiparasitic,Sachet/Powder,5mg/ml,Codix Pharma,Antiparasitics,10,OTC,"Store below 30°C, away from moisture",36,B,V,40.75,50.74,489,1521,289
DRG1841,Tetracycline Junior 1g Inhaler,Tetracycline Eye Ointment,Tetracycline Junior,OTC Eye Care,Inhaler,1g,Codix Pharma,Ophthalmics,10,Prescription Only,Protect from light,18,A,N,89.87,144.57,208,794,143
DRG1842,MetforminMax 500mg Tablet,Metformin,MetforminMax,Chronic Disease Management,Tablet,500mg,Fidson Healthcare,Antidiabetics,100,OTC,Protect from light,12,C,V,69.78,99.56,393,1252,165
DRG1843,AmitriptylineMax 5mg Sachet/Powder,Amitriptyline,AmitriptylineMax,Prescription CNS,Sachet/Powder,5mg,Bond Chemical Industries,Antidepressants/CNS,5,Controlled,Store in a cool dry place,18,B,E,43.39,56.39,56,261,29
DRG1844,LevonorgestrelGold 20mg/ml Suppository,Levonorgestrel,LevonorgestrelGold,Family Planning,Suppository,20mg/ml,Sun Pharmaceuticals Nigeria,Contraceptives,20,OTC,"Store below 30°C, away from moisture",18,C,E,51.51,70.33,382,1534,180
DRG1845,Artesunate DS 20mg/ml Inhaler,Artesunate,Artesunate DS,OTC/Prescription Antimalarial,Inhaler,20mg/ml,Sanofi Nigeria,Antimalarials,50,Prescription Only,Protect from light,48,B,N,78.96,103.13,487,1217,264
DRG1846,LamivudineExtra 10mg Tablet,Lamivudine/Tenofovir/Dolutegravir,LamivudineExtra,Prescription Antimicrobials,Tablet,10mg,Pharma-Deko Plc,Antivirals,100,Prescription Only,"Store below 30°C, away from moisture",24,C,N,183.54,277.61,185,835,125
DRG1847,CombinedForte 0.5% Injection,Combined Oral Contraceptive Pill,CombinedForte,Family Planning,Injection,0.50%,Juhel Nigeria Limited,Contraceptives,50,OTC,Store below 25°C,36,C,V,58.42,90.44,232,771,143
DRG1848,OseltamivirExtra 0.5% Cream,Oseltamivir,OseltamivirExtra,Prescription Antimicrobials,Cream,0.50%,Sun Pharmaceuticals Nigeria,Antivirals,60,Prescription Only,Store below 25°C,18,A,E,213.71,334.77,246,811,147
DRG1849,Mebendazole-D 2.5mg Cream,Mebendazole,Mebendazole-D,OTC/Prescription Antiparasitic,Cream,2.5mg,Reckitt Benckiser Nigeria,Antiparasitics,24,OTC,Store below 25°C,60,A,N,88.16,144.84,221,764,117
DRG1850,SulphadoxineMax 0.5% Ointment,Sulphadoxine/Pyrimethamine,SulphadoxineMax,OTC/Prescription Antimalarial,Ointment,0.50%,Sun Pharmaceuticals Nigeria,Antimalarials,50,Prescription Only,Protect from light,48,B,E,232.43,359.25,446,1817,268
DRG1851,MedroxyprogesteroneGold 1g Capsule,Medroxyprogesterone,MedroxyprogesteroneGold,Family Planning,Capsule,1g,Emzor Pharmaceuticals,Contraceptives,30,Prescription Only,Protect from light,48,C,V,59.83,86.79,398,1434,163
DRG1852,ChlorpheniramineExtra 50mg Eye Drops,Chlorpheniramine,ChlorpheniramineExtra,OTC Allergy,Eye Drops,50mg,Ranbaxy Nigeria,Antihistamines,10,Prescription Only,Refrigerate 2-8°C,12,A,N,82,108.21,325,1323,187
DRG1853,OseltamivirPlus 10mg Injection,Oseltamivir,OseltamivirPlus,Prescription Antimicrobials,Injection,10mg,Pfizer Nigeria,Antivirals,30,Prescription Only,"Store below 30°C, away from moisture",24,C,N,108.92,154.92,127,364,71
DRG1854,Magnesium-D 100mg/5ml Capsule,Magnesium Trisilicate,Magnesium-D,OTC Gastro,Capsule,100mg/5ml,Nemel Pharmaceuticals,Antacids/Antiulcerants,30,Prescription Only,Store below 25°C,12,C,E,75.63,88.53,465,2290,234
DRG1855,Atenolol 1% Eye Drops,Atenolol,Atenolol,Chronic Disease Management,Eye Drops,1%,Bioraj Pharmaceuticals,Antihypertensives,20,Prescription Only,Protect from light,18,C,E,171.6,261.25,493,2131,227
DRG1856,VitaminGold 10mg Eye Drops,Vitamin B Complex,VitaminGold,Wellness/Supplements,Eye Drops,10mg,May & Baker Nigeria,Vitamins & Supplements,24,OTC,Refrigerate 2-8°C,18,B,E,36,49.43,227,709,145
DRG1857,DoxycyclineForte 0.5% Capsule,Doxycycline,DoxycyclineForte,Prescription Antimicrobials,Capsule,0.50%,Fidson Healthcare,Antibiotics,5,OTC,Refrigerate 2-8°C,36,C,V,645.48,748.76,76,327,31
DRG1858,Nifedipine DS 1% Suppository,Nifedipine,Nifedipine DS,Chronic Disease Management,Suppository,1%,SKG Pharma,Antihypertensives,5,Prescription Only,Store below 25°C,18,A,N,158.74,187.51,169,665,71
DRG1859,OmeprazoleForte 0.5% Cream,Omeprazole,OmeprazoleForte,OTC Gastro,Cream,0.50%,Emzor Pharmaceuticals,Antacids/Antiulcerants,100,OTC,"Store below 30°C, away from moisture",48,B,N,75.9,101.99,330,915,175
DRG1860,Levonorgestrel DS 5mg/ml Cream,Levonorgestrel,Levonorgestrel DS,Family Planning,Cream,5mg/ml,Chi Pharmaceuticals,Contraceptives,1,OTC,Refrigerate 2-8°C,48,C,N,61.43,88.56,357,1051,169
DRG1861,NifedipineGold 1g Ointment,Nifedipine,NifedipineGold,Chronic Disease Management,Ointment,1g,Emzor Pharmaceuticals,Antihypertensives,60,OTC,Store below 25°C,12,C,V,52.96,73.2,245,637,152
DRG1862,OseltamivirForte 20mg/ml Suppository,Oseltamivir,OseltamivirForte,Prescription Antimicrobials,Suppository,20mg/ml,May & Baker Nigeria,Antivirals,50,OTC,Refrigerate 2-8°C,18,B,E,134.13,195.78,326,1474,192
DRG1863,Ferrous Junior 250mg Cream,Ferrous Sulphate,Ferrous Junior,Wellness/Supplements,Cream,250mg,SKG Pharma,Vitamins & Supplements,24,Prescription Only,Store in a cool dry place,18,B,V,177.67,246.99,67,259,42
DRG1864,Loratadine 500mg Syrup,Loratadine,Loratadine,OTC Allergy,Syrup,500mg,Juhel Nigeria Limited,Antihistamines,30,OTC,Refrigerate 2-8°C,24,B,E,76.41,113.15,344,1132,171
DRG1865,HydrocortisoneMax 1% Tablet,Hydrocortisone Cream,HydrocortisoneMax,OTC Skincare,Tablet,1%,May & Baker Nigeria,Dermatologicals,50,OTC,Protect from light,36,C,N,195.17,245.83,320,901,199
DRG1866,ErythromycinPlus 10mg Cream,Erythromycin,ErythromycinPlus,Prescription Antimicrobials,Cream,10mg,Pfizer Nigeria,Antibiotics,1,Controlled,Store in a cool dry place,36,B,V,52.04,62.78,102,378,67
DRG1867,CiprofloxacinExtra 0.5% Ointment,Ciprofloxacin,CiprofloxacinExtra,Prescription Antimicrobials,Ointment,0.50%,GlaxoSmithKline Nigeria,Antibiotics,10,Controlled,"Store below 30°C, away from moisture",12,C,E,48.47,70.2,343,1307,172
DRG1868,Levonorgestrel DS 50mg Ointment,Levonorgestrel,Levonorgestrel DS,Family Planning,Ointment,50mg,Evans Medical Plc,Contraceptives,20,Prescription Only,Store below 25°C,36,C,E,364.74,507.84,481,2046,241
DRG1869,Gliclazide-D 500mg Suspension,Gliclazide,Gliclazide-D,Chronic Disease Management,Suspension,500mg,May & Baker Nigeria,Antidiabetics,24,Prescription Only,Refrigerate 2-8°C,24,C,N,128.6,149.62,101,497,67
DRG1870,Salbutamol 5mg Suppository,Salbutamol,Salbutamol,OTC Respiratory,Suppository,5mg,Cipla Nigeria,Respiratory/Antitussives,100,Prescription Only,Store in a cool dry place,60,B,N,250.71,336.01,265,950,109
DRG1871,PromethazineExtra 10mg Inhaler,Promethazine Injection,PromethazineExtra,OTC Gastro,Inhaler,10mg,Codix Pharma,Antiemetics,5,Prescription Only,Refrigerate 2-8°C,60,C,N,53.24,64.05,121,425,61
DRG1872,CiprofloxacinMax 250mg Suppository,Ciprofloxacin,CiprofloxacinMax,Prescription Antimicrobials,Suppository,250mg,Chi Pharmaceuticals,Antibiotics,5,Controlled,"Store below 30°C, away from moisture",24,C,E,51.68,73.16,77,263,33
DRG1873,Acyclovir 5mg Suppository,Acyclovir,Acyclovir,Prescription Antimicrobials,Suppository,5mg,Drugfield Pharmaceuticals,Antivirals,100,OTC,"Store below 30°C, away from moisture",60,C,V,68.14,91.85,449,2050,183
DRG1874,SalbutamolForte 1g Sachet/Powder,Salbutamol,SalbutamolForte,OTC Respiratory,Sachet/Powder,1g,Fidson Healthcare,Respiratory/Antitussives,1,Prescription Only,Store below 25°C,48,B,E,53.95,78.58,301,870,130
DRG1875,ErythromycinForte 20mg Injection,Erythromycin,ErythromycinForte,Prescription Antimicrobials,Injection,20mg,Nemel Pharmaceuticals,Antibiotics,24,Controlled,Store in a cool dry place,24,A,E,140.54,218.23,423,1421,223
DRG1876,Warfarin DS 50mg Inhaler,Warfarin,Warfarin DS,Chronic Disease Management,Inhaler,50mg,Sun Pharmaceuticals Nigeria,Anticoagulants,100,Prescription Only,Refrigerate 2-8°C,48,A,E,55.76,72.48,449,1936,272
DRG1877,Tetracycline Junior 2.5mg Capsule,Tetracycline Eye Ointment,Tetracycline Junior,OTC Eye Care,Capsule,2.5mg,Reckitt Benckiser Nigeria,Ophthalmics,50,OTC,Refrigerate 2-8°C,48,C,E,46.92,76.53,84,213,40
DRG1878,Mebendazole-D 500mg Inhaler,Mebendazole,Mebendazole-D,OTC/Prescription Antiparasitic,Inhaler,500mg,Swiss Pharma Nigeria,Antiparasitics,50,OTC,Protect from light,24,C,E,92.93,131.76,450,1450,294
DRG1879,ClopidogrelExtra 500mg Suspension,Clopidogrel,ClopidogrelExtra,Chronic Disease Management,Suspension,500mg,Juhel Nigeria Limited,Anticoagulants,24,Prescription Only,"Store below 30°C, away from moisture",24,C,E,45.03,65.71,250,1025,132
DRG1880,Gliclazide 100mg/5ml Tablet,Gliclazide,Gliclazide,Chronic Disease Management,Tablet,100mg/5ml,Sun Pharmaceuticals Nigeria,Antidiabetics,10,Controlled,Store in a cool dry place,18,B,V,39.03,58.17,298,883,205
DRG1881,Albendazole DS 20mg/ml Tablet,Albendazole,Albendazole DS,OTC/Prescription Antiparasitic,Tablet,20mg/ml,Bioraj Pharmaceuticals,Antiparasitics,1,OTC,"Store below 30°C, away from moisture",24,A,E,92.38,137.03,148,482,101
DRG1882,DiazepamGold 20mg/ml Cream,Diazepam,DiazepamGold,Prescription CNS,Cream,20mg/ml,SKG Pharma,Antidepressants/CNS,60,Prescription Only,Protect from light,18,B,E,39.5,55.52,357,1326,225
DRG1883,AmitriptylinePlus 100mg/5ml Cream,Amitriptyline,AmitriptylinePlus,Prescription CNS,Cream,100mg/5ml,Pharma-Deko Plc,Antidepressants/CNS,20,Controlled,Protect from light,48,B,E,148.54,202.67,189,671,128
DRG1884,Whitfield's 100mg/5ml Syrup,Whitfield's Ointment,Whitfield's,OTC Skincare,Syrup,100mg/5ml,Emzor Pharmaceuticals,Dermatologicals,60,Prescription Only,"Store below 30°C, away from moisture",36,A,E,43.53,51.23,132,364,80
DRG1885,Fluconazole DS 100mg/5ml Inhaler,Fluconazole,Fluconazole DS,Prescription Antimicrobials,Inhaler,100mg/5ml,Codix Pharma,Antifungals,60,OTC,Store below 25°C,18,C,E,35.81,41.58,97,470,64
DRG1886,Tramadol DS 20mg/ml Capsule,Tramadol,Tramadol DS,OTC Pain Relief,Capsule,20mg/ml,Drugfield Pharmaceuticals,Analgesics,24,Prescription Only,Protect from light,24,C,N,70.7,93.96,327,853,153
DRG1887,AspirinMax 0.5% Suspension,Aspirin (Low Dose),AspirinMax,Chronic Disease Management,Suspension,0.50%,GlaxoSmithKline Nigeria,Anticoagulants,50,OTC,"Store below 30°C, away from moisture",18,C,N,93.09,122.58,428,1872,215
DRG1888,AspirinMax 250mg Sachet/Powder,Aspirin (Low Dose),AspirinMax,Chronic Disease Management,Sachet/Powder,250mg,SKG Pharma,Anticoagulants,10,Prescription Only,"Store below 30°C, away from moisture",36,B,E,119.25,160.25,297,795,185
DRG1889,Vitamin 50mg Ointment,Vitamin C,Vitamin,Wellness/Supplements,Ointment,50mg,Emzor Pharmaceuticals,Vitamins & Supplements,100,Prescription Only,Store in a cool dry place,12,B,E,94.85,115.64,432,1584,227
DRG1890,Ciprofloxacin 500mg Suspension,Ciprofloxacin,Ciprofloxacin,Prescription Antimicrobials,Suspension,500mg,Sun Pharmaceuticals Nigeria,Antibiotics,20,Prescription Only,Protect from light,24,B,E,48.93,74.33,226,664,147
DRG1891,Paracetamol DS 250mg Suppository,Paracetamol,Paracetamol DS,OTC Pain Relief,Suppository,250mg,May & Baker Nigeria,Analgesics,50,OTC,Protect from light,12,C,N,141.39,223.18,101,288,66
DRG1892,Atorvastatin DS 20mg/ml Syrup,Atorvastatin,Atorvastatin DS,Chronic Disease Management,Syrup,20mg/ml,Bioraj Pharmaceuticals,Cardiovascular,5,OTC,Protect from light,36,A,N,172.61,279.52,128,360,62
DRG1893,Betamethasone-D 20mg/ml Suspension,Betamethasone Cream,Betamethasone-D,OTC Skincare,Suspension,20mg/ml,Fidson Healthcare,Dermatologicals,50,OTC,Store in a cool dry place,36,C,E,46.35,64.71,434,1576,280
DRG1894,DiclofenacExtra 1% Tablet,Diclofenac Gel,DiclofenacExtra,OTC Pain Relief,Tablet,1%,Sun Pharmaceuticals Nigeria,NSAIDs,1,Prescription Only,Store in a cool dry place,36,B,E,75.56,113.37,371,1405,165
DRG1895,GlibenclamidePlus 0.5% Suppository,Glibenclamide,GlibenclamidePlus,Chronic Disease Management,Suppository,0.50%,Evans Medical Plc,Antidiabetics,20,Prescription Only,Store in a cool dry place,60,C,E,71.49,112.8,113,320,56
DRG1896,PromethazineExtra 1% Inhaler,Promethazine Injection,PromethazineExtra,OTC Gastro,Inhaler,1%,Fidson Healthcare,Antiemetics,20,Prescription Only,Refrigerate 2-8°C,12,C,E,98.06,133.28,57,282,31
DRG1897,IvermectinGold 10mg Suspension,Ivermectin,IvermectinGold,OTC/Prescription Antiparasitic,Suspension,10mg,May & Baker Nigeria,Antiparasitics,1,OTC,"Store below 30°C, away from moisture",24,B,E,74.48,97.17,263,826,123
DRG1898,Dextromethorphan-D 500mg Ointment,Dextromethorphan,Dextromethorphan-D,OTC Respiratory,Ointment,500mg,Juhel Nigeria Limited,Respiratory/Antitussives,1,Prescription Only,Store below 25°C,36,C,E,81.02,131.12,74,269,42
DRG1899,IbuprofenForte 50mg Capsule,Ibuprofen,IbuprofenForte,OTC Pain Relief,Capsule,50mg,Neimeth International,Analgesics,24,OTC,Store below 25°C,18,A,E,133.73,188.27,499,1517,286
DRG1900,Betamethasone-D 5mg/ml Syrup,Betamethasone Cream,Betamethasone-D,OTC Skincare,Syrup,5mg/ml,SKG Pharma,Dermatologicals,1,Prescription Only,Refrigerate 2-8°C,36,C,V,47.92,67.02,305,1139,140
DRG1901,Lisinopril Junior 20mg/ml Capsule,Lisinopril,Lisinopril Junior,Chronic Disease Management,Capsule,20mg/ml,Juhel Nigeria Limited,Antihypertensives,5,OTC,Refrigerate 2-8°C,48,B,N,144.13,178.61,292,1281,186
DRG1902,Metronidazole-D 5mg Tablet,Metronidazole,Metronidazole-D,Prescription Antimicrobials,Tablet,5mg,Nemel Pharmaceuticals,Antibiotics,100,OTC,Store below 25°C,12,B,N,200.91,241.91,247,939,145
DRG1903,Whitfield'sPlus 5mg/ml Suspension,Whitfield's Ointment,Whitfield'sPlus,OTC Skincare,Suspension,5mg/ml,Pharma-Deko Plc,Dermatologicals,30,Prescription Only,Store below 25°C,36,C,E,309.82,486.74,143,459,70
DRG1904,OndansetronExtra 1% Eye Drops,Ondansetron,OndansetronExtra,OTC Gastro,Eye Drops,1%,GlaxoSmithKline Nigeria,Antiemetics,1,Prescription Only,"Store below 30°C, away from moisture",18,C,E,36.4,53.04,256,798,120
DRG1905,ArtemetherForte 50mg Eye Drops,Artemether/Lumefantrine,ArtemetherForte,OTC/Prescription Antimalarial,Eye Drops,50mg,Neimeth International,Antimalarials,5,Prescription Only,Store below 25°C,60,B,V,75.47,99.09,484,2128,321
DRG1906,Magnesium DS 50mg Syrup,Magnesium Trisilicate,Magnesium DS,OTC Gastro,Syrup,50mg,SKG Pharma,Antacids/Antiulcerants,5,OTC,Store in a cool dry place,60,C,V,37.65,46.91,486,1358,316
DRG1907,Gentamicin DS 2.5mg Suspension,Gentamicin Eye Drops,Gentamicin DS,OTC Eye Care,Suspension,2.5mg,Chi Pharmaceuticals,Ophthalmics,30,Prescription Only,Protect from light,18,B,E,34.78,49.66,64,219,30
DRG1908,FluoxetinePlus 10mg Cream,Fluoxetine,FluoxetinePlus,Prescription CNS,Cream,10mg,Cipla Nigeria,Antidepressants/CNS,1,Controlled,Store below 25°C,36,B,E,93.06,134.19,227,653,93
DRG1909,Clopidogrel DS 20mg/ml Ointment,Clopidogrel,Clopidogrel DS,Chronic Disease Management,Ointment,20mg/ml,Reckitt Benckiser Nigeria,Anticoagulants,20,OTC,Store below 25°C,36,C,N,66.63,83.52,427,1342,273
DRG1910,Metoclopramide 0.5% Syrup,Metoclopramide,Metoclopramide,OTC Gastro,Syrup,0.50%,Sun Pharmaceuticals Nigeria,Antiemetics,10,OTC,Store below 25°C,36,B,E,103.69,163.38,124,357,72
DRG1911,DiazepamExtra 10mg Syrup,Diazepam,DiazepamExtra,Prescription CNS,Syrup,10mg,May & Baker Nigeria,Antidepressants/CNS,60,OTC,"Store below 30°C, away from moisture",12,B,E,118.78,141.6,153,721,65
DRG1912,Ivermectin-D 5mg/ml Suppository,Ivermectin,Ivermectin-D,OTC/Prescription Antiparasitic,Suppository,5mg/ml,Emzor Pharmaceuticals,Antiparasitics,20,Prescription Only,Store in a cool dry place,48,C,E,220.17,292.4,343,1485,197
DRG1913,MetforminExtra 50mg Capsule,Metformin,MetforminExtra,Chronic Disease Management,Capsule,50mg,SKG Pharma,Antidiabetics,24,OTC,Store in a cool dry place,36,A,V,87.62,130.57,217,846,116
DRG1914,Chloramphenicol 20mg Sachet/Powder,Chloramphenicol Eye Drops,Chloramphenicol,OTC Eye Care,Sachet/Powder,20mg,Codix Pharma,Ophthalmics,30,OTC,Protect from light,48,C,V,1045.72,1345.9,499,1527,315
DRG1915,OseltamivirExtra 250mg Syrup,Oseltamivir,OseltamivirExtra,Prescription Antimicrobials,Syrup,250mg,Emzor Pharmaceuticals,Antivirals,60,Prescription Only,Protect from light,60,B,N,104.17,162.9,164,619,75
DRG1916,Zinc DS 1% Inhaler,Zinc Sulphate,Zinc DS,Wellness/Supplements,Inhaler,1%,Codix Pharma,Vitamins & Supplements,50,Prescription Only,Refrigerate 2-8°C,60,A,N,374.63,569.41,88,334,47
DRG1917,Insulin-D 2.5mg Inhaler,Insulin Glargine,Insulin-D,Chronic Disease Management,Inhaler,2.5mg,Marbis Pharmaceuticals,Antidiabetics,5,Prescription Only,Store below 25°C,24,A,E,35.3,54.52,413,1642,184
DRG1918,Guaifenesin 5mg/ml Suppository,Guaifenesin,Guaifenesin,OTC Respiratory,Suppository,5mg/ml,Pfizer Nigeria,Respiratory/Antitussives,10,Prescription Only,Store in a cool dry place,12,C,E,240.55,290.96,322,853,221
DRG1919,Dextromethorphan 5mg/ml Ointment,Dextromethorphan,Dextromethorphan,OTC Respiratory,Ointment,5mg/ml,Chi Pharmaceuticals,Respiratory/Antitussives,100,OTC,Protect from light,60,C,N,75.57,92.22,184,907,116
DRG1920,Cetirizine Junior 100mg/5ml Injection,Cetirizine,Cetirizine Junior,OTC Allergy,Injection,100mg/5ml,Marbis Pharmaceuticals,Antihistamines,20,Controlled,Store below 25°C,60,A,V,37.78,48.86,423,1549,262
DRG1921,Mefenamic 100mg/5ml Eye Drops,Mefenamic Acid,Mefenamic,OTC Pain Relief,Eye Drops,100mg/5ml,Marbis Pharmaceuticals,NSAIDs,5,OTC,Protect from light,48,A,N,113.14,159.42,281,1353,170
DRG1922,BenzylExtra 1g Syrup,Benzyl Benzoate,BenzylExtra,OTC Skincare,Syrup,1g,Sanofi Nigeria,Dermatologicals,5,Prescription Only,Store in a cool dry place,60,C,E,70.33,107.18,88,222,46
DRG1923,Erythromycin 100mg/5ml Tablet,Erythromycin,Erythromycin,Prescription Antimicrobials,Tablet,100mg/5ml,Novartis Nigeria,Antibiotics,24,Prescription Only,"Store below 30°C, away from moisture",24,A,E,127.52,199.99,340,1060,230
DRG1924,Ampiclox-D 100mg/5ml Ointment,Ampiclox,Ampiclox-D,Prescription Antimicrobials,Ointment,100mg/5ml,Emzor Pharmaceuticals,Antibiotics,60,Prescription Only,Protect from light,12,C,E,180.07,270.5,356,982,150
DRG1925,ParacetamolMax 5mg Suppository,Paracetamol,ParacetamolMax,OTC Pain Relief,Suppository,5mg,Neimeth International,Analgesics,60,Prescription Only,Refrigerate 2-8°C,24,B,E,42.32,68.32,96,424,61
DRG1926,Promethazine DS 5mg Suspension,Promethazine,Promethazine DS,OTC Allergy,Suspension,5mg,Bioraj Pharmaceuticals,Antihistamines,60,Prescription Only,Protect from light,24,C,N,180.64,274.46,85,280,39
DRG1927,LoratadineExtra 2.5mg Sachet/Powder,Loratadine,LoratadineExtra,OTC Allergy,Sachet/Powder,2.5mg,Pfizer Nigeria,Antihistamines,50,Prescription Only,"Store below 30°C, away from moisture",18,B,V,84.95,110.7,369,1697,183
DRG1928,Amitriptyline DS 20mg Syrup,Amitriptyline,Amitriptyline DS,Prescription CNS,Syrup,20mg,Ranbaxy Nigeria,Antidepressants/CNS,20,Prescription Only,Refrigerate 2-8°C,18,C,E,241.21,309.36,144,659,80
DRG1929,Fluoxetine Junior 1g Syrup,Fluoxetine,Fluoxetine Junior,Prescription CNS,Syrup,1g,Reckitt Benckiser Nigeria,Antidepressants/CNS,100,OTC,Protect from light,18,C,V,74.47,111.56,410,1709,260
DRG1930,MebendazoleGold 2.5mg Cream,Mebendazole,MebendazoleGold,OTC/Prescription Antiparasitic,Cream,2.5mg,Sanofi Nigeria,Antiparasitics,60,OTC,Protect from light,12,B,N,64.11,79.91,62,258,40
DRG1931,Carbamazepine-D 20mg/ml Tablet,Carbamazepine,Carbamazepine-D,Prescription CNS,Tablet,20mg/ml,Evans Medical Plc,Antidepressants/CNS,1,Prescription Only,Store in a cool dry place,48,A,E,86.1,103.01,195,828,112
DRG1932,Atorvastatin-D 0.5% Eye Drops,Atorvastatin,Atorvastatin-D,Chronic Disease Management,Eye Drops,0.50%,Marbis Pharmaceuticals,Cardiovascular,50,Prescription Only,"Store below 30°C, away from moisture",12,C,N,90.45,128.09,454,1899,236
DRG1933,MagnesiumForte 2.5mg Sachet/Powder,Magnesium Trisilicate,MagnesiumForte,OTC Gastro,Sachet/Powder,2.5mg,Pfizer Nigeria,Antacids/Antiulcerants,20,Controlled,Store below 25°C,36,C,E,58.14,90.75,417,1445,285
DRG1934,GentamicinPlus 2.5mg Suspension,Gentamicin Eye Drops,GentamicinPlus,OTC Eye Care,Suspension,2.5mg,Neimeth International,Ophthalmics,60,Prescription Only,Refrigerate 2-8°C,12,A,V,63.24,75.93,114,479,54
DRG1935,Amodiaquine DS 500mg Injection,Amodiaquine,Amodiaquine DS,OTC/Prescription Antimalarial,Injection,500mg,Juhel Nigeria Limited,Antimalarials,60,OTC,Store below 25°C,24,A,V,46.01,71.13,277,1313,177
DRG1936,SimvastatinGold 1g Syrup,Simvastatin,SimvastatinGold,Chronic Disease Management,Syrup,1g,GlaxoSmithKline Nigeria,Cardiovascular,30,Prescription Only,Store in a cool dry place,60,C,E,65.35,101.67,291,969,169
DRG1937,Levonorgestrel DS 1g Eye Drops,Levonorgestrel,Levonorgestrel DS,Family Planning,Eye Drops,1g,Chi Pharmaceuticals,Contraceptives,10,OTC,Protect from light,24,B,V,137.37,191.1,57,277,29
DRG1938,MetforminForte 0.5% Tablet,Metformin,MetforminForte,Chronic Disease Management,Tablet,0.50%,Pharma-Deko Plc,Antidiabetics,60,OTC,Store in a cool dry place,48,C,E,77.59,91.45,353,894,141
DRG1939,Levonorgestrel 2.5mg Eye Drops,Levonorgestrel,Levonorgestrel,Family Planning,Eye Drops,2.5mg,Sanofi Nigeria,Contraceptives,10,Prescription Only,"Store below 30°C, away from moisture",36,B,V,179.76,222.42,390,1315,208
DRG1940,AspirinExtra 2.5mg Suspension,Aspirin,AspirinExtra,OTC Pain Relief,Suspension,2.5mg,Evans Medical Plc,Analgesics,5,Prescription Only,Refrigerate 2-8°C,36,C,E,75.36,113.32,92,260,44
DRG1941,Loratadine 100mg/5ml Ointment,Loratadine,Loratadine,OTC Allergy,Ointment,100mg/5ml,Ranbaxy Nigeria,Antihistamines,10,Controlled,Protect from light,48,C,E,43.05,64.83,293,825,126
DRG1942,Benzyl Junior 20mg Injection,Benzyl Benzoate,Benzyl Junior,OTC Skincare,Injection,20mg,Codix Pharma,Dermatologicals,24,OTC,Refrigerate 2-8°C,48,C,E,129.21,206.63,230,1043,97
DRG1943,Digoxin-D 100mg/5ml Inhaler,Digoxin,Digoxin-D,Chronic Disease Management,Inhaler,100mg/5ml,Codix Pharma,Cardiovascular,60,Prescription Only,Refrigerate 2-8°C,60,A,N,57.84,83.37,134,642,67
DRG1944,Gentamicin 20mg Syrup,Gentamicin Eye Drops,Gentamicin,OTC Eye Care,Syrup,20mg,Neimeth International,Ophthalmics,20,Controlled,Store in a cool dry place,24,C,E,73.23,88.76,204,906,119
DRG1945,IbuprofenPlus 5mg Tablet,Ibuprofen,IbuprofenPlus,OTC Pain Relief,Tablet,5mg,Emzor Pharmaceuticals,Analgesics,50,OTC,"Store below 30°C, away from moisture",48,B,N,218.21,264.19,324,1601,211
DRG1946,VitaminExtra 500mg Sachet/Powder,Vitamin C,VitaminExtra,Wellness/Supplements,Sachet/Powder,500mg,Chi Pharmaceuticals,Vitamins & Supplements,60,Prescription Only,Store below 25°C,18,C,V,47.1,71.15,72,218,32
DRG1947,Aspirin Junior 2.5mg Tablet,Aspirin,Aspirin Junior,OTC Pain Relief,Tablet,2.5mg,Ranbaxy Nigeria,Analgesics,30,Prescription Only,Store in a cool dry place,48,C,E,94.38,117.21,164,467,86
DRG1948,CetirizineMax 2.5mg Injection,Cetirizine,CetirizineMax,OTC Allergy,Injection,2.5mg,Pharma-Deko Plc,Antihistamines,5,Prescription Only,Store in a cool dry place,48,A,E,82.43,108.33,355,1349,183
DRG1949,TetracyclineExtra 1% Eye Drops,Tetracycline Eye Ointment,TetracyclineExtra,OTC Eye Care,Eye Drops,1%,Drugfield Pharmaceuticals,Ophthalmics,30,OTC,Store in a cool dry place,60,C,E,140.05,195.17,484,2213,268
DRG1950,OseltamivirExtra 5mg Tablet,Oseltamivir,OseltamivirExtra,Prescription Antimicrobials,Tablet,5mg,Cipla Nigeria,Antivirals,60,Prescription Only,"Store below 30°C, away from moisture",24,A,E,158.4,184.12,348,904,223
DRG1951,Acyclovir 0.5% Suspension,Acyclovir,Acyclovir,Prescription Antimicrobials,Suspension,0.50%,May & Baker Nigeria,Antivirals,24,Prescription Only,Store below 25°C,60,C,E,101.08,128.82,148,738,83
DRG1952,GlibenclamideExtra 50mg Suspension,Glibenclamide,GlibenclamideExtra,Chronic Disease Management,Suspension,50mg,May & Baker Nigeria,Antidiabetics,24,Prescription Only,Store below 25°C,60,C,E,68.08,92.18,153,612,100
DRG1953,OseltamivirPlus 1% Ointment,Oseltamivir,OseltamivirPlus,Prescription Antimicrobials,Ointment,1%,May & Baker Nigeria,Antivirals,10,Prescription Only,Protect from light,18,C,E,117.65,151.75,421,2082,233
DRG1954,Whitfield'sExtra 1% Suspension,Whitfield's Ointment,Whitfield'sExtra,OTC Skincare,Suspension,1%,Drugfield Pharmaceuticals,Dermatologicals,5,OTC,Store below 25°C,48,A,N,237.61,289.45,100,341,58
DRG1955,Promethazine 20mg/ml Capsule,Promethazine,Promethazine,OTC Allergy,Capsule,20mg/ml,Sun Pharmaceuticals Nigeria,Antihistamines,1,OTC,"Store below 30°C, away from moisture",24,B,N,83.13,125.86,411,1498,218
DRG1956,PromethazineMax 2.5mg Cream,Promethazine Injection,PromethazineMax,OTC Gastro,Cream,2.5mg,Ranbaxy Nigeria,Antiemetics,50,OTC,Store in a cool dry place,18,C,E,71.79,111.75,161,705,104
DRG1957,WarfarinExtra 500mg Inhaler,Warfarin,WarfarinExtra,Chronic Disease Management,Inhaler,500mg,Ranbaxy Nigeria,Anticoagulants,5,Prescription Only,Store in a cool dry place,36,B,V,110.49,141.29,293,1313,198
DRG1958,DiazepamForte 250mg Ointment,Diazepam,DiazepamForte,Prescription CNS,Ointment,250mg,Reckitt Benckiser Nigeria,Antidepressants/CNS,5,Prescription Only,Store in a cool dry place,12,B,N,86.75,133.35,218,672,129
DRG1959,Metoclopramide Junior 10mg Sachet/Powder,Metoclopramide,Metoclopramide Junior,OTC Gastro,Sachet/Powder,10mg,May & Baker Nigeria,Antiemetics,30,OTC,"Store below 30°C, away from moisture",48,B,N,44.33,59.53,121,583,78
DRG1960,Warfarin-D 5mg Syrup,Warfarin,Warfarin-D,Chronic Disease Management,Syrup,5mg,Emzor Pharmaceuticals,Anticoagulants,24,Prescription Only,Protect from light,48,B,E,99.36,139.44,188,877,78
DRG1961,EsomeprazoleForte 0.5% Ointment,Esomeprazole,EsomeprazoleForte,OTC Gastro,Ointment,0.50%,Neimeth International,Antacids/Antiulcerants,60,Prescription Only,Protect from light,12,C,E,44.2,69.75,385,980,258
DRG1962,Acyclovir 10mg Syrup,Acyclovir,Acyclovir,Prescription Antimicrobials,Syrup,10mg,Codix Pharma,Antivirals,24,OTC,Refrigerate 2-8°C,60,B,N,109.4,166.83,280,789,127
DRG1963,VitaminGold 2.5mg Cream,Vitamin B Complex,VitaminGold,Wellness/Supplements,Cream,2.5mg,Codix Pharma,Vitamins & Supplements,50,OTC,Store below 25°C,36,C,N,54.6,84.77,288,1077,137
DRG1964,MefenamicExtra 20mg Ointment,Mefenamic Acid,MefenamicExtra,OTC Pain Relief,Ointment,20mg,Chi Pharmaceuticals,NSAIDs,30,Controlled,Protect from light,24,B,E,86.65,105.58,302,1103,125
DRG1965,Griseofulvin Junior 1% Inhaler,Griseofulvin,Griseofulvin Junior,Prescription Antimicrobials,Inhaler,1%,Nemel Pharmaceuticals,Antifungals,20,OTC,Store in a cool dry place,48,B,E,110.69,131.15,485,2071,334
DRG1966,AspirinExtra 5mg Inhaler,Aspirin (Low Dose),AspirinExtra,Chronic Disease Management,Inhaler,5mg,Emzor Pharmaceuticals,Anticoagulants,1,OTC,Store below 25°C,24,A,N,665.18,1062.09,456,1242,298
DRG1967,Zinc Junior 5mg/ml Suppository,Zinc Sulphate,Zinc Junior,Wellness/Supplements,Suppository,5mg/ml,Marbis Pharmaceuticals,Vitamins & Supplements,20,OTC,Refrigerate 2-8°C,18,B,N,144.75,194.53,98,402,66
DRG1968,ClopidogrelGold 5mg Syrup,Clopidogrel,ClopidogrelGold,Chronic Disease Management,Syrup,5mg,SKG Pharma,Anticoagulants,10,Prescription Only,Store below 25°C,18,B,N,243.75,315.4,471,1903,308
DRG1969,GuaifenesinPlus 10mg Suppository,Guaifenesin,GuaifenesinPlus,OTC Respiratory,Suppository,10mg,Reckitt Benckiser Nigeria,Respiratory/Antitussives,24,OTC,Store below 25°C,24,C,N,384.87,582.06,352,1085,191
DRG1970,Carbamazepine Junior 2.5mg Suppository,Carbamazepine,Carbamazepine Junior,Prescription CNS,Suppository,2.5mg,Marbis Pharmaceuticals,Antidepressants/CNS,5,Prescription Only,Store in a cool dry place,24,B,V,119.06,186.71,121,466,81
DRG1971,Magnesium 5mg Cream,Magnesium Trisilicate,Magnesium,OTC Gastro,Cream,5mg,Novartis Nigeria,Antacids/Antiulcerants,30,Prescription Only,Store in a cool dry place,12,B,N,102.65,162.31,312,953,215
DRG1972,AzithromycinMax 10mg Injection,Azithromycin,AzithromycinMax,Prescription Antimicrobials,Injection,10mg,Emzor Pharmaceuticals,Antibiotics,100,Prescription Only,Protect from light,48,B,E,48.79,63.82,371,1063,204
DRG1973,AtorvastatinForte 5mg Cream,Atorvastatin,AtorvastatinForte,Chronic Disease Management,Cream,5mg,Bioraj Pharmaceuticals,Cardiovascular,30,Prescription Only,Protect from light,12,B,N,78.59,123.87,271,1065,122
DRG1974,IbuprofenExtra 1% Inhaler,Ibuprofen,IbuprofenExtra,OTC Pain Relief,Inhaler,1%,Pfizer Nigeria,Analgesics,60,Prescription Only,Store below 25°C,24,C,E,56.49,66.12,126,622,75
DRG1975,Esomeprazole 250mg Suspension,Esomeprazole,Esomeprazole,OTC Gastro,Suspension,250mg,Bond Chemical Industries,Antacids/Antiulcerants,30,Prescription Only,Protect from light,36,C,N,66.56,78.2,111,343,76
DRG1976,Metoclopramide Junior 50mg Capsule,Metoclopramide,Metoclopramide Junior,OTC Gastro,Capsule,50mg,Juhel Nigeria Limited,Antiemetics,20,OTC,Store below 25°C,60,A,E,384.48,562.02,206,697,136
DRG1977,GlibenclamideGold 500mg Syrup,Glibenclamide,GlibenclamideGold,Chronic Disease Management,Syrup,500mg,GlaxoSmithKline Nigeria,Antidiabetics,1,OTC,"Store below 30°C, away from moisture",12,A,E,91.23,107.79,343,1077,225
DRG1978,AtenololForte 500mg Capsule,Atenolol,AtenololForte,Chronic Disease Management,Capsule,500mg,Reckitt Benckiser Nigeria,Antihypertensives,100,OTC,"Store below 30°C, away from moisture",18,C,V,52.74,69.21,174,550,118
DRG1979,CiprofloxacinPlus 5mg Eye Drops,Ciprofloxacin,CiprofloxacinPlus,Prescription Antimicrobials,Eye Drops,5mg,Marbis Pharmaceuticals,Antibiotics,60,Prescription Only,Protect from light,36,B,E,245.84,365.41,278,975,185
DRG1980,MultivitaminGold 20mg Tablet,Multivitamin,MultivitaminGold,Wellness/Supplements,Tablet,20mg,Marbis Pharmaceuticals,Vitamins & Supplements,30,OTC,Refrigerate 2-8°C,18,C,N,171.92,226.7,389,1655,246
DRG1981,AmitriptylineExtra 20mg/ml Eye Drops,Amitriptyline,AmitriptylineExtra,Prescription CNS,Eye Drops,20mg/ml,Novartis Nigeria,Antidepressants/CNS,50,Prescription Only,Store below 25°C,18,A,N,179.55,222.61,210,545,129
DRG1982,AcyclovirForte 250mg Injection,Acyclovir,AcyclovirForte,Prescription Antimicrobials,Injection,250mg,GlaxoSmithKline Nigeria,Antivirals,5,Prescription Only,Protect from light,18,C,E,37.34,48.19,78,381,37
DRG1983,Atorvastatin-D 5mg Syrup,Atorvastatin,Atorvastatin-D,Chronic Disease Management,Syrup,5mg,Nemel Pharmaceuticals,Cardiovascular,50,OTC,Store below 25°C,48,C,V,413.24,569.77,163,426,95
DRG1984,Magnesium DS 0.5% Capsule,Magnesium Trisilicate,Magnesium DS,OTC Gastro,Capsule,0.50%,Evans Medical Plc,Antacids/Antiulcerants,10,Prescription Only,"Store below 30°C, away from moisture",60,C,N,61.23,84.97,128,602,71
DRG1985,ClopidogrelExtra 5mg/ml Inhaler,Clopidogrel,ClopidogrelExtra,Chronic Disease Management,Inhaler,5mg/ml,Evans Medical Plc,Anticoagulants,10,Prescription Only,"Store below 30°C, away from moisture",36,A,N,148.86,229.47,72,340,47
DRG1986,LisinoprilGold 1g Ointment,Lisinopril,LisinoprilGold,Chronic Disease Management,Ointment,1g,Bond Chemical Industries,Antihypertensives,5,OTC,Refrigerate 2-8°C,36,B,N,711.16,1084.57,155,590,84
DRG1987,AcyclovirPlus 500mg Injection,Acyclovir,AcyclovirPlus,Prescription Antimicrobials,Injection,500mg,Juhel Nigeria Limited,Antivirals,24,OTC,Store in a cool dry place,12,B,N,501.22,690.89,180,511,78
DRG1988,HydrocortisoneExtra 10mg Eye Drops,Hydrocortisone Cream,HydrocortisoneExtra,OTC Skincare,Eye Drops,10mg,Evans Medical Plc,Dermatologicals,5,OTC,Store below 25°C,18,B,N,50.54,79.49,406,1588,163
DRG1989,Tetracycline Junior 100mg/5ml Capsule,Tetracycline Eye Ointment,Tetracycline Junior,OTC Eye Care,Capsule,100mg/5ml,Fidson Healthcare,Ophthalmics,100,Prescription Only,Store below 25°C,36,B,E,42.88,51.76,222,903,133
DRG1990,MultivitaminMax 20mg/ml Suppository,Multivitamin,MultivitaminMax,Wellness/Supplements,Suppository,20mg/ml,Swiss Pharma Nigeria,Vitamins & Supplements,20,OTC,Refrigerate 2-8°C,18,A,N,258.23,329.93,313,1453,176
DRG1991,IbuprofenMax 10mg Tablet,Ibuprofen,IbuprofenMax,OTC Pain Relief,Tablet,10mg,Sanofi Nigeria,Analgesics,10,OTC,Protect from light,24,C,E,92.93,145.34,391,1516,195
DRG1992,Praziquantel Junior 100mg/5ml Cream,Praziquantel,Praziquantel Junior,OTC/Prescription Antiparasitic,Cream,100mg/5ml,Nemel Pharmaceuticals,Antiparasitics,50,Prescription Only,Refrigerate 2-8°C,36,C,N,63.09,84.48,422,1488,190
DRG1993,Clopidogrel-D 100mg/5ml Injection,Clopidogrel,Clopidogrel-D,Chronic Disease Management,Injection,100mg/5ml,Evans Medical Plc,Anticoagulants,24,Controlled,Refrigerate 2-8°C,36,B,N,131.62,215.93,334,1534,180
DRG1994,Lisinopril Junior 250mg Ointment,Lisinopril,Lisinopril Junior,Chronic Disease Management,Ointment,250mg,Bond Chemical Industries,Antihypertensives,20,OTC,Store below 25°C,12,A,V,76.39,105.66,51,252,21
DRG1995,LevonorgestrelGold 0.5% Tablet,Levonorgestrel,LevonorgestrelGold,Family Planning,Tablet,0.50%,Fidson Healthcare,Contraceptives,100,Prescription Only,Store below 25°C,36,C,E,140.09,216.57,282,1159,141
DRG1996,Ivermectin Junior 100mg/5ml Syrup,Ivermectin,Ivermectin Junior,OTC/Prescription Antiparasitic,Syrup,100mg/5ml,May & Baker Nigeria,Antiparasitics,5,OTC,Store below 25°C,48,B,V,88.38,119.41,418,1958,214
DRG1997,LosartanForte 50mg Syrup,Losartan,LosartanForte,Chronic Disease Management,Syrup,50mg,Bioraj Pharmaceuticals,Antihypertensives,10,Prescription Only,Store below 25°C,24,C,V,142.44,194.07,300,1199,161
DRG1998,CefuroximeGold 250mg Suppository,Cefuroxime,CefuroximeGold,Prescription Antimicrobials,Suppository,250mg,May & Baker Nigeria,Antibiotics,100,OTC,"Store below 30°C, away from moisture",12,B,E,52.32,70.18,483,2040,260
DRG1999,PiroxicamForte 20mg Tablet,Piroxicam,PiroxicamForte,OTC Pain Relief,Tablet,20mg,Ranbaxy Nigeria,NSAIDs,60,Controlled,Refrigerate 2-8°C,36,A,N,256.89,387.79,370,1561,176
DRG2000,AcyclovirExtra 1% Capsule,Acyclovir,AcyclovirExtra,Prescription Antimicrobials,Capsule,1%,Sun Pharmaceuticals Nigeria,Antivirals,30,OTC,Protect from light,36,B,V,139.69,198.88,157,669,102
